FirstName,LastName,FullName,Bib,AgeGroup,Gender,City,State,Country,CountryISO,SwimTime,BikeTime,RunTime,T1Time,T2Time,FinishTime,SwimSeconds,BikeSeconds,RunSeconds,T1Seconds,T2Seconds,FinishSeconds,OverallRank,GenderRank,AgeGroupRank,SwimRankOverall,SwimRankGender,SwimRankGroup,BikeRankOverall,BikeRankGender,BikeRankGroup,RunRankOverall,RunRankGender,RunRankGroup,Status,Points
Max,Neumann,Max Neumann,6,MPRO,Male,La Massana,,Australia,AU,0:45:43,4:33:24,2:50:06,,,8:13:09,2743,16404,10206,98,137,29589,1,1,1,2,2,2,2,2,2,1,1,1,Finisher,5000
Tim,Van Berkel,Tim Van Berkel,3,MPRO,Male,Cumbalum,AU-NSW,Australia,AU,0:47:47,4:31:05,2:53:26,,,8:15:58,2867,16265,10406,114,106,29758,2,2,2,5,5,5,3,3,3,2,2,2,Finisher,4966
Josh,Amberger,Josh Amberger,1,MPRO,Male,Everton Hills,AU-QLD,Australia,AU,0:45:42,4:31:58,2:57:47,,,8:18:39,2742,16318,10667,91,100,29919,3,3,3,1,1,1,1,1,1,3,3,3,Finisher,4934
Timothy,Reed,Timothy Reed,2,MPRO,Male,Lennox Head,NSW,Australia,AU,0:47:52,4:31:06,3:08:47,,,8:31:41,2872,16266,11327,116,119,30701,4,4,4,7,7,6,5,5,5,4,4,4,Finisher,4777
Scott,Bayvel,Scott Bayvel,9,MPRO,Male,Gauteng,,South Africa,ZA,0:49:37,4:29:31,3:08:53,,,8:32:34,2977,16171,11333,105,169,30754,5,5,5,8,8,7,4,4,4,5,5,5,Finisher,4767
Simon,Hearn,Simon Hearn,12,MPRO,Male,Warana,QLD,Australia,AU,0:47:44,4:46:26,3:12:52,,,8:51:20,2864,17186,11572,85,174,31880,6,6,6,4,4,4,7,7,7,6,6,6,Finisher,4541
Alexander,Polizzi,Alexander Polizzi,7,MPRO,Male,Coolum Beach,QLD,Australia,AU,0:45:45,4:36:50,3:28:49,,,8:55:59,2745,16610,12529,99,176,32159,7,7,7,3,3,3,6,6,6,7,7,7,Finisher,4486
Tim,Ballintine,Tim Ballintine,130,M35-39,Male,Yaroomba,QLD,Australia,AU,0:52:13,4:57:22,3:05:27,,,9:00:49,3133,17842,11127,160,188,32449,8,8,1,9,9,1,9,9,1,8,8,1,Finisher,5000
Brodie,Gardner,Brodie Gardner,11,MPRO,Male,Warana,QLD,Australia,AU,0:55:03,4:49:19,3:13:17,,,9:01:37,3303,17359,11597,96,142,32497,9,9,8,19,16,8,8,8,8,9,9,8,Finisher,4418
Ryan,Miller,Ryan Miller,112,M40-44,Male,Noosa Heads,QLD,Australia,AU,1:01:13,4:52:10,3:05:52,,,9:03:54,3673,17530,11152,119,161,32634,10,10,1,45,41,6,11,11,1,10,10,1,Finisher,5000
Damien,Collins,Damien Collins,10,MPRO,Male,,QLD,Australia,AU,0:57:56,4:56:29,3:12:41,,,9:12:43,3476,17789,11561,137,201,33163,11,11,9,25,21,9,12,12,9,11,11,9,Finisher,4285
Michael,Lewandowski,Michael Lewandowski,175,M30-34,Male,Wynnum,QLD,Australia,AU,0:47:52,5:03:31,3:19:55,,,9:16:48,2872,18211,11995,197,132,33408,12,12,1,6,6,1,10,10,1,12,12,1,Finisher,5000
Amelia,Watkinson,Amelia Watkinson,34,FPRO,Female,Coolum Beach,AU-QLD,New Zealand,NZ,0:53:16,5:01:48,3:22:03,,,9:20:39,3196,18108,12123,105,107,33639,13,1,1,12,1,1,13,1,1,13,1,1,Finisher,5000
Sarah,Crowley,Sarah Crowley,31,FPRO,Female,Teneriffe,QLD,Australia,AU,0:53:19,5:01:52,3:23:23,,,9:22:04,3199,18112,12203,121,88,33724,14,2,2,13,2,2,15,3,3,14,2,2,Finisher,4983
Renee,Kiley,Renee Kiley,38,FPRO,Female,Narrandera,NSW,Australia,AU,0:54:06,5:00:58,3:24:06,,,9:23:57,3246,18058,12246,114,173,33837,15,3,3,15,3,3,14,2,2,15,3,3,Finisher,4960
Kylie,Simpson,Kylie Simpson,36,FPRO,Female,New Farm,AU-QLD,Australia,AU,1:07:20,5:17:39,2:57:07,,,9:27:22,4040,19059,10627,166,151,34042,16,4,4,85,11,6,32,6,6,16,4,4,Finisher,4919
Meredith,Hill,Meredith Hill,35,FPRO,Female,Peregian Beach,QLD,Australia,AU,0:56:54,5:12:38,3:21:12,,,9:36:07,3414,18758,12072,125,198,34567,17,5,5,21,4,4,20,4,4,17,5,5,Finisher,4814
Campbell,Schmidt,Campbell Schmidt,238,M30-34,Male,Annerley,QLD,Australia,AU,0:58:29,5:10:22,3:25:43,,,9:40:11,3509,18622,12343,180,156,34811,18,13,2,26,22,3,21,17,2,18,13,2,Finisher,4719
Kent,Cross,Kent Cross,206,M25-29,Male,redland bay,QLD,Australia,AU,1:00:22,5:15:43,3:17:22,,,9:40:20,3622,18943,11842,241,173,34820,19,14,1,40,36,3,25,21,1,19,14,1,Finisher,5000
Steve,Ledger,Steve Ledger,136,M35-39,Male,Hemmant,AU-QLD,Australia,AU,1:12:06,4:50:11,3:33:28,,,9:45:43,4326,17411,12808,322,277,35143,20,15,2,129,111,22,16,13,2,20,15,2,Finisher,4461
Michael,Mcevoy,Michael Mcevoy,111,M40-44,Male,Nudgee,QLD,Australia,AU,0:55:53,5:11:23,3:32:55,,,9:45:50,3353,18683,12775,154,185,35150,21,16,2,20,17,3,18,15,3,21,16,2,Finisher,4496
Matt,Von Bibra,Matt Von Bibra,113,M40-44,Male,"Wynnum North, Brisbane",QLD,Australia,AU,0:59:30,5:06:05,3:34:59,,,9:46:38,3570,18365,12899,163,201,35198,22,17,3,29,25,4,17,14,2,22,17,3,Finisher,4487
Beth,Mckenzie,Beth Mckenzie,32,FPRO,Female,Sunshine Beach,QLD,United States,US,1:01:18,5:21:14,3:20:12,,,9:46:49,3678,19274,12012,107,137,35209,23,6,6,46,5,5,27,5,5,23,6,6,Finisher,4686
Matthew,Thompson,Matthew Thompson,107,M35-39,Male,,QLD,Australia,AU,0:59:59,5:37:36,3:09:42,,,9:54:55,3599,20256,11382,154,304,35695,24,18,3,35,31,8,46,40,11,24,18,3,Finisher,4350
Kent,Ohori,Kent Ohori,375,M25-29,Male,Kedron Brisbane,QLD,Australia,AU,1:00:06,5:18:08,3:30:59,,,9:57:19,3606,19088,12659,322,165,35839,25,19,2,37,33,2,26,22,2,25,19,2,Finisher,4796
Aaron,Ashdown,Aaron Ashdown,103,M35-39,Male,Tallebudgera,QLD,Australia,AU,0:54:40,5:10:17,3:44:11,,,9:57:32,3280,18617,13451,322,183,35852,26,20,4,16,13,2,19,16,3,26,20,4,Finisher,4319
Anthony,Vloedmans,Anthony Vloedmans,241,M30-34,Male,Narangba,QLD,Australia,AU,1:04:01,5:16:54,3:33:49,,,10:02:27,3841,19014,12829,257,205,36147,27,21,3,59,54,6,29,24,3,27,21,3,Finisher,4452
Geoff,Miller,Geoff Miller,119,M50-54,Male,Grange,AU-QLD,Australia,AU,1:01:29,5:14:23,3:44:26,,,10:08:03,3689,18863,13466,211,254,36483,28,22,1,47,42,4,24,20,1,28,22,1,Finisher,5000
Glenn,Barltrop,Glenn Barltrop,131,M35-39,Male,Ferny Hills,QLD,Australia,AU,0:59:27,5:24:24,3:40:19,,,10:09:43,3567,19464,13219,135,197,36583,29,23,5,28,24,5,30,25,5,29,23,5,Finisher,4173
Matt,Fallon,Matt Fallon,132,M35-39,Male,Mawson Lakes,SA,Australia,AU,0:59:55,5:21:42,3:44:34,,,10:12:35,3595,19302,13474,181,202,36755,30,24,6,34,30,7,28,23,4,30,24,6,Finisher,4138
Aaron,Lean,Aaron Lean,146,M40-44,Male,Albion,QLD,Australia,AU,0:55:02,5:19:20,4:00:04,,,10:20:16,3302,19160,14404,182,167,37216,31,25,4,18,15,2,23,19,4,31,25,4,Finisher,4083
Mark,Rohde,Mark Rohde,118,M45-49,Male,Aspley,QLD,Australia,AU,1:07:58,5:31:00,3:33:56,,,10:21:35,4078,19860,12836,322,199,37295,32,26,1,92,81,6,55,49,3,32,26,1,Finisher,5000
Marshall,Scott,Marshall Scott,153,M45-49,Male,Belmont,AU-QLD,Australia,AU,1:00:40,5:13:08,4:02:01,,,10:21:39,3640,18788,14521,168,181,37299,33,27,2,42,38,2,22,18,1,33,27,2,Finisher,4999
Mattia,Anesa,Mattia Anesa,378,M35-39,Male,Beaconsfield,NSW,Italy,IT,0:59:19,5:30:17,3:46:37,,,10:24:12,3559,19817,13597,192,287,37452,34,28,7,27,23,4,36,30,7,34,28,7,Finisher,3999
Rhys,Jones,Rhys Jones,101,M30-34,Male,Koongal,QLD,Australia,AU,1:02:24,5:22:00,3:51:11,,,10:25:41,3744,19320,13871,322,285,37541,35,29,4,54,49,5,34,28,4,35,29,4,Finisher,4173
Shaun,Richardson,Shaun Richardson,260,M35-39,Male,Sunshine Beach,QLD,South Africa,ZA,1:06:23,5:28:09,3:47:35,,,10:27:35,3983,19689,13655,162,167,37655,36,30,8,73,66,14,43,37,10,36,30,8,Finisher,3958
Allan,Thomas,Allan Thomas,163,M50-54,Male,Ethelton,SA,Australia,AU,1:06:52,5:37:03,3:36:55,,,10:27:40,4012,20223,13015,181,229,37660,37,31,2,81,71,6,56,50,3,37,31,2,Finisher,4764
Paul,O'shea,Paul O'shea,318,M45-49,Male,"Palm Beach, Gold Coast",QLD,Australia,AU,0:53:07,5:31:10,3:58:50,,,10:29:13,3187,19870,14330,182,184,37753,38,32,3,11,11,1,31,26,2,38,32,3,Finisher,4908
Colin,Lewis,Colin Lewis,282,M40-44,Male,Grafton,AU-NSW,Australia,AU,1:14:44,5:30:51,3:38:09,,,10:30:13,4484,19851,13089,196,193,37813,39,33,5,152,132,26,57,51,7,39,33,5,Finisher,3964
David,Jouy,David Jouy,379,M35-39,Male,Tewantin,QLD,France,FR,1:04:30,5:34:27,3:43:05,,,10:30:40,3870,20067,13385,291,226,37840,40,34,9,61,56,11,54,48,14,40,34,9,Finisher,3921
Nick,Kenny,Nick Kenny,252,M35-39,Male,Cairns North,QLD,Australia,AU,1:08:20,5:31:57,3:43:36,,,10:31:34,4100,19917,13416,178,283,37894,41,35,10,94,82,19,52,46,13,41,35,10,Finisher,3911
Leigh,Gunn,Leigh Gunn,144,M40-44,Male,Noosaville,QLD,Philippines,PH,1:04:34,5:19:13,4:05:40,,,10:39:38,3874,19153,14740,322,289,38378,42,36,6,62,57,11,33,27,5,42,36,6,Finisher,3851
Tristan,Taylor,Tristan Taylor,264,M35-39,Male,New Farm,QLD,Australia,AU,1:06:44,5:21:27,4:05:37,,,10:40:34,4004,19287,14737,226,181,38434,43,37,11,79,69,16,35,29,6,43,37,11,Finisher,3803
Trent,Harding,Trent Harding,229,M30-34,Male,Gold coast,QLD,Australia,AU,0:52:55,5:43:52,3:57:28,,,10:44:09,3175,20632,14248,271,324,38649,44,38,5,10,10,2,49,43,6,44,38,5,Finisher,3951
Ryley,Kleinschmidt,Ryley Kleinschmidt,231,M30-34,Male,Kenmore,QLD,Australia,AU,0:59:33,5:30:58,4:07:58,,,10:44:48,3573,19858,14878,191,189,38688,45,39,6,30,26,4,38,32,5,45,39,6,Finisher,3944
Nathan,Josefski,Nathan Josefski,209,M25-29,Male,Flinders View,QLD,Australia,AU,1:02:08,5:36:26,4:00:51,,,10:46:05,3728,20186,14451,191,209,38765,46,40,3,52,47,4,50,44,4,46,40,3,Finisher,4211
Mikey,Fuduric,Mikey Fuduric,182,M40-44,Male,,QLD,Australia,AU,1:06:11,5:40:42,3:49:34,,,10:46:37,3971,20442,13774,270,340,38797,47,41,7,70,64,12,63,57,10,47,41,7,Finisher,3767
Adam,Hunt,Adam Hunt,115,M45-49,Male,Golden Grove,AU-SA,Australia,AU,1:06:04,5:50:52,3:43:42,,,10:48:20,3964,21052,13422,224,240,38900,48,42,4,69,63,5,77,70,5,48,42,4,Finisher,4679
Simon,Hempel,Simon Hempel,184,M40-44,Male,Chelmer,QLD,Australia,AU,1:22:29,5:33:00,3:44:52,,,10:49:23,4949,19980,13492,274,269,38963,49,43,8,195,167,36,75,68,14,49,43,8,Finisher,3734
Michael,Henly,Michael Henly,199,M18-24,Male,ABERFOYLE PARK,SA,Australia,AU,1:04:04,5:45:22,3:54:37,,,10:50:53,3844,20722,14077,164,246,39053,50,44,1,60,55,3,65,59,2,50,44,1,Finisher,5000
Sarah,Thomas,Sarah Thomas,411,F35-39,Female,Whitfield,AU-QLD,United Kingdom,GB,1:08:23,5:50:17,3:48:02,,,10:51:11,4103,21017,13682,172,98,39071,51,7,1,95,13,3,79,8,1,51,7,1,Finisher,5000
Perry,Nation,Perry Nation,363,M60-64,Male,Toowong,QLD,Australia,AU,0:54:42,5:37:34,4:10:33,,,10:51:21,3282,20254,15033,214,297,39081,52,45,1,17,14,1,41,35,1,52,45,1,Finisher,5000
Michael,Gardiner,Michael Gardiner,133,M35-39,Male,,QLD,Australia,AU,1:00:03,5:48:59,3:51:58,,,10:51:50,3603,20939,13918,247,402,39110,53,46,12,36,32,9,67,60,15,53,46,12,Finisher,3667
Mark,Raphael,Mark Raphael,389,M50-54,Male,Rosslyn Park,SA,Australia,AU,1:11:38,5:38:03,3:52:42,,,10:51:58,4298,20283,13962,322,254,39118,54,47,3,123,105,13,68,61,4,54,47,3,Finisher,4473
Tim,Waldon,Tim Waldon,265,M35-39,Male,,QLD,Australia,AU,1:13:18,5:22:22,4:06:00,,,10:52:22,4398,19342,14760,322,320,39142,55,48,13,136,116,24,47,41,12,55,48,13,Finisher,3661
John,Nelson,John Nelson,117,M45-49,Male,Burleigh Waters,QLD,Australia,AU,1:14:31,5:28:59,4:01:30,,,10:53:24,4471,19739,14490,322,183,39204,56,49,5,149,129,13,58,52,4,56,49,5,Finisher,4618
Deanna,Fuller,Deanna Fuller,417,F40-44,Female,Hendra,QLD,United States,US,1:05:42,5:41:42,4:07:30,,,11:03:16,3942,20502,14850,295,207,39796,57,8,1,67,6,1,66,7,1,57,8,1,Finisher,5000
Croyden,Wheeler,Croyden Wheeler,176,M30-34,Male,Turangi,WKO,New Zealand,NZ,1:14:25,5:51:46,3:43:29,,,11:04:21,4465,21106,13409,414,467,39861,58,50,7,146,126,12,94,86,8,58,50,7,Finisher,3709
Rodney,Howard,Rodney Howard,159,M50-54,Male,Ilkley,AU-QLD,Australia,AU,1:15:41,5:36:21,4:05:09,,,11:06:04,4541,20181,14709,240,294,39964,59,51,4,158,138,17,70,63,6,59,51,4,Finisher,4303
Toby,Somerville,Toby Somerville,170,M60-64,Male,Manly,AU-QLD,Australia,AU,1:01:59,5:36:21,4:20:48,,,11:06:22,3719,20181,15648,173,260,39982,60,52,2,51,46,2,48,42,2,60,52,2,Finisher,4819
Adriano,Pavia,Adriano Pavia,138,M35-39,Male,ROYAL PARK,AU-SA,Australia,AU,1:05:01,5:56:18,3:55:50,,,11:07:45,3901,21378,14150,322,315,40065,61,53,14,64,59,13,83,75,17,61,53,14,Finisher,3476
Stephen,Kettley,Stephen Kettley,394,M40-44,Male,Jimboomba,QLD,Australia,AU,1:14:55,5:52:55,3:49:38,,,11:09:08,4495,21175,13778,322,379,40148,62,54,9,153,133,27,95,87,21,62,54,9,Finisher,3497
Deepak,Raj,Deepak Raj,294,M40-44,Male,Indooroopilly,QLD,India,IN,1:13:27,5:59:00,3:43:48,,,11:10:40,4407,21540,13428,324,541,40240,63,55,10,138,118,23,107,97,24,63,55,10,Finisher,3478
Sam,Michel,Sam Michel,211,M25-29,Male,Annerley,QLD,Australia,AU,1:05:12,5:40:06,4:15:05,,,11:12:11,3912,20406,15305,376,331,40331,64,56,4,66,61,6,64,58,7,64,56,4,Finisher,3897
Shaun,Feuerriegel,Shaun Feuerriegel,248,M35-39,Male,Clontarf,QLD,Australia,AU,1:06:57,5:46:38,4:15:30,,,11:15:52,4017,20798,15330,194,213,40552,65,57,15,83,73,17,71,64,16,65,57,15,Finisher,3379
Simon,Watt,Simon Watt,218,M25-29,Male,,QLD,Australia,AU,1:10:10,5:28:18,4:24:41,,,11:16:04,4210,19698,15881,312,463,40564,66,58,5,112,95,8,53,47,5,66,58,5,Finisher,3851
Mark,Brownhill,Mark Brownhill,109,M40-44,Male,Joyner,QLD,Australia,AU,1:11:29,5:41:59,4:17:33,,,11:17:50,4289,20519,15453,242,167,40670,67,59,11,122,104,19,72,65,11,67,59,11,Finisher,3392
Noel,Garciano,Noel Garciano,110,M40-44,Male,mackay,QLD,Australia,AU,1:14:04,5:39:59,4:18:04,,,11:20:07,4444,20399,15484,261,220,40807,68,60,12,142,122,24,73,66,12,68,60,12,Finisher,3365
Ashley,Lawrence,Ashley Lawrence,160,M50-54,Male,Mount Cotton,QLD,Australia,AU,1:17:15,5:47:11,4:04:57,,,11:21:39,4635,20831,14697,370,367,40899,69,61,5,168,146,21,89,81,7,69,61,5,Finisher,4116
Olly,Poole,Olly Poole,213,M25-29,Male,Reading,Berkshire,United Kingdom,GB,0:57:11,5:35:51,4:43:16,,,11:28:05,3431,20151,16996,310,397,41285,70,62,6,22,18,1,44,38,3,70,62,6,Finisher,3707
Martin,Schett,Martin Schett,193,M50-54,Male,kallangur,QLD,Australia,AU,1:11:51,6:01:32,4:06:15,,,11:29:21,4311,21692,14775,312,270,41361,71,63,6,126,108,15,109,99,11,71,63,6,Finisher,4024
Liberty,Baird,Liberty Baird,221,M30-34,Male,Arana Hills,AU-QLD,Australia,AU,1:14:20,6:06:47,3:56:03,,,11:30:19,4460,22007,14163,402,388,41419,72,64,8,144,124,11,130,114,12,72,64,8,Finisher,3397
Sarah,Ryan,Sarah Ryan,439,F35-39,Female,Buderim,QLD,Australia,AU,1:08:00,6:10:43,4:06:01,,,11:31:38,4080,22243,14761,203,210,41498,73,9,2,93,12,2,117,14,4,73,9,2,Finisher,4514
Miguel,Tovar,Miguel Tovar,154,M45-49,Male,Cannon Hill,AU-QLD,Venezuela,VE,1:17:47,6:02:39,3:57:31,,,11:32:06,4667,21759,14251,403,446,41526,74,65,6,173,150,15,127,111,9,74,65,6,Finisher,4153
Bradley,Heard,Bradley Heard,104,M35-39,Male,Ballina,NSW,Australia,AU,1:11:21,5:52:22,4:19:13,,,11:33:01,4281,21142,15553,294,311,41581,75,66,16,120,102,21,87,79,18,75,66,16,Finisher,3173
Darren,Hinds,Darren Hinds,121,M55-59,Male,,QLD,Australia,AU,1:00:08,5:38:04,4:46:04,,,11:34:11,3608,20284,17164,301,295,41651,76,67,1,38,34,1,51,45,1,76,67,1,Finisher,5000
Christian,Campbell,Christian Campbell,383,M45-49,Male,Brisbane ,AU-QLD,Australia,AU,1:09:23,5:47:05,4:29:46,,,11:35:15,4163,20825,16186,283,258,41715,77,68,7,105,91,7,78,71,6,77,68,7,Finisher,4116
Kal,Playford,Kal Playford,258,M35-39,Male,Indooroopilly,QLD,Australia,AU,0:57:53,5:34:59,4:55:56,,,11:35:41,3473,20099,17756,208,205,41741,78,69,17,24,20,3,42,36,9,78,69,17,Finisher,3141
Scott,Mcmullen,Scott Mcmullen,287,M40-44,Male,Tugun,QLD,Australia,AU,0:59:40,5:32:12,4:54:03,,,11:37:02,3580,19932,17643,211,456,41822,79,70,13,31,27,5,40,34,6,79,70,13,Finisher,3162
Shridevi,Vasudeva,Shridevi Vasudeva,449,F30-34,Female,Peregian beach,QLD,Australia,AU,1:06:15,6:04:39,4:19:13,,,11:37:20,3975,21879,15553,258,175,41840,80,10,1,71,7,1,102,10,1,80,10,1,Finisher,5000
Stephen,Glowrey,Stephen Glowrey,183,M40-44,Male,Flynn,AU-ACT,Australia,AU,1:06:55,6:02:00,4:16:13,,,11:38:10,4015,21720,15373,322,461,41890,81,71,14,82,72,14,99,90,22,81,71,14,Finisher,3148
Dan,Casey,Dan Casey,156,M50-54,Male,Hendra,QLD,Australia,AU,1:14:28,5:18:20,4:52:40,,,11:39:12,4468,19100,17560,405,419,41952,82,72,7,148,128,16,45,39,2,82,72,7,Finisher,3906
Joshua,Brock,Joshua Brock,202,M25-29,Male,Palwmoods,QLD,Australia,AU,1:02:15,5:42:14,4:46:22,,,11:41:02,3735,20534,17182,280,330,42062,83,73,7,53,48,5,60,54,6,83,73,7,Finisher,3551
Claire,Ferguson,Claire Ferguson,436,F35-39,Female,WEst End,QLD,Australia,AU,1:06:43,6:03:22,4:24:31,,,11:41:18,4003,21802,15871,230,171,42078,84,11,3,78,10,1,98,9,2,84,11,3,Finisher,4398
Rachel,Matthews,Rachel Matthews,418,F45-49,Female,Clifton Beach,QLD,Australia,AU,1:06:34,6:08:59,4:18:28,,,11:42:18,3994,22139,15508,274,224,42138,85,12,1,74,8,1,112,12,2,85,12,1,Finisher,5000
Terrance,Britt,Terrance Britt,271,M40-44,Male,Capalaba,QLD,Australia,AU,1:01:52,5:53:24,4:36:11,,,11:43:04,3712,21204,16571,214,483,42184,86,74,15,49,44,8,74,67,13,86,74,15,Finisher,3090
Bianca,Cairns,Bianca Cairns,434,F35-39,Female,Pomona,AU-QLD,Australia,AU,1:09:49,6:05:21,4:20:27,,,11:43:47,4189,21921,15627,322,168,42227,87,13,4,111,17,4,113,13,3,87,13,4,Finisher,4368
Andrew,Keegan,Andrew Keegan,145,M40-44,Male,Forster,AU-NSW,Australia,AU,0:53:21,5:55:03,4:46:09,,,11:44:37,3201,21303,17169,175,428,42277,88,75,16,14,12,1,62,56,9,88,75,16,Finisher,3071
James,Bailey,James Bailey,197,M18-24,Male,,QLD,Australia,AU,1:01:03,5:59:01,4:36:00,,,11:46:41,3663,21541,16560,322,316,42401,89,76,2,44,40,2,81,73,3,89,76,2,Finisher,4330
Morgan,Billings,Morgan Billings,177,M35-39,Male,Elanora,QLD,Australia,AU,1:13:38,5:56:43,4:20:44,,,11:47:37,4418,21403,15644,540,451,42457,90,77,18,139,119,25,111,100,21,90,77,18,Finisher,2998
Matthew,Wood,Matthew Wood,219,M25-29,Male,Mountain Creek,QLD,United Kingdom,GB,1:14:15,5:54:42,4:25:34,,,11:47:46,4455,21282,15934,386,408,42466,91,78,8,143,123,10,103,93,8,91,78,8,Finisher,3470
Neill,King,Neill King,387,M50-54,Male,Bridgeman Downs,QLD,Australia,AU,1:07:35,6:04:19,4:25:29,,,11:47:59,4055,21859,15929,289,347,42479,92,79,8,88,77,9,106,96,9,92,79,8,Finisher,3800
Luke,Williams,Luke Williams,189,M45-49,Male,mackay,QLD,Australia,AU,1:11:28,5:52:52,4:31:53,,,11:48:39,4288,21172,16313,411,334,42519,93,80,8,121,103,10,91,83,7,93,80,8,Finisher,3955
Joshua,Hill,Joshua Hill,376,M30-34,Male,Crestmead,QLD,Australia,AU,1:21:35,5:44:12,4:27:23,,,11:49:21,4895,20652,16043,479,492,42561,94,81,9,188,162,14,97,89,9,94,81,9,Finisher,3169
Paul,Munro,Paul Munro,289,M40-44,Male,StKilda,VIC,Australia,AU,1:01:30,5:59:47,4:38:38,,,11:53:37,3690,21587,16718,412,410,42817,95,82,17,48,43,7,85,77,18,95,82,17,Finisher,2963
Darren,Griffiths,Darren Griffiths,333,M50-54,Male,,QLD,Australia,AU,1:19:59,6:20:27,3:57:10,,,11:54:37,4799,22827,14230,558,463,42877,96,83,9,183,158,27,163,145,19,96,83,9,Finisher,3721
Isaac,Roil,Isaac Roil,262,M35-39,Male,Hope Island,QLD,New Zealand,NZ,1:03:17,5:26:32,5:15:34,,,11:55:35,3797,19592,18934,233,380,42935,97,84,19,56,51,10,37,31,8,97,84,19,Finisher,2902
Philip,Stoneman,Philip Stoneman,166,M55-59,Male,BIRKDALE,AU-QLD,Australia,AU,1:11:01,5:46:25,4:48:45,,,11:56:11,4261,20785,17325,322,279,42971,98,85,2,117,99,6,80,72,2,98,85,2,Finisher,4736
Keith,Hentschke,Keith Hentschke,335,M50-54,Male,Stirling,SA,Australia,AU,1:17:58,5:56:30,4:25:43,,,11:56:37,4678,21390,15943,451,535,42997,99,86,10,175,151,23,115,102,12,99,86,10,Finisher,3697
Rob,Forde,Rob Forde,249,M35-39,Male,Miami,QLD,Australia,AU,1:04:39,6:01:47,4:39:33,,,11:56:47,3879,21707,16773,222,426,43007,100,87,20,63,58,12,88,80,19,100,87,20,Finisher,2888
Michelle,Petsky,Michelle Petsky,419,F45-49,Female,Ferny grove,QLD,Australia,AU,1:17:56,6:03:24,4:25:40,,,11:59:01,4676,21804,15940,341,380,43141,101,14,2,174,24,4,126,16,4,101,14,2,Finisher,4799
Mark,Hilmer,Mark Hilmer,185,M40-44,Male,Sandgate,QLD,Australia,AU,1:09:00,5:56:27,4:40:11,,,12:00:27,4140,21387,16811,322,568,43227,102,88,18,101,88,16,90,82,20,102,88,18,Finisher,2881
Michael,Griffin,Michael Griffin,276,M40-44,Male,TARINGA,QLD,Australia,AU,1:16:18,6:19:04,4:13:35,,,12:00:56,4578,22744,15215,434,286,43256,103,89,19,165,144,30,149,132,29,103,89,19,Finisher,2875
Matt,O'Brien,Matt O'Brien,393,M18-24,Male,NOOSA HEADS,QLD,Australia,AU,0:57:32,5:31:38,5:19:23,,,12:01:09,3452,19898,19163,311,444,43269,104,90,3,23,19,1,39,33,1,104,90,3,Finisher,4156
Ben,Richards,Ben Richards,295,M40-44,Male,Crystal Brook,SA,Australia,AU,1:14:24,6:01:09,4:32:30,,,12:04:24,4464,21669,16350,554,427,43464,105,91,20,145,125,25,123,109,26,105,91,20,Finisher,2834
Shannon,Sutton,Shannon Sutton,39,FPRO,Female,Pimpama,QLD,Australia,AU,1:09:36,6:18:00,4:29:03,,,12:05:47,4176,22680,16143,322,227,43547,106,15,7,107,15,7,138,17,7,106,15,7,Finisher,3018
Alexis,Steele,Alexis Steele,298,M40-44,Female,Greenbank,QLD,Australia,AU,1:15:26,6:30:16,4:13:08,,,12:09:23,4526,23416,15188,342,289,43763,107,92,21,157,137,29,165,147,32,107,92,21,Finisher,2774
Warren,Forbes,Warren Forbes,194,M55-59,Male,MORNINGSIDE,AU-QLD,Australia,AU,1:03:18,6:02:51,4:43:37,,,12:10:04,3798,21771,17017,331,887,43804,108,93,3,57,52,2,92,84,3,108,93,3,Finisher,4569
Harry,Mitchell,Harry Mitchell,384,M45-49,Male,Cleveland,QLD,Australia,AU,1:27:39,6:09:35,4:22:51,,,12:10:52,5259,22175,15771,365,282,43852,109,94,9,208,179,21,150,133,13,109,94,9,Finisher,3688
Peter,Mellor,Peter Mellor,380,M35-39,Male,Applecross,WA,Australia,AU,1:14:42,6:21:25,4:22:53,,,12:11:02,4482,22885,15773,310,412,43862,110,95,21,151,131,26,146,129,25,110,95,21,Finisher,2717
Clinton,Millar,Clinton Millar,137,M35-39,Male,Albany Creek,QLD,Australia,AU,1:12:46,6:12:46,4:38:20,,,12:11:31,4366,22366,16700,265,193,43891,111,96,22,133,114,23,134,118,23,111,96,22,Finisher,2711
Aaron,Smith,Aaron Smith,217,M25-29,Male,WYNNUM,AU-QLD,Australia,AU,1:14:34,6:01:54,4:45:54,,,12:12:33,4474,21714,17154,345,267,43953,112,97,9,150,130,12,118,104,9,112,97,9,Finisher,3173
Nigel,Thomas,Nigel Thomas,365,M60-64,Male,Mackay,AU-QLD,Australia,AU,1:08:57,6:00:18,4:49:17,,,12:13:13,4137,21618,17357,419,462,43993,113,98,3,99,86,6,105,95,4,113,98,3,Finisher,4017
Willyam,Fachinelli,Willyam Fachinelli,207,M25-29,Male,South Yarra,VIC,Brazil,BR,1:14:28,6:06:09,4:43:30,,,12:15:25,4468,21969,17010,426,253,44125,114,99,10,147,127,11,129,113,11,114,99,10,Finisher,3139
David,Mcleod,David Mcleod,362,M60-64,Male,West Beach,SA,Australia,AU,1:13:56,6:22:03,4:29:45,,,12:15:57,4436,22923,16185,322,291,44157,115,100,4,141,121,7,147,130,5,115,100,4,Finisher,3984
Clive,Gross,Clive Gross,228,M30-34,Male,Brighton,QLD,Australia,AU,1:15:47,6:05:18,4:46:09,,,12:16:31,4547,21918,17169,268,289,44191,116,101,10,160,140,13,125,110,11,116,101,10,Finisher,2843
Rob,Marks,Rob Marks,284,M40-44,Male,TRINITY BEACH,QLD,Australia,AU,1:12:35,5:57:18,5:00:21,,,12:19:50,4355,21438,18021,282,295,44390,117,102,22,132,113,22,100,91,23,117,102,22,Finisher,2648
Richard,Salmonsen,Richard Salmonsen,263,M35-39,Male,KZN,NL,South Africa,ZA,0:59:41,6:10:51,4:57:58,,,12:20:33,3581,22251,17878,322,401,44433,118,103,23,32,28,6,104,94,20,118,103,23,Finisher,2603
Gary,Grant,Gary Grant,187,M45-49,Male,Brighton,QLD,New Zealand,NZ,1:12:04,6:10:57,4:47:06,,,12:20:51,4324,22257,17226,298,346,44451,119,104,10,127,109,11,132,116,10,119,104,10,Finisher,3568
Andrew,Charles,Andrew Charles,157,M50-54,Male,,NSW,Australia,AU,1:00:21,5:51:44,5:22:12,,,12:21:08,3621,21104,19332,196,214,44468,120,105,11,39,35,2,69,62,5,120,105,11,Finisher,3403
Paul,Banister,Paul Banister,326,M50-54,Male,,QLD,Australia,AU,1:00:37,6:06:03,4:59:13,,,12:21:13,3637,21963,17953,414,507,44473,121,106,12,41,37,3,96,88,8,121,106,12,Finisher,3402
Julie Ann,Dillon,Julie Ann Dillon,426,F45-49,Female,,QLD,Australia,AU,1:16:28,6:03:08,4:56:26,,,12:23:58,4588,21788,17786,322,154,44638,122,16,3,166,22,3,124,15,3,122,16,3,Finisher,4500
Luke,Raffles,Luke Raffles,293,M40-44,Male,Annandale,QLD,Australia,AU,1:06:40,5:48:28,5:20:31,,,12:24:38,4000,20908,19231,322,218,44678,123,107,23,76,67,13,76,69,15,123,107,23,Finisher,2591
Justin,Humber,Justin Humber,381,M40-44,Male,Townsville,QLD,Australia,AU,1:09:22,6:11:34,4:48:28,,,12:24:59,4162,22294,17308,417,519,44699,124,108,24,104,90,17,131,115,27,124,108,24,Finisher,2587
Thomas,Beddome,Thomas Beddome,374,M18-24,Male,Manunda,QLD,Australia,AU,1:30:09,5:49:17,4:58:36,,,12:28:31,5409,20957,17916,284,345,44911,125,109,4,210,180,5,121,107,4,125,109,4,Finisher,3828
Afonso,Ferreira,Afonso Ferreira,382,M40-44,Male,Mermaid beach,QLD,Australia,AU,1:18:48,6:21:00,4:37:47,,,12:30:03,4728,22860,16667,281,467,45003,126,110,25,179,155,34,152,135,30,126,110,25,Finisher,2526
Michael,Kerr,Michael Kerr,337,M50-54,Male,Dicky Beach,QLD,Australia,AU,0:59:55,6:11:48,5:04:57,,,12:30:18,3595,22308,18297,387,431,45018,127,111,13,33,29,1,108,98,10,127,111,13,Finisher,3293
Peter,Mcintyre,Peter Mcintyre,340,M50-54,Male,,QLD,Australia,AU,1:16:08,6:33:36,4:29:15,,,12:31:33,4568,23616,16155,387,366,45093,128,112,14,164,143,20,171,152,22,128,112,14,Finisher,3278
Grant,Mckinlay,Grant Mckinlay,385,M50-54,Male,Burton on Trent,Staffs,United Kingdom,GB,1:05:07,6:19:49,4:54:32,,,12:31:37,3907,22789,17672,288,441,45097,129,113,15,65,60,5,133,117,14,129,113,15,Finisher,3277
Brendan,Miller,Brendan Miller,151,M45-49,Male,East Toowoomba,QLD,Australia,AU,1:00:57,6:06:41,5:13:28,,,12:32:22,3657,22001,18808,268,409,45142,130,114,11,43,39,3,93,85,8,130,114,11,Finisher,3430
Don,Kaiwai,Don Kaiwai,186,M40-44,Male,Heathwood,AU-QLD,New Zealand,NZ,1:18:30,5:44:44,5:21:21,,,12:32:47,4710,20684,19281,302,190,45167,131,115,26,176,152,33,86,78,19,131,115,26,Finisher,2493
Megan,Moa,Megan Moa,420,F50-54,Female,,QLD,Australia,AU,1:12:17,6:35:14,4:35:51,,,12:33:22,4337,23714,16551,322,278,45202,132,17,1,130,19,1,168,19,1,132,17,1,Finisher,5000
Csaba,Toth,Csaba Toth,348,M50-54,Male,Yorkeys Knob,AU-QLD,Australia,AU,1:07:20,6:40:24,4:36:38,,,12:35:59,4040,24024,16598,260,438,45359,133,116,16,86,75,8,167,149,20,133,116,16,Finisher,3224
Ben,Holmes,Ben Holmes,150,M45-49,Male,,QLD,Australia,AU,1:09:47,6:33:37,4:43:58,,,12:37:28,4187,23617,17038,345,261,45448,134,117,12,110,94,8,159,141,14,134,117,12,Finisher,3369
Ian,Donald,Ian Donald,158,M50-54,Male,Ormiston,QLD,Australia,AU,1:11:45,6:15:06,5:01:13,,,12:39:13,4305,22506,18073,242,427,45553,135,118,17,124,106,14,135,119,15,135,118,17,Finisher,3186
Chris,Graham,Chris Graham,227,M30-34,Male,Gulliver,QLD,Australia,AU,1:09:27,6:07:27,5:08:12,,,12:39:14,4167,22047,18492,440,407,45554,136,119,11,106,92,9,122,108,10,136,119,11,Finisher,2570
Rinus,Verhamme,Rinus Verhamme,200,M18-24,Male,Lesmurdie,,Belgium,BE,1:13:55,6:23:50,4:45:37,,,12:40:20,4435,23030,17137,647,370,45620,137,120,5,140,120,4,158,140,5,137,120,5,Finisher,3686
Tony,Young,Tony Young,155,M45-49,Male,Tinana,AU-QLD,Australia,AU,1:13:13,6:12:18,5:03:46,,,12:40:42,4393,22338,18226,337,348,45642,138,121,13,134,115,12,136,120,11,138,121,13,Finisher,3330
Nigel,Parker,Nigel Parker,291,M40-44,Male,Thursday Island,QLD,Australia,AU,1:12:34,6:03:29,5:15:56,,,12:42:00,4354,21809,18956,322,281,45720,139,122,27,131,112,21,114,101,25,139,122,27,Finisher,2382
Guy,Walters,Guy Walters,266,M35-39,Male,Daisy Hill,QLD,Australia,AU,1:07:55,6:08:47,5:14:09,,,12:43:28,4075,22127,18849,322,435,45808,140,123,24,91,80,18,116,103,22,140,123,24,Finisher,2328
Kurt,Labuschewski,Kurt Labuschewski,232,M30-34,Male,Moorooka,QLD,Australia,AU,1:08:31,5:34:33,5:51:40,,,12:45:10,4111,20073,21100,352,274,45910,141,124,12,97,84,8,59,53,7,141,124,12,Finisher,2499
Edward,Lyons,Edward Lyons,210,M25-29,Male,Douglas,QLD,Australia,AU,1:25:31,6:16:16,4:50:38,,,12:48:09,5131,22576,17438,445,497,46089,142,125,11,201,172,16,160,142,13,142,125,11,Finisher,2746
Anthony ,Tremayne ,Anthony Tremayne,357,M55-59,Male,Huntly,AU-VIC,Australia,AU,1:24:50,6:15:08,4:53:51,,,12:48:31,5090,22508,17631,343,540,46111,143,126,4,199,170,9,154,136,7,143,126,4,Finisher,4108
Clinton,Elliott,Clinton Elliott,225,M30-34,Male,Townsville,QLD,Australia,AU,1:30:22,6:28:30,4:38:52,,,12:49:07,5422,23310,16732,317,366,46147,144,127,13,211,181,16,175,156,14,144,127,13,Finisher,2452
Paul,Skelton,Paul Skelton,356,M55-59,Male,North Lakes,QLD,Australia,AU,1:06:49,6:12:35,5:21:22,,,12:50:35,4009,22355,19282,246,344,46235,145,128,5,80,70,3,119,105,4,145,128,5,Finisher,4083
Troy,Stein,Troy Stein,147,M40-44,Male,Varsity Lakes,QLD,Australia,AU,1:08:58,5:53:02,5:40:26,,,12:51:50,4138,21182,20426,278,287,46310,146,129,28,100,87,15,82,74,16,146,129,28,Finisher,2264
Anna,Matthews,Anna Matthews,425,F40-44,Female,,QLD,Australia,AU,1:15:55,6:24:32,5:01:46,,,12:52:23,4555,23072,18106,244,366,46343,147,18,2,162,21,3,153,18,2,147,18,2,Finisher,3690
Jared,Kerins,Jared Kerins,135,M35-39,Male,Elanora,QLD,New Zealand,NZ,1:10:22,6:26:28,5:09:49,,,12:57:25,4222,23188,18589,230,416,46645,148,130,25,113,96,20,144,127,24,148,130,25,Finisher,2160
Nick,Loukas,Nick Loukas,339,M50-54,Male,Redlynch,QLD,Australia,AU,1:15:50,6:11:42,5:20:48,,,12:59:57,4550,22302,19248,280,417,46797,149,131,18,161,141,18,137,121,16,149,131,18,Finisher,2937
Stephen,Mann,Stephen Mann,361,M60-64,Male,Norman Park,QLD,Australia,AU,1:02:51,6:32:57,5:08:38,,,13:00:56,3771,23577,18518,397,593,46856,150,132,5,55,50,3,148,131,6,150,132,5,Finisher,3445
Tomas,Valena,Tomas Valena,123,M65-69,Male,Indooroopilly,QLD,Australia,AU,1:21:28,6:59:35,4:30:16,,,13:02:37,4888,25175,16216,313,366,46957,151,133,1,186,160,1,191,171,1,151,133,1,Finisher,5000
Tobi,Schnell,Tobi Schnell,319,M45-49,Male,Cairns,QLD,Australia,AU,1:22:08,6:10:27,5:11:31,,,13:02:46,4928,22227,18691,373,746,46966,152,134,14,194,166,18,142,125,12,152,134,14,Finisher,3065
Sean,Dench,Sean Dench,272,M40-44,Male,Kallangur,QLD,Australia,AU,1:17:19,5:43:32,5:53:16,,,13:05:54,4639,20612,21196,391,316,47154,153,135,29,169,147,31,84,76,17,153,135,29,Finisher,2096
Toby,Schmidt,Toby Schmidt,216,M25-29,Male,Soldiers Hill,QLD,Australia,AU,1:08:46,6:30:00,5:18:23,,,13:09:11,4126,23400,19103,419,302,47351,154,136,12,98,85,7,155,137,12,154,136,12,Finisher,2493
Julian,Lancaster-Smith,Julian Lancaster-Smith,386,M50-54,Male,Noosaville,QLD,Australia,AU,1:09:09,6:17:32,5:29:51,,,13:10:22,4149,22652,19791,393,437,47422,155,137,19,102,89,10,139,122,17,155,137,19,Finisher,2812
Joe,Pilat,Joe Pilat,354,M55-59,Male,Mareeba,AU-QLD,Australia,AU,1:07:48,6:31:17,5:18:45,,,13:12:30,4068,23477,19125,322,557,47550,156,138,6,89,78,4,151,134,6,156,138,6,Finisher,3820
Tammy,Collins,Tammy Collins,435,F35-39,Female,Trinity Park,QLD,Australia,AU,1:13:13,7:05:42,4:41:09,,,13:14:02,4393,25542,16869,473,366,47642,157,19,5,135,20,5,192,21,5,157,19,5,Finisher,3285
Alan,Burton,Alan Burton,142,M40-44,Male,Sunshine Beach,QLD,Ireland,IE,1:01:57,5:42:36,6:10:33,,,13:14:10,3717,20556,22233,322,823,47650,158,139,30,50,45,9,61,55,8,158,139,30,Finisher,1996
Mark,Martin,Mark Martin,190,M50-54,Male,Castaways Beach,QLD,New Zealand,NZ,1:07:03,6:11:41,5:42:26,,,13:14:17,4023,22301,20546,322,466,47657,159,140,20,84,74,7,120,106,13,159,140,20,Finisher,2765
Ian,Fabian,Ian Fabian,164,M55-59,Male,,QLD,Australia,AU,1:33:52,6:49:36,4:33:03,,,13:16:10,5632,24576,16383,618,561,47770,160,141,7,212,182,11,199,175,10,160,141,7,Finisher,3776
Alejandro,Cancino,Alejandro Cancino,246,M35-39,Male,Twin waters,QLD,Argentina,AR,1:15:02,7:02:39,4:48:17,,,13:16:41,4502,25359,17297,277,366,47801,161,142,26,154,134,27,188,168,30,161,142,26,Finisher,1929
Dan,Foley,Dan Foley,274,M40-44,Male,Brighton,QLD,Australia,AU,1:12:05,6:30:44,5:23:27,,,13:20:38,4325,23444,19407,322,541,48038,162,143,31,128,110,20,157,139,31,162,143,31,Finisher,1919
Kevin,Durose,Kevin Durose,273,M40-44,Male,Cairns,QLD,Australia,AU,1:36:37,6:37:59,4:56:44,,,13:21:05,5797,23879,17804,310,274,48065,163,144,32,214,184,37,187,167,35,163,144,32,Finisher,1913
Chris,Wood,Chris Wood,324,M45-49,Male,HEATHPOOL,AU-SA,Australia,AU,1:05:57,6:37:53,5:27:27,,,13:22:18,3957,23873,19647,327,334,48138,164,145,15,68,62,4,161,143,15,164,145,15,Finisher,2831
Gayle,Young,Gayle Young,421,F50-54,Female,Tinana,AU-QLD,Australia,AU,1:22:05,7:00:41,4:51:53,,,13:23:38,4925,25241,17513,274,266,48218,165,20,2,192,28,2,194,22,2,165,20,2,Finisher,4396
Chikako,Ohtsuki,Chikako Ohtsuki,442,F40-44,Female,Clifton Beach,AU-QLD,Australia,AU,1:09:15,7:21:58,4:42:34,,,13:25:01,4155,26518,16954,322,353,48301,166,21,3,103,14,2,201,25,4,166,21,3,Finisher,3299
Andrew,Redburn,Andrew Redburn,191,M50-54,Male,Woolloongabba,QLD,Australia,AU,1:25:59,6:38:40,5:06:55,,,13:28:43,5159,23920,18415,470,559,48523,167,146,21,204,175,28,179,160,24,167,146,21,Finisher,2592
Roy,Andersen,Roy Andersen,304,M45-49,Male,Atherton,QLD,Australia,AU,1:20:49,6:36:53,5:14:10,,,13:29:42,4849,23813,18850,704,366,48582,168,147,16,185,159,16,177,158,17,168,147,16,Finisher,2742
Liam,Branigan,Liam Branigan,244,M35-39,Male,Clearview,SA,Australia,AU,1:21:30,6:27:26,5:31:35,,,13:33:51,4890,23246,19895,435,366,48831,169,148,27,187,161,28,170,151,26,169,148,27,Finisher,1723
Brendan,Smith,Brendan Smith,239,M30-34,Male,,QLD,Australia,AU,1:22:08,6:45:11,5:13:54,,,13:35:21,4928,24311,18834,483,366,48921,170,149,14,193,165,15,183,164,16,170,149,14,Finisher,1897
Rebecca,Sheppard,Rebecca Sheppard,445,F45-49,Female,Annandale,QLD,Australia,AU,1:06:35,6:05:40,6:12:29,,,13:38:31,3995,21940,22349,393,434,49111,171,22,4,75,9,2,110,11,1,171,22,4,Finisher,3605
ADAM,SHIPARD,ADAM SHIPARD,162,M50-54,Male,Chapel Hill,AU-QLD,Australia,AU,1:10:49,6:22:01,5:51:50,,,13:38:41,4249,22921,21110,322,519,49121,172,150,22,116,98,11,141,124,18,172,150,22,Finisher,2472
Anthony,James,Anthony James,165,M55-59,Male,,QLD,Australia,AU,1:08:27,6:24:25,5:56:19,,,13:44:44,4107,23065,21379,479,453,49484,173,151,8,96,83,5,145,128,5,173,151,8,Finisher,3433
Damien,Howell,Damien Howell,230,M30-34,Male,Chapel Hill,AU-QLD,Australia,AU,1:07:29,6:22:45,6:08:20,,,13:48:42,4049,22965,22100,322,287,49722,174,152,15,87,76,7,140,123,13,174,152,15,Finisher,1737
Tara,Woodcock,Tara Woodcock,444,F45-49,Female,Shelly Beach,QLD,Australia,AU,1:20:48,7:02:51,5:19:13,,,13:55:14,4848,25371,19153,377,366,50114,175,23,5,184,26,5,198,24,5,175,23,5,Finisher,3404
John,Deakin,John Deakin,329,M50-54,Male,Canungra,QLD,Australia,AU,1:11:14,6:36:51,5:55:50,,,13:55:22,4274,23811,21350,322,366,50122,176,153,23,118,100,12,169,150,21,176,153,23,Finisher,2272
Paolo,La Penna,Paolo La Penna,279,M40-44,Male,CAIRNS,QLD,Australia,AU,1:15:15,7:00:02,5:25:55,,,13:57:02,4515,25202,19555,585,366,50222,177,154,33,155,135,28,189,169,36,177,154,33,Finisher,1482
Jason,Bowers,Jason Bowers,307,M45-49,Male,ASPLEY,QLD,Australia,AU,1:26:16,6:43:39,5:34:30,,,13:57:31,5176,24219,20070,420,366,50251,178,155,17,206,177,19,186,166,20,178,155,17,Finisher,2408
Matthew,Roney,Matthew Roney,215,M25-29,Male,Fortitude Valley,QLD,Australia,AU,1:15:46,6:26:12,6:02:55,,,13:59:36,4546,23172,21775,518,366,50376,179,156,13,159,139,14,164,146,14,179,156,13,Finisher,1888
Peter,Chislett,Peter Chislett,352,M55-59,Male,,QLD,Australia,AU,1:13:24,6:56:34,5:38:53,,,14:04:28,4404,24994,20333,376,562,50668,180,157,9,137,117,7,185,165,9,180,157,9,Finisher,3196
Matthew,Bourke,Matthew Bourke,270,M40-44,Male,Indooroopilly,QLD,Australia,AU,1:17:37,6:49:57,5:39:08,,,14:04:28,4657,24597,20348,347,719,50668,181,158,34,172,149,32,181,162,34,181,158,34,Finisher,1393
John,Bryant,John Bryant,203,M25-29,Male,Spring Hill,QLD,Australia,AU,1:15:18,6:09:11,6:27:47,,,14:05:10,4518,22151,23267,182,591,50710,182,159,14,156,136,13,128,112,10,182,159,14,Finisher,1822
Steve,Kanowski,Steve Kanowski,278,M40-44,Male,Rochedale South,QLD,Australia,AU,1:03:40,6:44:04,6:07:45,,,14:05:25,3820,24244,22065,244,354,50725,183,160,35,58,53,10,166,148,33,183,160,35,Finisher,1381
Cameron,Ford,Cameron Ford,275,M40-44,Male,Cairns,QLD,Australia,AU,1:10:40,6:18:11,6:19:41,,,14:07:06,4240,22691,22781,602,513,50826,184,161,36,115,97,18,143,126,28,184,161,36,Finisher,1361
Matt,Stevens,Matt Stevens,320,M45-49,Male,North Toowoomba,AU-QLD,Australia,AU,1:27:14,6:40:09,5:55:19,,,14:12:40,5234,24009,21319,232,366,51160,185,162,18,207,178,20,178,159,18,185,162,18,Finisher,2227
Phil,Davies,Phil Davies,167,M60-64,Male,Balmoral,QLD,Australia,AU,1:06:19,6:04:09,6:54:05,,,14:18:31,3979,21849,24845,269,568,51511,186,163,6,72,65,4,101,92,3,186,163,6,Finisher,2514
Geoff,Oliver,Geoff Oliver,388,M50-54,Male,Nundah,QLD,Australia,AU,1:17:20,6:34:27,6:14:28,,,14:20:57,4640,23667,22468,516,366,51657,187,164,24,170,148,22,173,154,23,187,164,24,Finisher,1965
John,Summerhayes,John Summerhayes,321,M45-49,Male,,QLD,Australia,AU,1:11:20,6:58:26,6:00:47,,,14:22:46,4280,25106,21647,309,424,51766,188,165,19,119,101,9,182,163,19,188,165,19,Finisher,2105
Nadine,Aronheim,Nadine Aronheim,450,F30-34,Female,Maroochydore,QLD,Germany,DE,1:09:41,7:02:01,6:06:06,,,14:25:37,4181,25321,21966,244,224,51937,189,24,2,108,16,2,184,20,2,189,24,2,Finisher,2980
Debbie,Thorley,Debbie Thorley,451,F45-49,Female,Chinchilla,QLD,Australia,AU,1:29:22,7:21:43,5:14:43,,,14:27:34,5362,26503,18883,611,694,52054,190,25,6,209,30,7,213,30,7,190,25,6,Finisher,3016
Benjamin,Duivesteyn,Benjamin Duivesteyn,223,M30-34,Male,Underdale,SA,Australia,AU,1:54:47,6:50:36,5:25:27,,,14:27:48,6887,24636,19527,517,502,52068,191,166,16,215,185,18,208,181,17,191,166,16,Finisher,1268
Paul,Giddings,Paul Giddings,332,M50-54,Male,Noosa Heads,AU-QLD,Australia,AU,1:19:14,6:57:10,5:47:03,,,14:31:30,4754,25030,20823,635,1048,52290,192,167,25,181,157,26,193,172,25,192,167,25,Finisher,1838
Clive,Barber,Clive Barber,327,M50-54,Male,Redlynch,AU-QLD,Australia,AU,1:18:38,7:20:58,5:43:14,,,14:40:09,4718,26458,20594,330,709,52809,193,168,26,177,153,24,205,178,28,193,168,26,Finisher,1734
Graeme,Ferguson,Graeme Ferguson,120,M55-59,Male,Labrador,QLD,New Zealand,NZ,1:18:43,6:22:58,6:57:22,,,14:47:25,4723,22978,25042,255,248,53245,194,169,10,178,154,8,156,138,8,194,169,10,Finisher,2681
Dylan,Rock,Dylan Rock,261,M35-39,Male,Goldcoast,QLD,Australia,AU,1:06:41,6:48:16,6:41:39,,,14:48:04,4001,24496,24099,322,366,53284,195,170,28,77,68,15,172,153,27,195,170,28,Finisher,1000
Amanda,Massey,Amanda Massey,424,F40-44,Female,Boondall,QLD,Australia,AU,1:17:24,7:17:15,6:01:33,,,14:52:53,4644,26235,21693,555,446,53573,196,26,4,171,23,4,204,27,5,196,26,4,Finisher,2244
Paul,Mcdonald,Paul Mcdonald,234,M30-34,Male,Atherton,QLD,Australia,AU,1:09:47,6:57:36,6:36:54,,,14:55:44,4187,25056,23814,322,366,53744,197,171,17,109,93,10,180,161,15,197,171,17,Finisher,1000
Simon,Watch,Simon Watch,180,M35-39,Male,Annandale,QLD,Australia,AU,1:25:40,6:33:46,6:41:25,,,14:55:47,5140,23626,24085,499,397,53747,198,172,29,202,173,30,176,157,29,198,172,29,Finisher,1000
Gabriel,Brennan,Gabriel Brennan,201,M25-29,Male,South Perth,WA,Australia,AU,1:11:47,7:06:34,6:33:50,,,15:03:27,4307,25594,23630,409,267,54207,199,173,15,125,107,9,190,170,15,199,173,15,Finisher,1122
Robert,Rameka,Robert Rameka,179,M35-39,Male,,QLD,New Zealand,NZ,1:25:18,6:29:52,6:56:28,,,15:04:51,5118,23392,24988,427,366,54291,200,174,30,200,171,29,174,155,28,200,174,30,Finisher,1000
Michael,Lintl,Michael Lintl,338,M50-54,Male,Mermaid Beach,AU-QLD,Australia,AU,1:26:11,7:00:49,6:26:34,,,15:08:37,5171,25249,23194,512,391,54517,201,175,27,205,176,29,200,176,27,201,175,27,Finisher,1393
Jack,Phillips,Jack Phillips,212,M25-29,Male,Neath Port Talbot,AS,United Kingdom,GB,1:23:10,8:18:43,5:08:29,,,15:11:03,4990,29923,18509,748,493,54663,202,176,16,197,169,15,215,185,16,202,176,16,Finisher,1031
Andrew,Barker,Andrew Barker,349,M55-59,Male,,QLD,Australia,AU,1:25:58,7:16:57,6:10:53,,,15:12:43,5158,26217,22253,556,578,54763,203,177,11,203,174,10,207,180,11,203,177,11,Finisher,2377
Julie,Williams,Julie Williams,446,F45-49,Female,"MACKAY NORTH, 4740, QLD",QLD,Australia,AU,1:24:18,7:24:35,6:09:51,,,15:17:03,5058,26675,22191,390,709,55023,204,27,7,198,29,6,209,28,6,204,27,7,Finisher,2423
Trent,Gleeson,Trent Gleeson,312,M45-49,Male,Palm Cove,QLD,Australia,AU,1:16:51,6:26:44,7:33:32,,,15:28:03,4611,23204,27212,366,290,55683,205,178,20,167,145,14,162,144,16,205,178,20,Finisher,1322
Kk,Tan,Kk Tan,322,M45-49,Male,Dutton Park,QLD,Malaysia,MY,1:21:59,7:09:49,6:35:56,,,15:29:43,4919,25789,23756,574,745,55783,206,179,21,191,164,17,202,177,21,206,179,21,Finisher,1302
Norm,Prowse,Norm Prowse,169,M60-64,Male,Springfield Lakes,QLD,Australia,AU,1:07:54,7:45:29,6:24:32,,,15:29:48,4074,27929,23072,366,347,55788,207,180,7,90,79,5,212,183,7,207,180,7,Finisher,1658
Griffiths,Weste,Griffiths Weste,392,M75-79,Male,aldgate,SA,Australia,AU,1:22:43,6:59:50,6:52:45,,,15:30:14,4963,25190,24765,384,512,55814,208,181,1,196,168,1,195,173,1,208,181,1,Finisher,5000
Michelle,Cooper,Michelle Cooper,416,F40-44,Female,Tennyson,AU-QLD,Australia,AU,1:19:17,7:03:28,6:57:08,,,15:35:13,4757,25408,25028,417,503,56113,209,28,5,182,25,5,197,23,3,209,28,5,Finisher,1736
David,Tabernacle,David Tabernacle,347,M50-54,Male,Tennyson,AU-QLD,Australia,AU,1:15:57,7:05:54,7:01:19,,,15:35:14,4557,25554,25279,471,253,56114,210,182,28,163,142,19,196,174,26,210,182,28,Finisher,1073
Scott,Casella,Scott Casella,222,M30-34,Male,Nikenbah,QLD,Australia,AU,1:35:45,7:41:04,5:55:20,,,15:40:44,5745,27664,21320,841,875,56444,211,183,18,213,183,17,214,184,18,211,183,18,Finisher,1000
Antoinette,Mitai,Antoinette Mitai,438,F35-39,Female,moranbah,QLD,Fiji,FJ,1:21:40,7:22:19,6:47:53,,,15:51:33,4900,26539,24473,686,495,57093,212,29,6,189,27,6,210,29,6,212,29,6,Finisher,1395
Jamie,Billot,Jamie Billot,141,M40-44,Male,Ooralea,AU-QLD,New Zealand,NZ,1:21:57,7:22:21,6:44:42,,,15:51:52,4917,26541,24282,688,684,57112,213,184,37,190,163,35,211,182,37,213,184,37,Finisher,1000
Elle,Goodall,Elle Goodall,433,F30-34,Female,,NSW,Australia,AU,1:10:37,7:23:35,7:05:19,,,15:54:15,4237,26615,25519,514,369,57255,214,30,3,114,18,3,203,26,3,214,30,3,Finisher,1917
Rohan,Pratt,Rohan Pratt,344,M50-54,Male,Bayview Heights,QLD,Australia,AU,1:19:04,7:18:52,6:49:19,,,16:01:06,4744,26332,24559,797,1236,57666,215,185,29,180,156,25,206,179,29,215,185,29,Finisher,1000
Jarrod,Harvey,Jarrod Harvey,8,MPRO,Male,Ripley,QLD,Australia,AU,0:52:11,,,,,,3131,0,0,101,0,0,99999,99999,99999,99999,99999,99999,99999,99999,99999,99999,99999,99999,DNF,0
Hayden,Allsop,Hayden Allsop,243,M35-39,Male,Robiba,QLD,Australia,AU,1:02:36,,,,,,3756,0,0,516,0,0,99999,99999,99999,99999,99999,99999,99999,99999,99999,99999,99999,99999,DNF,0
Ian,Isaac,Ian Isaac,353,M55-59,Male,Middle Park,QLD,Australia,AU,1:12:36,7:01:05,,,,,4356,25265,0,463,366,0,99999,99999,99999,99999,99999,99999,99999,99999,99999,99999,99999,99999,DNF,0
Anthony,Lucas,Anthony Lucas,161,M50-54,Male,Cairns ,AU-QLD,Australia,AU,1:14:05,,,,,,4445,0,0,271,0,0,99999,99999,99999,99999,99999,99999,99999,99999,99999,99999,99999,99999,DNF,0
達也,阿部,達也 阿部,267,M35-39,Male,新宿区西新宿６丁目,NSW,Australia,AU,,,,,,,0,0,0,0,0,0,99999,99999,99999,99999,99999,99999,99999,99999,99999,99999,99999,99999,DNS,0
Clare,Robertson,Clare Robertson,414,F18-24,Female,,QLD,Australia,AU,,,,,,,0,0,0,0,0,0,99999,99999,99999,99999,99999,99999,99999,99999,99999,99999,99999,99999,DNS,0
Naoki,Hashimoto,Naoki Hashimoto,334,M50-54,Male,富田林市富田林町,大阪府,Japan,JP,,,,,,,0,0,0,0,0,0,99999,99999,99999,99999,99999,99999,99999,99999,99999,99999,99999,99999,DNS,0
Els,Visser,Els Visser,33,FPRO,Female,Utrecht,Utrecht,Netherlands,NL,,,,,,,0,0,0,0,0,0,99999,99999,99999,99999,99999,99999,99999,99999,99999,99999,99999,99999,DNS,0
Oet,Pui Kit,Oet Pui Kit,292,M40-44,Male,,,Hong Kong,HK,,,,,,,0,0,0,0,0,0,99999,99999,99999,99999,99999,99999,99999,99999,99999,99999,99999,99999,DNS,0
Lachlan,Kerin,Lachlan Kerin,5,MPRO,Male,Nambour,QLD,Australia,AU,0:47:42,,,,,,2862,0,0,122,0,0,99999,99999,99999,99999,99999,99999,99999,99999,99999,99999,99999,99999,DNF,0
Phil,Bowe,Phil Bowe,178,M35-39,Male,Wellington Point,QLD,Australia,AU,,,,,,,0,0,0,0,0,0,99999,99999,99999,99999,99999,99999,99999,99999,99999,99999,99999,99999,DNS,0
Michael,Haseldine,Michael Haseldine,313,M45-49,Male,Mt Sheridan,QLD,Australia,AU,1:20:41,5:45:40,,,,,4841,20740,0,234,282,0,99999,99999,99999,99999,99999,99999,99999,99999,99999,99999,99999,99999,DNF,0
Ian,Sharples,Ian Sharples,355,M55-59,Male,Biggera Waters,AU-QLD,New Zealand,NZ,1:03:40,6:01:21,,,,,3820,21681,0,267,195,0,99999,99999,99999,99999,99999,99999,99999,99999,99999,99999,99999,99999,DNF,0
Michelle,Cannon,Michelle Cannon,441,F40-44,Female,Bentley Park,QLD,Australia,AU,,,,,,,0,0,0,0,0,0,99999,99999,99999,99999,99999,99999,99999,99999,99999,99999,99999,99999,DNS,0
Nigel,Bond,Nigel Bond,114,M45-49,Male,,NSW,Australia,AU,,,,,,,0,0,0,0,0,0,99999,99999,99999,99999,99999,99999,99999,99999,99999,99999,99999,99999,DNS,0
Gareth,Gratton,Gareth Gratton,195,M55-59,Male,South Bunbury,AU-WA,Australia,AU,,,,,,,0,0,0,0,0,0,99999,99999,99999,99999,99999,99999,99999,99999,99999,99999,99999,99999,DNS,0
Chris,Gilmour,Chris Gilmour,143,M40-44,Male,Cornubia,QLD,Australia,AU,,,,,,,0,0,0,0,0,0,99999,99999,99999,99999,99999,99999,99999,99999,99999,99999,99999,99999,DNS,0
Neil,Cameron,Neil Cameron,367,M65-69,Male,Masterton,WGN,New Zealand,NZ,,,,,,,0,0,0,0,0,0,99999,99999,99999,99999,99999,99999,99999,99999,99999,99999,99999,99999,DNS,0
Wendy,Mcleod,Wendy Mcleod,443,F45-49,Female,Kanata,ON,Canada,CA,,,,,,,0,0,0,0,0,0,99999,99999,99999,99999,99999,99999,99999,99999,99999,99999,99999,99999,DNS,0
Matthew,Lovell,Matthew Lovell,233,M30-34,Male,Birkdale,QLD,Australia,AU,1:15:48,,,,,,4548,0,0,378,0,0,99999,99999,99999,99999,99999,99999,99999,99999,99999,99999,99999,99999,DNF,0
Michael,Marsden,Michael Marsden,285,M40-44,Male,Coorparoo,QLD,Australia,AU,,,,,,,0,0,0,0,0,0,99999,99999,99999,99999,99999,99999,99999,99999,99999,99999,99999,99999,DNS,0
Trish,Forbes,Trish Forbes,427,F45-49,Female,Morningside,QLD,Australia,AU,1:15:53,,,,,,4553,0,0,322,0,0,99999,99999,99999,99999,99999,99999,99999,99999,99999,99999,99999,99999,DNF,0
Simon,Miller,Simon Miller,288,M40-44,Male,,NSW,Australia,AU,,,,,,,0,0,0,0,0,0,99999,99999,99999,99999,99999,99999,99999,99999,99999,99999,99999,99999,DNS,0
Ashley,Williams,Ashley Williams,181,M35-39,Male,CAPALABA,QLD,Australia,AU,1:08:38,6:25:51,,,,,4118,23151,0,233,269,0,99999,99999,99999,99999,99999,99999,99999,99999,99999,99999,99999,99999,DNF,0
Paul,Liebenberg,Paul Liebenberg,315,M45-49,Male,Yarralumla,ACT,South Africa,ZA,,,,,,,0,0,0,0,0,0,99999,99999,99999,99999,99999,99999,99999,99999,99999,99999,99999,99999,DNS,0
Fadzir Azuan Bin,Mahari,Fadzir Azuan Bin Mahari,283,M40-44,Male,Shah Alam,,Malaysia,MY,,,,,,,0,0,0,0,0,0,99999,99999,99999,99999,99999,99999,99999,99999,99999,99999,99999,99999,DNS,0
Ed,Jennings,Ed Jennings,127,M30-34,Male,Bondi Beach,NSW,United Kingdom,GB,,,,,,,0,0,0,0,0,0,99999,99999,99999,99999,99999,99999,99999,99999,99999,99999,99999,99999,DNS,0
Luke,Hiorns,Luke Hiorns,173,M25-29,Male,,,Australia,AU,,,,,,,0,0,0,0,0,0,99999,99999,99999,99999,99999,99999,99999,99999,99999,99999,99999,99999,DNS,0
Evan,Rogers,Evan Rogers,345,M50-54,Male,MIDDLE RIDGE,QLD,Australia,AU,1:01:44,5:48:53,,,,,3704,20933,0,215,291,0,99999,99999,99999,99999,99999,99999,99999,99999,99999,99999,99999,99999,DNF,0
Leith,Austin,Leith Austin,140,M40-44,Male,Scarborough,QLD,Australia,AU,1:05:33,,,,,,3933,0,0,241,0,0,99999,99999,99999,99999,99999,99999,99999,99999,99999,99999,99999,99999,DNF,0
Yuzo,Kumakiri,Yuzo Kumakiri,253,M35-39,Male,みどり市笠懸町鹿４３７８−２,群馬県,Australia,AU,,,,,,,0,0,0,0,0,0,99999,99999,99999,99999,99999,99999,99999,99999,99999,99999,99999,99999,DNS,0
Nathan,Sandford,Nathan Sandford,296,M40-44,Male,Whitfield,QLD,Australia,AU,,,,,,,0,0,0,0,0,0,99999,99999,99999,99999,99999,99999,99999,99999,99999,99999,99999,99999,DNS,0
Hiroshi,Yamamoto,Hiroshi Yamamoto,300,M40-44,Male,"Honmachi, Chuo-Ku, Osaka-City,",JP-27,Japan,JP,,,,,,,0,0,0,0,0,0,99999,99999,99999,99999,99999,99999,99999,99999,99999,99999,99999,99999,DNS,0
Esperanza,Kelly,Esperanza Kelly,448,F55-59,Female,New Farm,QLD,United States,US,,,,,,,0,0,0,0,0,0,99999,99999,99999,99999,99999,99999,99999,99999,99999,99999,99999,99999,DNS,0
Nick,Potter,Nick Potter,152,M45-49,Male,Chelmer,QLD,Australia,AU,1:05:52,5:41:20,,,,,3952,20480,0,249,1989,0,99999,99999,99999,99999,99999,99999,99999,99999,99999,99999,99999,99999,DNF,0
Chris,Burrell,Chris Burrell,309,M45-49,Male,Geelong West,VIC,Australia,AU,,,,,,,0,0,0,0,0,0,99999,99999,99999,99999,99999,99999,99999,99999,99999,99999,99999,99999,DNS,0
Nicholas,Eldred,Nicholas Eldred,224,M30-34,Male,Sydney,NSW,Australia,AU,,,,,,,0,0,0,0,0,0,99999,99999,99999,99999,99999,99999,99999,99999,99999,99999,99999,99999,DNS,0
Jordan,Moore,Jordan Moore,105,M35-39,Male,Belgian gardens,QLD,Australia,AU,,,,,,,0,0,0,0,0,0,99999,99999,99999,99999,99999,99999,99999,99999,99999,99999,99999,99999,DNS,0
Danny,Akins,Danny Akins,268,M40-44,Male,Condon Townsville,QLD,Australia,AU,1:41:05,,,,,,6065,0,0,322,0,0,99999,99999,99999,99999,99999,99999,99999,99999,99999,99999,99999,99999,DNF,0
Paul,Francis,Paul Francis,360,M60-64,Male,,QLD,Australia,AU,1:08:37,6:52:05,,,,,4117,24725,0,322,464,0,99999,99999,99999,99999,99999,99999,99999,99999,99999,99999,99999,99999,DNF,0
Seiichiro,Umeno,Seiichiro Umeno,358,M55-59,Male,"Momoi, Suginami-ku",JP-13,Japan,JP,,,,,,,0,0,0,0,0,0,99999,99999,99999,99999,99999,99999,99999,99999,99999,99999,99999,99999,DNS,0
Mark,Buchel,Mark Buchel,308,M45-49,Male,Johannesburg,,South Africa,ZA,,,,,,,0,0,0,0,0,0,99999,99999,99999,99999,99999,99999,99999,99999,99999,99999,99999,99999,DNS,0
Nick,Johns,Nick Johns,277,M40-44,Male,Idalia,QLD,Australia,AU,1:21:49,,,,,,4909,0,0,378,0,0,99999,99999,99999,99999,99999,99999,99999,99999,99999,99999,99999,99999,DNF,0
Warrick,Marshall,Warrick Marshall,395,M50-54,Male,Scone,NSW,Australia,AU,1:29:19,8:13:04,,,,,5359,29584,0,694,646,0,99999,99999,99999,99999,99999,99999,99999,99999,99999,99999,99999,99999,DNF,0
Joseph,Lancaster,Joseph Lancaster,391,M55-59,Male,Coral Gables,FL,Australia,AU,,,,,,,0,0,0,0,0,0,99999,99999,99999,99999,99999,99999,99999,99999,99999,99999,99999,99999,DNS,0
Jarrod,Owen,Jarrod Owen,256,M35-39,Male,Arana Hills,QLD,Australia,AU,,,,,,,0,0,0,0,0,0,99999,99999,99999,99999,99999,99999,99999,99999,99999,99999,99999,99999,DNS,0
Aaron,Heath,Aaron Heath,314,M45-49,Male,FARRAR,NT,Australia,AU,1:13:32,,,,,,4412,0,0,581,0,0,99999,99999,99999,99999,99999,99999,99999,99999,99999,99999,99999,99999,DNF,0
Andrew,Gault,Andrew Gault,331,M50-54,Male,Tallebudgera,QLD,Australia,AU,,,,,,,0,0,0,0,0,0,99999,99999,99999,99999,99999,99999,99999,99999,99999,99999,99999,99999,DNS,0
Jeffrey,Robbins,Jeffrey Robbins,125,M25-29,Male,Burpengary,QLD,Australia,AU,1:00:24,5:42:32,,,,,3624,20552,0,187,221,0,99999,99999,99999,99999,99999,99999,99999,99999,99999,99999,99999,99999,DNF,0
Peter,Wood,Peter Wood,371,M65-69,Male,Coffs Harbour/Karangi,NSW,Australia,AU,,,,,,,0,0,0,0,0,0,99999,99999,99999,99999,99999,99999,99999,99999,99999,99999,99999,99999,DNS,0
Sharman,Parr,Sharman Parr,429,F65-69,Female,Palmcove,AU-QLD,Australia,AU,1:39:48,7:53:55,,,,,5988,28435,0,440,447,0,99999,99999,99999,99999,99999,99999,99999,99999,99999,99999,99999,99999,DNF,0
Benjamin,Gerhardy,Benjamin Gerhardy,251,M35-39,Male,Springwood,NSW,Australia,AU,1:06:03,5:36:15,,,,,3963,20175,0,322,271,0,99999,99999,99999,99999,99999,99999,99999,99999,99999,99999,99999,99999,DNF,0
Jean-Françcois,Bouchard,Jean-Françcois Bouchard,269,M40-44,Male,Saguenay (lac Kenogami),QC,Canada,CA,,,,,,,0,0,0,0,0,0,99999,99999,99999,99999,99999,99999,99999,99999,99999,99999,99999,99999,DNS,0
Andrew,Fox,Andrew Fox,390,M55-59,Male,Mt Lofty,QLD,Australia,AU,1:06:19,,,,,,3979,0,0,347,0,0,99999,99999,99999,99999,99999,99999,99999,99999,99999,99999,99999,99999,DNF,0
Kris,Colley,Kris Colley,205,M25-29,Male,coolangatta,QLD,Australia,AU,,,,,,,0,0,0,0,0,0,99999,99999,99999,99999,99999,99999,99999,99999,99999,99999,99999,99999,DNS,0
Boris,Grundler,Boris Grundler,377,M30-34,Male,Uffheim,,France,FR,,,,,,,0,0,0,0,0,0,99999,99999,99999,99999,99999,99999,99999,99999,99999,99999,99999,99999,DNS,0
Craig,Wallace,Craig Wallace,323,M45-49,Male,GOLD COAST MC,QLD,Australia,AU,,,,,,,0,0,0,0,0,0,99999,99999,99999,99999,99999,99999,99999,99999,99999,99999,99999,99999,DNS,0
Hugh,Esler,Hugh Esler,247,M35-39,Male,Peregian Beach,QLD,Australia,AU,,,,,,,0,0,0,0,0,0,99999,99999,99999,99999,99999,99999,99999,99999,99999,99999,99999,99999,DNS,0
Laura,Dennis,Laura Dennis,37,FPRO,Female,Currumbin,AU-QLD,Australia,AU,0:56:01,,,,,,3361,0,0,132,0,0,99999,99999,99999,99999,99999,99999,99999,99999,99999,99999,99999,99999,DNF,0
Timmy,Hortz,Timmy Hortz,134,M35-39,Male,,QLD,Australia,AU,,,,,,,0,0,0,0,0,0,99999,99999,99999,99999,99999,99999,99999,99999,99999,99999,99999,99999,DNS,0
Masuzou,Furukawa,Masuzou Furukawa,372,M70-74,Male,"NAKANO, NAKANO",TOKYO,Japan,JP,,,,,,,0,0,0,0,0,0,99999,99999,99999,99999,99999,99999,99999,99999,99999,99999,99999,99999,DNS,0
Yukihiro,Amemiya,Yukihiro Amemiya,303,M45-49,Male,shinagawa-ku kamioosaki,tokyo,Japan,JP,,,,,,,0,0,0,0,0,0,99999,99999,99999,99999,99999,99999,99999,99999,99999,99999,99999,99999,DNS,0
Brogan,Ryan,Brogan Ryan,237,M30-34,Male,Kenmore Hills,QLD,Australia,AU,,,,,,,0,0,0,0,0,0,99999,99999,99999,99999,99999,99999,99999,99999,99999,99999,99999,99999,DNS,0
Allan John,Moustoukas,Allan John Moustoukas,168,M60-64,Male,ayr,AU-QLD,Australia,AU,,,,,,,0,0,0,0,0,0,99999,99999,99999,99999,99999,99999,99999,99999,99999,99999,99999,99999,DNS,0
Michael,Buxey,Michael Buxey,245,M35-39,Male,Mermaid Waters,QLD,Australia,AU,,,,,,,0,0,0,0,0,0,99999,99999,99999,99999,99999,99999,99999,99999,99999,99999,99999,99999,DNS,0
Ryan,Newton,Ryan Newton,290,M40-44,Male,Bundall,QLD,Australia,AU,,,,,,,0,0,0,0,0,0,99999,99999,99999,99999,99999,99999,99999,99999,99999,99999,99999,99999,DNS,0
Brendan,Keates,Brendan Keates,116,M45-49,Male,South Brisbane,QLD,Australia,AU,1:07:03,,,,,,4023,0,0,376,0,0,99999,99999,99999,99999,99999,99999,99999,99999,99999,99999,99999,99999,DNF,0
Russell,Molina,Russell Molina,316,M45-49,Male,Trinity Beach,AU-QLD,Australia,AU,1:13:34,,,,,,4414,0,0,322,0,0,99999,99999,99999,99999,99999,99999,99999,99999,99999,99999,99999,99999,DNF,0
Steven,Scott,Steven Scott,346,M50-54,Male,Chelmer,QLD,Australia,AU,,,,,,,0,0,0,0,0,0,99999,99999,99999,99999,99999,99999,99999,99999,99999,99999,99999,99999,DNS,0
Steven,Mckenna,Steven Mckenna,4,MPRO,Male,,,Australia,AU,0:48:06,,,,,,2886,0,0,101,0,0,99999,99999,99999,99999,99999,99999,99999,99999,99999,99999,99999,99999,DNF,0
shuhei,sato,shuhei sato,369,M65-69,Male,Setagaya-ku,JP-13,Japan,JP,,,,,,,0,0,0,0,0,0,99999,99999,99999,99999,99999,99999,99999,99999,99999,99999,99999,99999,DNS,0
Richard,Burlinson,Richard Burlinson,174,M30-34,Male,Sorrento,AU-WA,Australia,AU,,,,,,,0,0,0,0,0,0,99999,99999,99999,99999,99999,99999,99999,99999,99999,99999,99999,99999,DNS,0
Pete,Hodgson,Pete Hodgson,188,M45-49,Male,East Maitland,AU-NSW,Australia,AU,,,,,,,0,0,0,0,0,0,99999,99999,99999,99999,99999,99999,99999,99999,99999,99999,99999,99999,DNS,0
Paul,Thomson,Paul Thomson,240,M30-34,Male,Edinburgh,Scotland,Australia,AU,,,,,,,0,0,0,0,0,0,99999,99999,99999,99999,99999,99999,99999,99999,99999,99999,99999,99999,DNS,0
