FirstName,LastName,FullName,Bib,AgeGroup,Gender,City,State,Country,CountryISO,SwimTime,BikeTime,RunTime,T1Time,T2Time,FinishTime,SwimSeconds,BikeSeconds,RunSeconds,T1Seconds,T2Seconds,FinishSeconds,OverallRank,GenderRank,AgeGroupRank,SwimRankOverall,SwimRankGender,SwimRankGroup,BikeRankOverall,BikeRankGender,BikeRankGroup,RunRankOverall,RunRankGender,RunRankGroup,Status,Points
Eric,Van Der Linden,Eric Van Der Linden,8,M45-49,Male,Schagen,,Netherlands,NL,1:01:19,5:04:21,3:44:03,0:02:53,0:03:45,9:56:20,3679,18261,13443,173,225,35780,1,1,1,3,3,1,1,1,1,1,1,1,Finisher,5000
Michael,Kramer,Michael Kramer,85,M30-34,Male,Makati,METRO MANILA,South Africa,ZA,1:01:36,5:22:21,3:31:00,0:03:35,0:02:13,10:00:45,3696,19341,12660,215,133,36045,2,2,1,4,4,1,3,3,1,2,2,1,Finisher,5000
Richard,Hall,Richard Hall,338,M50-54,Male,Sai Kung,Hong Kong,Hong Kong,HK,1:07:32,5:18:01,3:41:05,0:04:42,0:02:59,10:14:18,4052,19081,13265,282,179,36858,3,3,1,7,7,1,4,4,1,3,3,1,Finisher,5000
Giuseppe,Solla,Giuseppe Solla,347,M50-54,Male,Quartu S Elena,,Italy,IT,1:07:41,5:22:11,3:40:05,0:03:43,0:01:52,10:15:32,4061,19331,13205,223,112,36932,4,4,2,8,8,2,6,6,3,4,4,2,Finisher,4985
Jethro Karl,Ramos,Jethro Karl Ramos,17,M40-44,Male,camp 7,PH-BEN,Philippines,PH,1:10:15,5:25:17,3:36:27,0:03:20,0:05:14,10:20:34,4215,19517,12987,200,314,37234,5,5,1,10,10,2,10,10,2,5,5,1,Finisher,5000
Hyuk-Sik,Ha,Hyuk-Sik Ha,292,M45-49,Male,"Namyangju-si,",GYEONGGI-DO,South Korea,KR,1:26:29,5:05:25,3:46:20,0:05:34,0:02:57,10:26:45,5189,18325,13580,334,177,37605,6,6,2,48,42,11,7,7,2,6,6,2,Finisher,4635
Leigh,Gunn,Leigh Gunn,4,M40-44,Male,Noosaville,QLD,Philippines,PH,1:14:27,5:07:57,3:58:03,0:04:49,0:03:04,10:28:20,4467,18477,14283,289,184,37700,7,7,2,20,19,3,2,2,1,7,7,2,Finisher,4906
Mervin Rencel,Santiago,Mervin Rencel Santiago,15,M30-34,Male,Valenzuela,PH-00,Philippines,PH,1:21:06,5:26:57,3:37:53,0:03:06,0:02:39,10:31:41,4866,19617,13073,186,159,37901,8,8,2,32,28,3,13,13,2,8,8,2,Finisher,4628
Yong Jin,Kim,Yong Jin Kim,232,M40-44,Male,경기도,KR-41,South Korea,KR,1:42:44,5:01:34,3:37:36,0:05:17,0:05:09,10:32:20,6164,18094,13056,317,309,37940,9,9,3,130,116,20,12,12,3,9,9,3,Finisher,4858
Siu Yuen,Wong,Siu Yuen Wong,394,M45-49,Male,Tuen Mun,Hong Kong,Hong Kong,HK,1:48:01,5:23:15,3:32:12,0:06:07,0:02:53,10:52:29,6481,19395,12732,367,173,39149,10,10,3,153,138,43,33,32,7,10,10,3,Finisher,4326
Andy,Mullin,Andy Mullin,94,M45-49,Male,Victoria,BC,Canada,CA,1:21:53,5:55:13,3:30:23,0:06:23,0:04:55,10:58:46,4913,21313,12623,383,295,39526,11,11,4,37,33,6,44,43,12,11,11,4,Finisher,4250
Chicco,Avram,Chicco Avram,188,M35-39,Male,Rishon LeTsiyon,Rishon lezion,Israel,IL,1:51:36,5:29:24,3:31:26,0:04:03,0:02:53,10:59:22,6696,19764,12686,243,173,39562,12,12,1,168,153,22,45,44,5,12,12,1,Finisher,5000
Jemuel,Clemente,Jemuel Clemente,155,M30-34,Male,Paombong,PH-BUL,Philippines,PH,1:34:38,5:41:01,3:36:50,0:05:30,0:05:41,11:03:40,5678,20461,13010,330,341,39820,13,13,3,87,78,7,39,38,6,13,13,3,Finisher,4245
Mike,Gonda,Mike Gonda,5,M45-49,Male,Dublin,Dublin,Philippines,PH,1:42:07,5:25:25,3:47:52,0:06:05,0:04:51,11:06:20,6127,19525,13672,365,291,39980,14,14,5,126,112,33,22,22,4,14,14,5,Finisher,4160
Máté,Mikos,Máté Mikos,261,M45-49,Male,Biatorbagy,,Hungary,HU,1:24:49,5:29:51,4:01:19,0:04:34,0:06:30,11:07:03,5089,19791,14479,274,390,40023,15,15,6,43,39,10,15,15,3,15,15,6,Finisher,4151
Dougin,Walker,Dougin Walker,10,M55-59,Male,Tampa,FL,United States,US,0:56:03,5:46:02,4:11:54,0:06:10,0:07:15,11:07:24,3363,20762,15114,370,435,40044,16,16,1,1,1,1,11,11,1,16,16,1,Finisher,5000
Renel,Brecenio,Renel Brecenio,391,M35-39,Male,Ocampo,PH-CAS,Philippines,PH,1:28:12,5:39:04,3:53:01,0:05:44,0:03:13,11:09:14,5292,20344,13981,344,193,40154,17,17,2,55,48,7,21,21,2,17,17,2,Finisher,4881
Auttapol,Charungwut,Auttapol Charungwut,32,M25-29,Male,หาดใหญ่,SONGKHLA,Thailand,TH,1:10:25,5:43:44,4:08:12,0:03:55,0:05:36,11:11:52,4225,20624,14892,235,336,40312,18,18,1,11,11,1,14,14,1,18,18,1,Finisher,5000
Mark,Fourie,Mark Fourie,109,M50-54,Male,Dubai,DXB,South Africa,ZA,1:10:57,5:16:45,4:38:18,0:04:20,0:03:34,11:13:54,4257,19005,16698,260,214,40434,19,19,3,12,12,3,5,5,2,19,19,3,Finisher,4284
John,Baguyo,John Baguyo,163,M30-34,Male,TAMUNING,GU,Guam,GU,1:25:24,5:42:33,3:55:05,0:07:29,0:04:45,11:15:16,5124,20553,14105,449,285,40516,20,20,4,46,41,5,26,25,5,20,20,4,Finisher,4105
Daniel,Valdez,Daniel Valdez,199,M35-39,Male,Taguig,PH-00,Philippines,PH,1:42:32,5:34:27,3:50:32,0:04:16,0:05:15,11:17:03,6152,20067,13832,256,315,40623,21,21,3,129,115,19,41,40,4,21,21,3,Finisher,4787
Takuto,Sugisaki,Takuto Sugisaki,159,M30-34,Male,London,,Japan,JP,1:30:41,5:22:21,4:12:00,0:08:03,0:06:06,11:19:11,5441,19341,15120,483,366,40751,22,22,5,62,54,6,17,17,3,22,22,5,Finisher,4058
Stephen,Farrell,Stephen Farrell,115,M60-64,Male,Auckland,AUK,New Zealand,NZ,1:07:31,5:26:24,4:36:21,0:03:53,0:05:50,11:19:59,4051,19584,16581,233,350,40799,23,23,1,6,6,1,8,8,1,23,23,1,Finisher,5000
Guy,Dru Drury,Guy Dru Drury,356,M55-59,Male,Corfe Castle,DORSET,United Kingdom,GB,1:31:24,5:32:38,4:05:14,0:08:03,0:05:37,11:22:55,5484,19958,14714,483,337,40975,24,24,2,65,57,6,20,20,3,24,24,2,Finisher,4813
Junghyun,Cho,Junghyun Cho,375,M60-64,Male,changwon-si,KR-48,South Korea,KR,1:31:39,5:38:00,4:01:34,0:08:27,0:06:56,11:26:36,5499,20280,14494,507,416,41196,25,25,2,67,59,4,34,33,4,25,25,2,Finisher,4920
Takashi,Makino,Takashi Makino,46,M50-54,Male,miyakojima,JP-47,Japan,JP,1:39:14,5:31:20,4:05:36,0:05:59,0:04:27,11:26:36,5954,19880,14736,359,267,41196,26,26,4,108,96,10,31,30,6,26,26,4,Finisher,4132
宏司,岩原,宏司 岩原,334,M50-54,Male,"-
相模原市南区",神奈川県,Japan,JP,1:21:53,6:08:27,3:48:42,0:05:09,0:04:54,11:29:05,4913,22107,13722,309,294,41345,27,27,5,38,34,6,60,57,8,27,27,5,Finisher,4102
Teck Loon,Tan,Teck Loon Tan,6,M45-49,Male,Singapore,Singapore,Singapore,SG,1:14:05,5:54:00,4:09:39,0:06:01,0:05:27,11:29:12,4445,21240,14979,361,327,41352,28,28,7,19,18,2,23,23,5,28,28,7,Finisher,3885
Chigusa,Yamashita,Chigusa Yamashita,507,F30-34,Female,豊島区,JP-13,Japan,JP,1:11:41,5:55:52,4:11:17,0:07:11,0:04:00,11:30:02,4301,21352,15077,431,240,41402,29,1,1,15,1,1,24,1,1,29,1,1,Finisher,5000
Siarhei,Misitau,Siarhei Misitau,105,M45-49,Male,Ozeretskoye,‘AJMAN,Unknown,,1:31:41,5:38:40,4:07:32,0:06:45,0:07:13,11:31:53,5501,20320,14852,405,433,41513,30,29,8,69,61,15,32,31,6,30,29,8,Finisher,3853
Carlos Jr.,Delos Santos,Carlos Jr. Delos Santos,111,M50-54,Male,"Old Zaniga, Mandaluyong City",Rizal,Philippines,PH,1:35:03,5:36:21,4:13:49,0:04:06,0:03:26,11:32:45,5703,20181,15229,246,206,41565,31,30,6,89,80,8,27,26,4,31,30,6,Finisher,4058
Mike,Trees,Mike Trees,377,M60-64,Male,Auckland,AUK,New Zealand,NZ,1:16:09,5:55:21,4:15:37,0:04:21,0:03:19,11:34:46,4569,21321,15337,261,199,41686,32,31,3,22,21,2,29,28,2,32,31,3,Finisher,4822
Kugcheol,Lee,Kugcheol Lee,378,M60-64,Male,goyangsi,KR-41,South Korea,KR,1:46:36,5:21:38,4:15:46,0:08:17,0:06:01,11:38:17,6396,19298,15346,497,361,41897,33,32,4,146,131,7,30,29,3,33,32,4,Finisher,4780
Eigen Israel,Rara,Eigen Israel Rara,34,M35-39,Male,"Brgy. Sto. Rosario, Iligan City",Lanao del Norte,Philippines,PH,1:27:47,5:56:33,4:04:22,0:05:28,0:04:20,11:38:30,5267,21393,14662,328,260,41910,34,33,4,53,46,6,51,50,8,34,33,4,Finisher,4530
Kenny,Nguyen,Kenny Nguyen,38,M40-44,Male,san jose,CA,United States,US,1:40:08,5:43:52,4:01:20,0:08:04,0:06:38,11:40:02,6008,20632,14480,484,398,42002,35,34,4,112,99,18,55,53,7,35,34,4,Finisher,4046
Daniel,Punzalan,Daniel Punzalan,88,M35-39,Male,Singapore,,Philippines,PH,1:32:06,5:54:38,4:01:57,0:06:27,0:05:35,11:40:43,5526,21278,14517,387,335,42043,36,35,5,71,63,12,57,55,11,36,35,5,Finisher,4503
Dong An,Chang,Dong An Chang,208,M40-44,Male,Taichung City,TAICHUNG,Taiwan,TW,1:31:41,5:41:12,4:15:17,0:06:46,0:08:09,11:43:05,5501,20472,15317,406,489,42185,37,36,5,68,60,9,37,36,5,37,36,5,Finisher,4009
Ayaka,Suzuki,Ayaka Suzuki,508,F35-39,Female,2-20-11 Numama,Kanagawa,Japan,JP,1:19:26,6:19:22,3:51:46,0:07:57,0:05:31,11:44:02,4766,22762,13906,477,331,42242,38,2,1,27,3,1,82,7,2,38,2,1,Finisher,5000
Raz,Shabtay,Raz Shabtay,95,M45-49,Male,Taguig,NATIONAL CAPITAL REGION,Israel,IL,1:37:36,5:46:35,4:13:25,0:03:18,0:03:23,11:44:16,5856,20795,15205,198,203,42256,39,37,9,97,87,25,48,47,13,39,37,9,Finisher,3704
Edgar,Puruganan,Edgar Puruganan,393,M40-44,Male,Pasay,NATIONAL CAPITAL REGION,Philippines,PH,1:52:02,5:49:49,3:54:31,0:05:03,0:03:42,11:45:06,6722,20989,14071,303,222,42306,40,38,6,170,155,28,83,76,10,40,38,6,Finisher,3985
Tatsuya,Imai,Tatsuya Imai,348,M50-54,Male,Setagayaku,JP-13,Japan,JP,1:13:44,5:57:17,4:26:26,0:04:38,0:04:33,11:46:38,4424,21437,15986,278,273,42398,41,39,7,17,16,5,28,27,5,41,39,7,Finisher,3892
Victoria,Hill,Victoria Hill,52,F45-49,Female,Singapore,01,United Kingdom,GB,1:25:15,5:59:12,4:12:15,0:06:15,0:04:35,11:47:31,5115,21552,15135,375,275,42451,42,3,1,45,5,1,54,2,1,42,3,1,Finisher,5000
Valerio,Veroli,Valerio Veroli,7,M45-49,Male,Roma,LAZIO,Italy,IT,1:54:46,5:52:06,3:48:54,0:07:10,0:05:26,11:48:23,6886,21126,13734,430,326,42503,43,40,10,199,180,53,97,90,23,43,40,10,Finisher,3655
Kumar,Kishlay Rai,Kumar Kishlay Rai,3,M35-39,Male,New Delhi,,India,IN,1:21:31,5:53:19,4:22:41,0:06:02,0:06:47,11:50:20,4891,21199,15761,362,407,42620,44,41,6,34,30,4,38,37,3,44,41,6,Finisher,4388
Elmer ,Santiago,Elmer Santiago,99,M45-49,Male,Taguig,PH-00,Philippines,PH,1:21:57,5:51:23,4:29:19,0:05:43,0:04:24,11:52:45,4917,21083,16159,343,264,42765,45,42,11,39,35,7,36,35,9,45,42,11,Finisher,3603
Kubota,Rena,Kubota Rena,501,F18-24,Female,龍ケ崎市,茨城県,Japan,JP,1:20:00,6:10:00,4:12:10,0:05:00,0:05:54,11:53:05,4800,22200,15130,300,354,42785,46,4,1,29,4,1,59,3,1,46,4,1,Finisher,5000
Warren,Patrocinio,Warren Patrocinio,97,M45-49,Male,Cagayan De Oro,PH-MSR,Philippines,PH,1:33:48,5:42:11,4:28:21,0:05:13,0:04:34,11:54:07,5628,20531,16101,313,274,42847,47,43,12,84,75,21,40,39,10,47,43,12,Finisher,3586
Maynard,Dela Cruz,Maynard Dela Cruz,301,M45-49,Male,Abu dhabi,Abu Dhabi,Philippines,PH,1:15:17,6:21:21,3:49:25,0:25:21,0:03:26,11:54:50,4517,22881,13765,1521,206,42890,48,44,13,21,20,3,113,104,31,48,44,13,Finisher,3578
Jeffrey,Cabrera,Jeffrey Cabrera,287,M45-49,Male,Lapu-Lapu City,Cebu,Philippines,PH,1:54:26,5:57:32,3:53:51,0:07:42,0:03:40,11:57:12,6866,21452,14031,462,220,43032,49,45,14,193,174,52,110,101,30,49,45,14,Finisher,3549
Minoru,Yamauchi,Minoru Yamauchi,353,M55-59,Male,Matsuyama,EHIME,Japan,JP,1:33:05,5:59:52,4:12:55,0:06:37,0:05:37,11:58:06,5585,21592,15175,397,337,43086,50,46,3,78,70,7,69,66,6,50,46,3,Finisher,4391
Chin Nang,Ip,Chin Nang Ip,366,M55-59,Male,澳門,Macao,Macao,MO,1:11:02,5:42:55,4:53:52,0:05:59,0:04:54,11:58:42,4262,20575,17632,359,294,43122,51,47,4,13,13,3,16,16,2,51,47,4,Finisher,4384
Aleksandr,Lazarev,Aleksandr Lazarev,311,M45-49,Male,Tashkent,Tashkent,Uzbekistan,UZ,1:23:05,6:09:37,4:20:00,0:02:51,0:04:51,12:00:25,4985,22177,15600,171,291,43225,52,48,15,40,36,8,61,58,14,52,48,15,Finisher,3511
Ralph Recto,Bautista,Ralph Recto Bautista,36,M35-39,Male,Paranaque,PH-00,Philippines,PH,1:28:41,5:32:30,4:52:15,0:06:00,0:04:05,12:03:32,5321,19950,17535,360,245,43412,53,49,7,57,50,9,18,18,1,53,49,7,Finisher,4230
Reuven,Alzaga,Reuven Alzaga,152,M25-29,Male,"Bundagul, Mabalacat City",Pampanga,Philippines,PH,1:19:32,6:11:42,4:27:10,0:05:31,0:03:06,12:07:01,4772,22302,16030,331,186,43621,54,50,2,28,25,3,63,60,2,54,50,2,Finisher,4338
Istvan,Gal,Istvan Gal,104,M45-49,Male,Budapest,BUDAPEST,Hungary,HU,1:32:19,5:57:34,4:22:58,0:08:14,0:06:14,12:07:20,5539,21454,15778,494,374,43640,55,51,16,72,64,16,67,64,17,55,51,16,Finisher,3428
Rene Ricardo,Tayag,Rene Ricardo Tayag,43,M45-49,Male,Angeles City,,Philippines,PH,1:27:43,6:02:24,4:27:12,0:07:13,0:03:20,12:07:53,5263,21744,16032,433,200,43673,56,52,17,52,45,12,65,62,16,56,52,17,Finisher,3421
Joseph Kennedy,Salcedo,Joseph Kennedy Salcedo,35,M35-39,Male,Teachers Village East,Quezon City,Philippines,PH,1:36:09,6:05:20,4:17:30,0:04:35,0:04:26,12:08:00,5769,21920,15450,275,266,43680,57,53,8,93,83,15,77,71,15,57,53,8,Finisher,4176
John Niño,Monte,John Niño Monte,1,M25-29,Male,"San Juan, Iriga City",CAMARINES SUR,Philippines,PH,1:40:28,5:50:20,4:27:18,0:06:04,0:04:18,12:08:28,6028,21020,16038,364,258,43708,58,54,3,119,105,5,64,61,3,58,54,3,Finisher,4320
Christian Lloyd,Nicolas,Christian Lloyd Nicolas,189,M35-39,Male,Muntinlupa,PH-00,Philippines,PH,1:31:34,5:53:40,4:35:53,0:05:07,0:04:21,12:10:36,5494,21220,16553,307,261,43836,59,55,9,66,58,11,53,52,9,59,55,9,Finisher,4145
Wonseok,Choi,Wonseok Choi,226,M40-44,Male,"Uichang-gu,Changwon-si",KR-48,South Korea,KR,1:26:48,5:42:43,4:51:43,0:05:34,0:05:24,12:12:12,5208,20563,17503,334,324,43932,60,56,7,49,43,5,25,24,4,60,56,7,Finisher,3660
Alexander,Isip,Alexander Isip,328,M50-54,Male,Muntinlupa,PH-00,Philippines,PH,1:12:00,6:13:26,4:40:17,0:04:33,0:04:50,12:15:07,4320,22406,16817,273,290,44107,61,57,8,16,15,4,52,51,7,61,57,8,Finisher,3550
Jakkarin,Jindawat,Jakkarin Jindawat,82,M25-29,Male,Sattahip,Chonburi,Thailand,TH,1:18:52,6:29:33,4:19:20,0:04:31,0:03:24,12:15:40,4732,23373,15560,271,204,44140,62,58,4,25,24,2,93,86,5,62,58,4,Finisher,4234
Rolando,Palmes Jr.,Rolando Palmes Jr.,201,M35-39,Male,TAMUNING,GU,Philippines,PH,1:20:44,6:05:59,4:40:01,0:05:35,0:04:33,12:16:52,4844,21959,16801,335,273,44212,63,59,10,31,27,3,56,54,10,63,59,10,Finisher,4070
Katsuya,Nitta,Katsuya Nitta,368,M55-59,Male,"Higashigaoka,Meguro-ku",JP-13,Japan,JP,1:39:08,5:40:35,4:43:13,0:08:28,0:06:21,12:17:45,5948,20435,16993,508,381,44265,64,60,5,106,95,8,50,49,5,64,60,5,Finisher,4155
Alessandra Paulina,Castaneda-Silerio,Alessandra Paulina Castaneda-Silerio,56,F30-34,Female,Taguig,PH-00,Philippines,PH,1:19:21,6:18:22,4:28:43,0:05:24,0:05:55,12:17:46,4761,22702,16123,324,355,44266,65,5,2,26,2,2,74,5,2,65,5,2,Finisher,4427
裕子,郷田,裕子 郷田,521,F45-49,Female,仙台市宮城野区鶴ヶ谷,宮城県,Japan,JP,1:40:24,5:54:34,4:28:42,0:07:47,0:07:03,12:18:31,6024,21274,16122,467,423,44311,66,6,2,117,14,3,71,4,2,66,6,2,Finisher,4628
Alexander,Peukert,Alexander Peukert,170,M30-34,Male,,,Germany,DE,1:18:15,5:43:52,5:07:42,0:05:43,0:04:09,12:19:42,4695,20632,18462,343,249,44382,67,61,6,24,23,2,19,19,4,67,61,6,Finisher,3332
Webster,Surposa,Webster Surposa,185,M35-39,Male,Doha,Doha,Philippines,PH,1:32:22,6:11:52,4:24:51,0:06:46,0:04:12,12:20:04,5542,22312,15891,406,252,44404,68,62,11,73,65,13,89,82,17,68,62,11,Finisher,4031
Gerrie,Calinawan,Gerrie Calinawan,200,M35-39,Male,Cebu,Cebu,Philippines,PH,1:11:19,6:12:54,4:50:33,0:03:48,0:02:53,12:21:27,4279,22374,17433,228,173,44487,69,63,12,14,14,1,49,48,7,69,63,12,Finisher,4015
Ramon Miguel,Abeleda,Ramon Miguel Abeleda,173,M35-39,Male,Barangay Ususan,NATIONAL CAPITAL REGION,Philippines,PH,1:17:35,6:18:56,4:32:04,0:06:32,0:06:57,12:22:03,4655,22736,16324,392,417,44523,70,64,13,23,22,2,73,69,14,70,64,13,Finisher,4007
Azzath ,Faizal,Azzath Faizal,90,M40-44,Male,"Cyberjaya, Cyber 9",MY-10,United Kingdom,GB,1:52:38,6:07:44,4:01:33,0:07:39,0:12:55,12:22:30,6758,22064,14493,459,775,44550,71,65,8,176,161,30,121,110,16,71,65,8,Finisher,3536
Makoto,Ikeda,Makoto Ikeda,326,M50-54,Male,Funabashi,,Japan,JP,1:52:40,5:52:26,4:29:37,0:03:54,0:04:22,12:22:59,6760,21146,16177,234,262,44579,72,66,9,177,162,19,88,81,11,72,66,9,Finisher,3455
Emmanuel,Mondero,Emmanuel Mondero,48,M50-54,Male,Matandang Balara,PH-00,Philippines,PH,1:42:22,5:59:09,4:30:08,0:04:50,0:07:22,12:23:52,6142,21549,16208,290,442,44632,73,67,10,127,113,11,79,73,9,73,67,10,Finisher,3445
Napoleon,Tolentino,Napoleon Tolentino,126,M30-34,Male,36,NATIONAL CAPITAL REGION,Philippines,PH,2:01:08,5:49:20,4:24:29,0:05:17,0:03:50,12:24:05,7268,20960,15869,317,230,44645,74,68,7,229,203,18,100,92,9,74,68,7,Finisher,3280
Oswald,Wong,Oswald Wong,106,M45-49,Male,Singapore,NORTH WEST,Singapore,SG,1:42:27,6:05:20,4:20:36,0:08:19,0:07:48,12:24:30,6147,21920,15636,499,468,44670,75,69,18,128,114,34,101,93,25,75,69,18,Finisher,3222
Marcel,Grigat,Marcel Grigat,303,M45-49,Male,Haßmersheim,,Germany,DE,1:33:18,5:39:23,4:53:40,0:09:27,0:09:28,12:25:16,5598,20363,17620,567,568,44716,76,70,19,80,72,20,42,41,11,76,70,19,Finisher,3212
Carlo,Suanes,Carlo Suanes,256,M45-49,Male,United Arab Emirates,Sharjah,Philippines,PH,1:30:33,6:00:53,4:44:31,0:04:59,0:06:46,12:27:41,5433,21653,17071,299,406,44861,77,71,20,61,53,13,62,59,15,77,71,20,Finisher,3183
Rolando,Alquero,Rolando Alquero,194,M35-39,Male,San Fernando,PH-PAM,Philippines,PH,1:50:26,6:11:42,4:13:36,0:07:33,0:05:42,12:28:59,6626,22302,15216,453,342,44939,78,72,14,161,146,21,125,114,19,78,72,14,Finisher,3924
Hiroshi,Sudo,Hiroshi Sudo,212,M40-44,Male,Phnom Penh,Phnom Penh,Japan,JP,1:30:15,5:46:47,4:56:27,0:08:10,0:08:07,12:29:46,5415,20807,17787,490,487,44986,79,73,9,60,52,7,46,45,6,79,73,9,Finisher,3449
Archie Val,Rubio,Archie Val Rubio,87,M35-39,Male,BF homes,Paranaque,Philippines,PH,1:40:44,5:37:11,4:58:28,0:07:26,0:06:46,12:30:34,6044,20231,17908,446,406,45034,80,74,15,122,108,18,47,46,6,80,74,15,Finisher,3905
Arnel,Suerte,Arnel Suerte,237,M40-44,Male,New lucena,Iloilo,Philippines,PH,1:27:52,6:14:39,4:40:09,0:04:58,0:03:19,12:30:58,5272,22479,16809,298,199,45058,81,75,10,54,47,6,85,78,11,81,75,10,Finisher,3435
Jayjay,Cantor,Jayjay Cantor,41,M40-44,Male,Tanauan City ,PH-BTG,Philippines,PH,1:38:09,6:14:01,4:31:11,0:04:49,0:05:04,12:33:14,5889,22441,16271,289,304,45194,82,76,11,100,90,16,103,95,12,82,76,11,Finisher,3408
Keiichi,Yoshitomi,Keiichi Yoshitomi,203,M35-39,Male,Kanagawa,,Japan,JP,2:07:35,6:10:39,4:01:54,0:08:15,0:05:59,12:34:23,7655,22239,14514,495,359,45263,83,77,16,242,213,31,151,139,22,83,77,16,Finisher,3859
Chloe Jane,Ong,Chloe Jane Ong,512,F35-39,Female,Manila,Metro manila,Philippines,PH,1:33:37,6:04:50,4:45:32,0:05:55,0:05:05,12:34:58,5617,21890,17132,355,305,45298,84,7,2,81,9,3,76,6,1,84,7,2,Finisher,4388
남인,김,남인 김,506,F30-34,Female,seoul,KR-11,South Korea,KR,1:25:45,6:29:23,4:29:50,0:06:58,0:05:18,12:37:16,5145,23363,16190,418,318,45436,85,8,3,47,6,3,114,10,3,85,8,3,Finisher,4193
Khonz,Legaspi,Khonz Legaspi,40,M40-44,Male,Glendale,CA,Philippines,PH,1:39:50,6:15:06,4:34:42,0:06:37,0:03:30,12:39:47,5990,22506,16482,397,210,45587,86,78,12,109,97,17,112,103,14,86,78,12,Finisher,3329
Chan,Boon Kiang,Chan Boon Kiang,177,M35-39,Male,,,Singapore,SG,1:23:19,6:07:23,4:50:06,0:07:59,0:11:09,12:39:55,4999,22043,17406,479,669,45595,87,79,17,42,38,5,68,65,13,87,79,17,Finisher,3793
Espinosa,Erwin,Espinosa Erwin,252,M45-49,Male,,,Philippines,PH,1:50:05,5:51:36,4:41:03,0:10:10,0:07:55,12:40:49,6605,21096,16863,610,475,45649,88,80,21,159,144,45,91,84,20,88,80,21,Finisher,3026
Hiroshi,Ito,Hiroshi Ito,376,M60-64,Male,miyako  ,JP-03,Japan,JP,1:27:22,6:20:08,4:40:00,0:06:02,0:08:09,12:41:41,5242,22808,16800,362,489,45701,89,81,5,51,44,3,96,89,5,89,81,5,Finisher,4019
Minh Anh,Tran Dinh,Minh Anh Tran Dinh,179,M35-39,Male,Ho Chi Minh City,Ho Chi Minh City,Vietnam,VN,1:40:32,6:03:48,4:48:41,0:04:33,0:04:45,12:42:18,6032,21828,17321,273,285,45738,90,82,18,120,106,17,87,80,16,90,82,18,Finisher,3764
Setsuya,Otani,Setsuya Otani,359,M55-59,Male,横浜市港北区新横浜,神奈川県,Japan,JP,1:21:40,6:21:52,4:43:00,0:08:39,0:09:59,12:45:10,4900,22912,16980,519,599,45910,91,83,6,36,32,5,92,85,8,91,83,6,Finisher,3826
Kristoffer,Crisostomo,Kristoffer Crisostomo,89,M40-44,Male,Lake Elsinore,CA,Philippines,PH,1:37:36,5:47:51,5:07:58,0:08:11,0:07:23,12:48:58,5856,20871,18478,491,443,46138,92,84,13,96,86,15,58,56,8,92,84,13,Finisher,3219
Kazuaki,Yamana,Kazuaki Yamana,355,M55-59,Male,Chuo-ku,JP-13,Japan,JP,1:41:05,6:13:04,4:27:49,0:14:30,0:13:02,12:49:29,6065,22384,16069,870,782,46169,93,85,7,123,109,10,122,111,9,93,85,7,Finisher,3775
Joffrey,Año,Joffrey Año,122,M45-49,Male,"San Jose, Pili",PH-CAS,Philippines,PH,1:36:38,6:11:01,4:52:20,0:07:23,0:04:55,12:52:16,5798,22261,17540,443,295,46336,94,86,22,95,85,24,98,91,24,94,86,22,Finisher,2888
Elicsar,Caladiao,Elicsar Caladiao,103,M45-49,Male,"Mabiga, Mabalacat Citu",PH-PAM,Philippines,PH,1:44:02,6:08:58,4:49:10,0:06:29,0:06:37,12:55:15,6242,22138,17350,389,397,46515,95,87,23,134,120,36,108,99,28,95,87,23,Finisher,2853
Erdei,Sándor,Erdei Sándor,319,M50-54,Male,Balatonkenese,,Hungary,HU,1:43:42,5:53:56,5:03:08,0:08:48,0:07:38,12:57:12,6222,21236,18188,528,458,46632,96,88,11,133,119,13,80,74,10,96,88,11,Finisher,3045
Han Kwon,Yoo,Han Kwon Yoo,270,M45-49,Male,고양시,KR-41,South Korea,KR,2:00:22,6:45:09,3:55:06,0:08:00,0:09:24,12:58:00,7222,24309,14106,480,564,46680,97,89,24,228,202,60,192,176,52,97,89,24,Finisher,2820
Paolo,Leano,Paolo Leano,42,M45-49,Male,Quezon City,Metro,Philippines,PH,1:34:03,6:06:16,5:06:34,0:06:15,0:04:53,12:58:02,5643,21976,18394,375,293,46682,98,90,25,85,76,22,81,75,18,98,90,25,Finisher,2819
Jill,Walker,Jill Walker,12,F55-59,Female,TAMPA,FL,United States,US,1:27:12,6:20:24,4:58:38,0:07:36,0:05:30,12:59:21,5232,22824,17918,456,330,46761,99,9,1,50,7,1,99,8,1,99,9,1,Finisher,5000
Kath,Lagunsad,Kath Lagunsad,504,F30-34,Female,San Antonio,Binan Laguna,Philippines,PH,1:39:13,6:20:35,4:47:34,0:06:50,0:05:51,13:00:02,5953,22835,17254,410,351,46802,100,10,4,107,12,5,118,11,4,100,10,4,Finisher,3920
Mark Jethroe,Cunanan,Mark Jethroe Cunanan,172,M30-34,Male,City of San Fernando,PH-PAM,Philippines,PH,1:40:22,5:59:06,5:07:27,0:07:57,0:06:25,13:01:17,6022,21546,18447,477,385,46877,101,91,8,116,103,8,84,77,8,101,91,8,Finisher,2833
Svetlana,Kovaleva,Svetlana Kovaleva,120,F40-44,Female,Ozeretskoe,,Unknown,,2:04:27,6:29:30,4:15:15,0:08:48,0:06:45,13:04:45,7467,23370,15315,528,405,47085,102,11,1,235,27,4,182,16,2,102,11,1,Finisher,5000
Lexter,Ansaldo,Lexter Ansaldo,388,M35-39,Male,davao,PH-DAS,Philippines,PH,1:28:19,6:03:20,5:19:01,0:06:22,0:09:11,13:06:13,5299,21800,19141,382,551,47173,103,92,19,56,49,8,66,63,12,103,92,19,Finisher,3477
Marlon,Ancheta,Marlon Ancheta,96,M45-49,Male,Singapore,02,Philippines,PH,1:40:03,6:11:11,4:53:55,0:08:23,0:14:39,13:08:13,6003,22271,17635,503,879,47293,104,93,26,110,98,28,109,100,29,104,93,26,Finisher,2697
Andreco,Primero,Andreco Primero,266,M45-49,Male,Tinago,Cam Sur,Philippines,PH,1:44:26,5:59:50,5:07:35,0:08:51,0:08:20,13:09:03,6266,21590,18455,531,500,47343,105,94,27,138,124,37,94,87,21,105,94,27,Finisher,2687
Jennifer Aimee,Uy,Jennifer Aimee Uy,117,F35-39,Female,Makati,PH-00,Philippines,PH,1:44:37,6:33:20,4:38:24,0:06:41,0:06:29,13:09:32,6277,23600,16704,401,389,47372,106,12,3,139,15,5,149,12,4,106,12,3,Finisher,3974
Seongjin,Lee,Seongjin Lee,278,M45-49,Male,Yokohama,,South Korea,KR,1:31:11,5:41:38,5:47:11,0:05:57,0:06:24,13:12:20,5471,20498,20831,357,384,47540,107,95,28,63,55,14,35,34,8,107,95,28,Finisher,2648
Thomas,Brackmann,Thomas Brackmann,272,M45-49,Male,Diriyah,RIYADH,Germany,DE,1:51:13,6:17:02,4:50:39,0:06:29,0:07:00,13:12:24,6673,22622,17439,389,420,47544,108,96,29,166,151,47,133,122,36,108,96,29,Finisher,2647
Irecson,Casteel,Irecson Casteel,259,M45-49,Male,Bansalan,PH-DAS,Philippines,PH,1:42:47,6:26:31,4:51:51,0:06:32,0:05:42,13:13:22,6167,23191,17511,392,342,47602,109,97,30,131,117,35,135,124,37,109,97,30,Finisher,2635
John Christopher,Cruz,John Christopher Cruz,269,M45-49,Male,,,Philippines,PH,1:48:44,6:18:08,4:54:44,0:07:04,0:06:50,13:15:29,6524,22688,17684,424,410,47729,110,98,31,155,140,44,131,120,35,110,98,31,Finisher,2610
Ilya,Fedorov,Ilya Fedorov,387,M18-24,Male,Dubai,DXB,United Arab Emirates,AE,0:59:42,5:35:40,6:31:08,0:03:01,0:06:11,13:15:43,3582,20140,23468,181,371,47743,111,99,1,2,2,1,9,9,1,111,99,1,Finisher,5000
Allan,Brizuela,Allan Brizuela,299,M45-49,Male,Las Pinas,PH-00,Philippines,PH,1:52:21,6:11:41,4:58:14,0:07:19,0:06:36,13:16:12,6741,22301,17894,439,396,47772,112,100,32,173,158,48,128,117,34,112,100,32,Finisher,2601
Shigeki,Nishimura,Shigeki Nishimura,251,M40-44,Male,Izumi-shi,,Japan,JP,1:31:11,6:05:16,5:27:21,0:05:51,0:07:00,13:16:39,5471,21916,19641,351,420,47799,113,101,14,64,56,8,70,67,9,113,101,14,Finisher,2887
Christian,Guran,Christian Guran,162,M30-34,Male,"San Agustin, Canaman",Camarines Sur,Philippines,PH,1:44:19,6:20:19,5:01:53,0:05:40,0:05:00,13:17:11,6259,22819,18113,340,300,47831,114,102,9,137,123,9,127,116,10,114,102,9,Finisher,2642
Istvan,Dobrovoczky,Istvan Dobrovoczky,310,M45-49,Male,Erd,,Hungary,HU,1:47:15,6:23:06,4:46:50,0:11:52,0:08:14,13:17:17,6435,22986,17210,712,494,47837,115,103,33,149,134,41,143,132,41,115,103,33,Finisher,2588
John,Rueth,John Rueth,205,M40-44,Male,Cordova,PH-CEB,Philippines,PH,1:25:14,6:46:26,4:54:46,0:05:14,0:05:39,13:17:18,5114,24386,17686,314,339,47838,116,104,15,44,40,4,136,125,19,116,104,15,Finisher,2879
CHING-HUNG,LI,CHING-HUNG LI,45,M50-54,Male,Taipei,New Taipei City,Taiwan,TW,1:45:22,6:31:12,4:42:48,0:12:53,0:05:56,13:18:11,6322,23472,16968,773,356,47891,117,105,12,141,126,14,160,148,17,117,105,12,Finisher,2793
Andrea,Tongco,Andrea Tongco,509,F35-39,Female,,,Philippines,PH,1:29:31,6:23:05,5:15:14,0:04:41,0:06:56,13:19:28,5371,22985,18914,281,416,47968,118,13,4,58,8,2,104,9,3,118,13,4,Finisher,3854
Cyril,Bermudo,Cyril Bermudo,297,M45-49,Male,"San Jose, Angeles City",Pampanga,Philippines,PH,2:08:39,6:12:53,4:46:21,0:07:33,0:06:01,13:21:27,7719,22373,17181,453,361,48087,119,106,34,246,217,66,158,146,44,119,106,34,Finisher,2538
Jaakko Kim,Ramos,Jaakko Kim Ramos,211,M40-44,Male,Silang,PH-CAV,Philippines,PH,1:41:25,6:19:48,5:09:34,0:06:31,0:04:49,13:22:08,6085,22788,18574,391,289,48128,120,107,16,124,110,19,120,109,15,120,107,16,Finisher,2821
Jonathan,Barber,Jonathan Barber,395,M55-59,Male,SANTA ROSA,CA,United States,US,1:05:14,6:11:14,5:51:40,0:06:05,0:08:03,13:22:16,3914,22274,21100,365,483,48136,121,108,8,5,5,2,43,42,4,121,108,8,Finisher,3381
Kristopherson,Robledo,Kristopherson Robledo,260,M45-49,Male,Singapore,40,Philippines,PH,2:08:58,6:16:27,4:40:18,0:09:41,0:09:20,13:24:42,7738,22587,16818,581,560,48282,122,109,35,248,219,67,169,156,48,122,109,35,Finisher,2499
Rex,Villaflor,Rex Villaflor,242,M40-44,Male,Singapore,01,Philippines,PH,1:09:53,7:01:35,5:01:19,0:07:34,0:05:18,13:25:40,4193,25295,18079,454,318,48340,123,110,17,9,9,1,138,127,20,123,110,17,Finisher,2778
Sohta,Tanaka,Sohta Tanaka,160,M30-34,Male,Minataku,TOKYO,Japan,JP,1:21:18,6:14:07,5:35:20,0:07:37,0:07:22,13:25:45,4878,22447,20120,457,442,48345,124,111,10,33,29,4,72,68,7,124,111,10,Finisher,2540
Armando Agustin,Domingo,Armando Agustin Domingo,110,M50-54,Male,Doha,Doha,Philippines,PH,1:38:02,6:13:08,5:19:47,0:08:34,0:07:39,13:27:11,5882,22388,19187,514,459,48431,125,112,13,99,89,9,111,102,13,125,112,13,Finisher,2685
Wayne Mark,Elep,Wayne Mark Elep,102,M45-49,Male,Abu dhabi city,PH-BTN,Philippines,PH,1:40:20,6:09:33,5:21:47,0:08:50,0:08:02,13:28:32,6020,22173,19307,530,482,48512,126,113,36,115,102,29,106,97,27,126,113,36,Finisher,2453
Johnatan,Sunga,Johnatan Sunga,329,M50-54,Male,"SAN MATIAS, GUAGUA",PAMPANGA,Philippines,PH,1:56:15,6:24:08,4:54:21,0:09:50,0:08:05,13:32:38,6975,23048,17661,590,485,48758,127,114,14,211,190,22,163,150,18,127,114,14,Finisher,2620
Etta-Mai,Farrell,Etta-Mai Farrell,516,F40-44,Female,Taguig City,00,Ireland,IE,1:52:59,6:39:59,4:49:15,0:06:00,0:04:42,13:32:56,6779,23999,17355,360,282,48776,128,14,2,183,16,1,172,14,1,128,14,2,Finisher,4661
Rodelio,Medrano,Rodelio Medrano,240,M40-44,Male,,,Philippines,PH,1:53:04,6:25:25,4:59:46,0:08:04,0:06:50,13:33:10,6784,23125,17986,484,410,48790,129,115,18,185,168,32,152,140,22,129,115,18,Finisher,2688
Kim,Estanil,Kim Estanil,181,M35-39,Male,Bonao,Negros Oriental,Philippines,PH,1:33:48,6:26:17,5:15:59,0:10:03,0:07:38,13:33:44,5628,23177,18959,603,458,48824,130,116,20,83,74,14,126,115,20,130,116,20,Finisher,3147
Hiroshi,Kodaira,Hiroshi Kodaira,382,M65-69,Male, Takasaki City,JP-10,Japan,JP,1:36:19,6:28:21,5:15:44,0:09:31,0:05:45,13:35:40,5779,23301,18944,571,345,48940,131,117,1,94,84,2,132,121,1,131,117,1,Finisher,5000
hyunwoo,kim,hyunwoo kim,316,M50-54,Male,하남시,경기도,South Korea,KR,1:32:06,6:09:29,5:41:44,0:09:50,0:07:40,13:40:49,5526,22169,20504,590,460,49249,132,118,15,70,62,7,90,83,12,132,118,15,Finisher,2521
Raoul Franco,Ramos,Raoul Franco Ramos,274,M45-49,Male,Makati,NATIONAL CAPITAL REGION,Philippines,PH,1:33:18,6:17:25,5:36:23,0:06:56,0:06:53,13:40:55,5598,22645,20183,416,413,49255,133,119,37,79,71,19,105,96,26,133,119,37,Finisher,2305
Ricarte,Dayata,Ricarte Dayata,107,M45-49,Male, Quezon City,PH-00,Philippines,PH,1:32:59,6:09:09,5:46:39,0:06:01,0:06:34,13:41:23,5579,22149,20799,361,394,49283,134,120,38,77,69,18,86,79,19,134,120,38,Finisher,2299
Jasper,Sevilla,Jasper Sevilla,285,M45-49,Male,Singapore,Singapore,Philippines,PH,1:59:54,6:43:19,4:38:42,0:09:20,0:10:27,13:41:43,7194,24199,16722,560,627,49303,135,121,39,227,201,59,191,175,51,135,121,39,Finisher,2295
John Christian,Rodriguez,John Christian Rodriguez,167,M30-34,Male,Pulung cacutud angeles city,PH-PAM,Philippines,PH,1:53:41,6:11:43,5:17:02,0:09:40,0:10:33,13:42:40,6821,22303,19022,580,633,49360,136,122,11,189,172,13,134,123,11,136,122,11,Finisher,2337
Nathaniel,Noprada,Nathaniel Noprada,254,M45-49,Male,Concepcion II,MARIKINA CITY,Philippines,PH,1:50:57,6:25:59,5:13:04,0:07:25,0:06:50,13:44:15,6657,23159,18784,445,410,49455,137,123,40,164,149,46,144,133,42,137,123,40,Finisher,2265
Reyjun,Vibas,Reyjun Vibas,286,M45-49,Male,Digos city,Davao del sur,Philippines,PH,1:23:12,6:31:42,5:33:52,0:08:09,0:07:23,13:44:18,4992,23502,20032,489,443,49458,138,124,41,41,37,9,115,105,32,138,124,41,Finisher,2264
Kiyoshi,Yoshimura,Kiyoshi Yoshimura,371,M60-64,Male,Tokyo,,Japan,JP,1:37:57,6:27:58,5:24:31,0:05:49,0:09:05,13:45:21,5877,23278,19471,349,545,49521,139,125,6,98,88,5,129,118,7,139,125,6,Finisher,3255
Santiago,Bumolyad Jr,Santiago Bumolyad Jr,158,M30-34,Male,Maningning,Palawan,Philippines,PH,1:57:08,6:40:09,4:52:57,0:08:58,0:06:25,13:45:37,7028,24009,17577,538,385,49537,140,126,12,218,195,17,184,168,17,140,126,12,Finisher,2301
Tan Loi,Phan,Tan Loi Phan,248,M40-44,Male,HCMC,VN-SG,Vietnam,VN,1:53:39,6:29:58,5:13:48,0:05:15,0:03:48,13:46:28,6819,23398,18828,315,228,49588,141,127,19,188,171,34,157,145,23,141,127,19,Finisher,2529
Marlon,Castillo,Marlon Castillo,280,M45-49,Male,panamitan kawit,PH-CAV,Philippines,PH,2:19:45,6:39:01,4:41:28,0:04:22,0:06:36,13:51:12,8385,23941,16888,262,396,49872,142,128,42,258,228,68,210,189,58,142,128,42,Finisher,2181
Ban,Tran,Ban Tran,228,M40-44,Male,Ho Chi Minh City,Ho Chi Minh City,Vietnam,VN,1:58:17,6:54:52,4:41:57,0:08:28,0:08:02,13:51:35,7097,24892,16917,508,482,49895,143,129,20,223,198,40,208,187,34,143,129,20,Finisher,2467
Enrico,Yamsuan,Enrico Yamsuan,291,M45-49,Male,singapore,CENTRAL SINGAPORE,Philippines,PH,1:47:30,6:33:48,5:16:02,0:09:02,0:06:39,13:53:01,6450,23628,18962,542,399,49981,144,130,43,152,137,42,164,151,46,144,130,43,Finisher,2159
Luigine Christi,Chan,Luigine Christi Chan,505,F30-34,Female,"Barangay Tisa, Cebu City",Cebu Province,Philippines,PH,1:54:14,6:59:45,4:47:14,0:06:34,0:05:21,13:53:09,6854,25185,17234,394,321,49989,145,15,5,192,19,6,206,21,6,145,15,5,Finisher,3282
Harold,Pinero,Harold Pinero,294,M45-49,Male,Brgy.Looc,Negros Oriental,Philippines,PH,1:20:29,7:02:52,5:18:01,0:08:05,0:04:47,13:54:14,4829,25372,19081,485,287,50054,146,131,44,30,26,4,165,152,47,146,131,44,Finisher,2145
Pericles Ii,Mallari,Pericles Ii Mallari,187,M35-39,Male,Avida woodhill settings nuvali,Calamba laguna,Philippines,PH,1:40:17,6:33:48,5:18:31,0:13:05,0:08:59,13:54:39,6017,23628,19111,785,539,50079,147,132,21,114,101,16,153,141,23,147,132,21,Finisher,2896
Lai Soon,Ng,Lai Soon Ng,282,M45-49,Male,Metro Manila,,Malaysia,MY,1:32:27,6:43:33,5:29:29,0:05:05,0:05:38,13:56:13,5547,24213,19769,305,338,50173,148,133,45,74,66,17,142,131,40,148,133,45,Finisher,2121
Joseph Joy,Caluma,Joseph Joy Caluma,216,M40-44,Male,,AUH,Philippines,PH,1:46:57,6:03:25,5:52:12,0:08:22,0:06:25,13:57:21,6417,21805,21132,502,385,50241,149,134,21,148,133,22,107,98,13,149,134,21,Finisher,2398
Phuong,Vuong,Phuong Vuong,127,F50-54,Female,Milpitas,CA,United States,US,1:58:13,6:58:01,4:48:16,0:07:55,0:05:47,13:58:13,7093,25081,17296,475,347,50293,150,16,1,222,25,3,211,22,3,150,16,1,Finisher,5000
Philippe,Bonalos,Philippe Bonalos,215,M40-44,Male,Pasig,,Philippines,PH,1:49:05,6:37:59,5:16:20,0:09:32,0:06:37,13:59:32,6545,23879,18980,572,397,50372,151,135,22,156,141,24,171,158,26,151,135,22,Finisher,2372
Jerell,Gantan,Jerell Gantan,171,M30-34,Male,Mamatitang Mabalacat,Pampanga,Philippines,PH,1:55:26,6:36:57,5:11:32,0:09:21,0:07:58,14:01:14,6926,23817,18692,561,478,50474,152,136,13,204,185,16,178,163,16,152,136,13,Finisher,2114
Mark Brian,Miranda,Mark Brian Miranda,175,M35-39,Male,Mambog 4 city of bacoor,Cavite,Philippines,PH,1:54:37,6:46:29,5:06:27,0:05:31,0:08:25,14:01:29,6877,24389,18387,331,505,50489,153,137,22,195,176,26,185,169,26,153,137,22,Finisher,2814
Juan Gabriel,Peña,Juan Gabriel Peña,124,M30-34,Male,Olongapo city,PH-ZMB,Philippines,PH,1:49:11,6:32:50,5:27:20,0:07:10,0:05:49,14:02:21,6551,23570,19640,430,349,50541,154,138,14,157,142,11,159,147,15,154,138,14,Finisher,2100
Vick. Bryan,Gomez,Vick. Bryan Gomez,227,M40-44,Male,Dumaguete City,Negros Oriental,Philippines,PH,1:33:48,6:52:22,5:16:16,0:10:05,0:11:31,14:04:02,5628,24742,18976,605,691,50642,155,139,23,82,73,11,170,157,25,155,139,23,Finisher,2318
Anthony,Schreiner,Anthony Schreiner,381,M65-69,Male,Santa Barbara,CA,United States,US,1:32:53,6:34:57,5:38:22,0:11:23,0:08:24,14:05:59,5573,23697,20302,683,504,50759,156,140,2,76,68,1,139,128,2,156,140,2,Finisher,4636
Kristian,Cabahug,Kristian Cabahug,217,M40-44,Male,Mandaue,Cebu,Philippines,PH,1:35:52,6:26:32,5:51:11,0:06:58,0:05:43,14:06:17,5752,23192,21071,418,343,50777,157,141,24,92,82,14,124,113,17,157,141,24,Finisher,2291
Marieflor,Justiniane,Marieflor Justiniane,503,F30-34,Female,lapu lapu city,cebu,Philippines,PH,1:35:31,7:15:39,4:59:52,0:08:22,0:08:58,14:08:22,5731,26139,17992,502,538,50902,158,17,6,90,10,4,201,18,5,158,17,6,Finisher,3100
Mendelf,Billedo,Mendelf Billedo,128,M40-44,Male,"Nalasin, Santo Domingo",ILS,Philippines,PH,1:54:40,6:07:53,5:53:40,0:09:13,0:05:33,14:10:59,6880,22073,21220,553,333,51059,159,142,25,198,179,35,130,119,18,159,142,25,Finisher,2235
Emerson,Pejo,Emerson Pejo,313,M45-49,Male,"Magtaking, San Carlos City",Pangasinan,Philippines,PH,1:38:46,6:17:52,6:01:20,0:07:21,0:06:18,14:11:36,5926,22672,21680,441,378,51096,160,143,46,104,93,27,117,107,33,160,143,46,Finisher,1936
Federico,Mendoza,Federico Mendoza,198,M35-39,Male,Abu Dhabi,AUH,Philippines,PH,1:49:25,6:25:54,5:42:25,0:09:11,0:06:54,14:13:49,6565,23154,20545,551,414,51229,161,144,23,158,143,20,147,136,21,161,144,23,Finisher,2666
Ian,Atrero,Ian Atrero,166,M30-34,Male,Real 2,"Bacoor, Cavite",Philippines,PH,1:50:34,6:28:50,5:43:44,0:05:33,0:06:28,14:15:09,6634,23330,20624,333,388,51309,162,145,15,162,147,12,150,138,14,162,145,15,Finisher,1947
Francis Dale C,Fabiana,Francis Dale C Fabiana,193,M35-39,Male,Muntinlupa City,Metro Manila,Philippines,PH,1:54:28,6:30:10,5:36:26,0:09:00,0:05:35,14:15:39,6868,23410,20186,540,335,51339,163,146,24,194,175,25,168,155,24,163,146,24,Finisher,2644
Philippides,Cayetano,Philippides Cayetano,206,M40-44,Male,Balibago,PH-LAG,Philippines,PH,1:50:12,6:40:44,5:26:05,0:08:57,0:11:19,14:17:17,6612,24044,19565,537,679,51437,164,147,26,160,145,25,177,162,27,164,147,26,Finisher,2159
Arnold,Mercado,Arnold Mercado,113,M50-54,Male,,,Philippines,PH,1:51:11,6:05:44,6:04:03,0:09:44,0:07:40,14:18:21,6671,21944,21843,584,460,51501,165,148,16,165,150,17,119,108,14,165,148,16,Finisher,2071
Ralph,Lagrisola,Ralph Lagrisola,154,M30-34,Male,Pamplona 2,Metro Manila,Philippines,PH,1:54:38,6:46:21,5:22:10,0:07:25,0:08:21,14:18:56,6878,24381,19330,445,501,51536,166,149,16,196,177,15,186,170,18,166,149,16,Finisher,1901
Ting Wei,Chen,Ting Wei Chen,257,M45-49,Male,Singapore,Singapore,Singapore,SG,1:52:54,6:51:03,5:13:52,0:11:09,0:10:39,14:19:37,6774,24663,18832,669,639,51577,167,150,47,180,165,50,195,179,53,167,150,47,Finisher,1840
Ryan,Tipon,Ryan Tipon,235,M40-44,Male,antipolo,RIZ,Philippines,PH,1:50:52,6:44:11,5:33:07,0:08:02,0:05:38,14:21:51,6652,24251,19987,482,338,51711,168,151,27,163,148,26,183,167,30,168,151,27,Finisher,2104
Gary Jr,Turno,Gary Jr Turno,333,M50-54,Male,Dubai,DXB,Philippines,PH,1:52:55,6:59:17,5:16:42,0:08:35,0:04:51,14:22:20,6775,25157,19002,515,291,51740,169,152,17,181,166,20,207,186,21,169,152,17,Finisher,2023
Dai,Matsui,Dai Matsui,9,M55-59,Male,Setagaya Okamoto,JP-13,Japan,JP,1:14:00,6:47:54,6:02:02,0:07:15,0:11:31,14:22:43,4440,24474,21722,435,691,51763,170,153,9,18,17,4,123,112,10,170,153,9,Finisher,2656
Jeriko Al,Santos,Jeriko Al Santos,174,M35-39,Male,"Barangay Ugong, Pasig City",NCR,Philippines,PH,1:56:11,6:41:48,5:25:19,0:12:04,0:08:51,14:24:14,6971,24108,19519,724,531,51854,171,154,25,209,188,28,189,173,27,171,154,25,Finisher,2541
ANNOP,JIRANAPAKUL,ANNOP JIRANAPAKUL,246,M40-44,Male,Bangkok,,Thailand,TH,1:55:04,7:03:29,5:08:57,0:09:46,0:09:06,14:26:22,6904,25409,18537,586,546,51982,172,155,28,203,184,37,218,196,35,172,155,28,Finisher,2050
Divino,Asilo,Divino Asilo,276,M45-49,Male,Mandaluyong,PH-00,Philippines,PH,1:46:05,6:49:51,5:37:03,0:06:35,0:07:40,14:27:12,6365,24591,20223,395,460,52032,173,156,48,143,128,39,181,166,50,173,156,48,Finisher,1749
Esteban,Cauton,Esteban Cauton,290,M45-49,Male,Brookside,Benguet,Philippines,PH,2:04:44,6:55:47,5:11:31,0:09:18,0:06:02,14:27:22,7484,24947,18691,558,362,52042,174,157,49,236,209,62,219,197,61,174,157,49,Finisher,1747
Johan,Halling,Johan Halling,374,M60-64,Male,Särö,foreigner,Sweden,SE,1:38:43,6:09:00,6:24:02,0:08:40,0:08:44,14:29:10,5923,22140,23042,520,524,52150,175,158,7,103,92,6,102,94,6,175,158,7,Finisher,2729
Dilip,Mishra,Dilip Mishra,218,M40-44,Male,Dubai,DXB,India,IN,1:52:18,6:53:51,5:28:46,0:07:57,0:06:44,14:29:35,6738,24831,19726,477,404,52175,176,159,29,172,157,29,193,177,31,176,159,29,Finisher,2011
Garett,Cailles,Garett Cailles,263,M45-49,Male,Merville,,Philippines,PH,1:46:12,6:32:06,6:00:04,0:06:05,0:06:06,14:30:32,6372,23526,21604,365,366,52232,177,160,50,144,129,40,145,134,43,177,160,50,Finisher,1709
Christian Rey,Vega,Christian Rey Vega,220,M40-44,Male,"Paco, Manila",NCR,Philippines,PH,1:32:44,6:44:21,5:59:25,0:07:21,0:07:05,14:30:55,5564,24261,21565,441,425,52255,178,161,30,75,67,10,146,135,21,178,161,30,Finisher,1995
John Jeri,Quinday,John Jeri Quinday,250,M40-44,Male,San Pedro City,Laguna,Philippines,PH,1:44:14,6:40:50,5:50:43,0:07:00,0:08:24,14:31:10,6254,24050,21043,420,504,52270,179,162,31,136,122,21,167,154,24,179,162,31,Finisher,1992
NGAN,LAM TUC ,NGAN LAM TUC,16,F25-29,Female,Ho Chi Minh,VN-SG,Vietnam,VN,1:53:02,7:01:39,5:28:13,0:04:54,0:03:23,14:31:11,6782,25299,19693,294,203,52271,180,18,1,184,17,1,202,19,1,180,18,1,Finisher,5000
Pol David,Buencamino,Pol David Buencamino,31,M25-29,Male,San Jose,"San Miguel, Bulacan",Philippines,PH,1:39:00,6:01:48,6:37:14,0:05:28,0:08:08,14:31:38,5940,21708,23834,328,488,52298,181,163,5,105,94,4,78,72,4,181,163,5,Finisher,2602
Leilani,Tan,Leilani Tan,123,F50-54,Female,Molino IV Bacoor City,PH-CAV,Philippines,PH,1:56:07,6:51:41,5:23:16,0:12:18,0:08:21,14:31:42,6967,24701,19396,738,501,52302,182,19,2,208,21,1,203,20,2,182,19,2,Finisher,4598
Larivin,Sevilleja,Larivin Sevilleja,320,M50-54,Male,,,Philippines,PH,2:11:22,6:27:52,5:35:19,0:10:20,0:07:23,14:32:17,7882,23272,20119,620,443,52337,183,164,18,249,220,25,188,172,20,183,164,18,Finisher,1904
Nylah,Bautista,Nylah Bautista,55,F45-49,Female,"Taguig, Fort Bonifacio",Intl State,Philippines,PH,1:40:07,6:52:32,5:51:49,0:06:56,0:05:07,14:36:31,6007,24752,21109,416,307,52591,184,20,3,111,13,2,176,15,3,184,20,3,Finisher,2972
Julian Paolo,Tayag,Julian Paolo Tayag,293,M45-49,Male,Angeles City,Pampanga,Philippines,PH,1:41:41,6:27:37,6:12:10,0:08:22,0:06:46,14:36:37,6101,23257,22330,502,406,52597,185,165,51,125,111,32,137,126,38,185,165,51,Finisher,1636
Romel,Malbas,Romel Malbas,324,M50-54,Male,Singapore,,Singapore,SG,1:48:09,6:30:22,5:53:52,0:09:38,0:14:52,14:36:53,6489,23422,21232,578,892,52613,186,166,19,154,139,16,154,142,15,186,166,19,Finisher,1849
Fredeerick Paulate,Rigor,Fredeerick Paulate Rigor,239,M40-44,Male,Singapore,01,Philippines,PH,1:58:53,6:47:46,5:37:22,0:08:10,0:05:53,14:38:04,7133,24466,20242,490,353,52684,187,167,32,224,199,41,194,178,32,187,167,32,Finisher,1910
Frederick,Fernandez,Frederick Fernandez,302,M45-49,Male,Carson,CA,United States,US,1:57:21,6:27:41,6:08:56,0:04:43,0:03:38,14:42:19,7041,23261,22136,283,218,52939,188,168,52,219,196,57,162,149,45,188,168,52,Finisher,1568
Jiffy,Chua,Jiffy Chua,321,M50-54,Male,Manila,PH-00,Philippines,PH,2:18:40,6:52:57,5:15:52,0:08:08,0:09:59,14:45:38,8320,24777,18952,488,599,53138,189,169,20,257,227,28,226,203,25,189,169,20,Finisher,1744
Joe,Wen,Joe Wen,184,M35-39,Male,5,Agusan del sur,United States,US,1:29:56,6:26:09,6:39:20,0:07:00,0:06:44,14:49:10,5396,23169,23960,420,404,53350,190,170,26,59,51,10,116,106,18,190,170,26,Finisher,2242
Karl T,Reformina,Karl T Reformina,234,M40-44,Male,"Brgy. LANGKAAN, Dasmariñas City",CAV,Philippines,PH,2:08:54,6:25:56,6:00:51,0:07:26,0:06:15,14:49:22,7734,23156,21651,446,375,53362,191,171,33,247,218,43,179,164,28,191,171,33,Finisher,1774
John Bill,Benedicto,John Bill Benedicto,180,M35-39,Male,Lourdes,Metro Manila,Philippines,PH,2:12:22,6:46:00,5:43:24,0:05:53,0:06:51,14:54:29,7942,24360,20604,353,411,53669,192,172,27,250,221,32,212,190,28,192,172,27,Finisher,2178
Taro,Iriyama,Taro Iriyama,361,M55-59,Male,Ama,JP-23,Japan,JP,1:52:04,6:19:56,6:12:16,0:16:14,0:14:27,14:54:57,6724,22796,22336,974,867,53697,193,173,10,171,156,13,155,143,11,193,173,10,Finisher,2269
Rossman,Pineda,Rossman Pineda,176,M35-39,Male,"Camachiles, Mabalacat City",Pampanga,Philippines,PH,2:02:28,6:27:28,6:09:05,0:09:20,0:07:59,14:56:20,7348,23248,22145,560,479,53780,194,174,28,232,206,30,174,160,25,194,174,28,Finisher,2156
April,Lañas,April Lañas,513,F40-44,Female,BGC Taguig,00,Philippines,PH,1:57:01,7:36:25,5:10:47,0:07:49,0:09:26,15:01:27,7021,27385,18647,469,566,54087,195,21,3,217,23,2,247,28,6,195,21,3,Finisher,3599
Sarah,Erana,Sarah Erana,118,F35-39,Female,Brgy Ugong,National Capital Region,Philippines,PH,1:38:21,7:10:31,6:02:15,0:07:14,0:05:02,15:03:23,5901,25831,21735,434,302,54203,196,22,5,101,11,4,197,17,5,196,22,5,Finisher,2607
Reynald,Sanchez,Reynald Sanchez,182,M35-39,Male,Taguig,NATIONAL CAPITAL REGION,Philippines,PH,1:53:35,7:05:06,5:49:28,0:06:54,0:08:57,15:04:01,6815,25506,20968,414,537,54241,197,175,29,187,170,24,216,194,30,197,175,29,Finisher,2064
Vor,Yiu,Vor Yiu,341,M50-54,Male,,,Hong Kong,HK,1:56:12,7:23:28,5:24:56,0:10:40,0:09:30,15:04:47,6972,26608,19496,640,570,54287,198,176,21,210,189,21,238,211,26,198,176,21,Finisher,1514
Eduardo,Sarmiento,Eduardo Sarmiento,369,M55-59,Male,Dubai,DUBAYY,Philippines,PH,1:46:14,6:36:09,6:20:43,0:09:09,0:12:40,15:04:55,6374,23769,22843,549,760,54295,199,177,11,145,130,12,166,153,12,199,177,11,Finisher,2149
Ramoncito,Gonzales,Ramoncito Gonzales,204,M40-44,Male,Brgy San Antonio / Sucat Paranaque City,Metro Manila,Philippines,PH,1:53:27,6:55:14,6:04:55,0:06:28,0:05:37,15:05:40,6807,24914,21895,388,337,54340,200,178,34,186,169,33,196,180,33,200,178,34,Finisher,1578
Rolando,Seprado,Rolando Seprado,337,M50-54,Male,Dubai,DXB,Philippines,PH,1:42:59,6:37:41,6:32:10,0:07:40,0:06:01,15:06:31,6179,23861,23530,460,361,54391,201,179,22,132,118,12,156,144,16,201,179,22,Finisher,1493
Remigio,Gonzalez,Remigio Gonzalez,253,M45-49,Male,KAILUA,HI,United States,US,1:40:38,6:34:25,6:43:07,0:05:06,0:03:30,15:06:45,6038,23665,24187,306,210,54405,202,180,53,121,107,31,140,129,39,202,180,53,Finisher,1275
Robert Archibald,Patricio,Robert Archibald Patricio,33,M30-34,Male,Kawit,PH-CAV,Philippines,PH,1:45:52,6:29:14,6:43:19,0:05:16,0:05:29,15:09:10,6352,23354,24199,316,329,54550,203,181,17,142,127,10,141,130,12,203,181,17,Finisher,1299
Eric,Juban,Eric Juban,169,M30-34,Male,San Jose/Digos City,Davao del Sir,Philippines,PH,1:54:01,6:24:33,6:37:28,0:06:00,0:08:22,15:10:24,6841,23073,23848,360,502,54624,204,182,18,191,173,14,148,137,13,204,182,18,Finisher,1284
Amiel Victor,Asuncion,Amiel Victor Asuncion,196,M35-39,Male,Don Bosco,Paranaque,Philippines,PH,1:54:39,6:55:58,5:50:24,0:14:54,0:14:55,15:10:49,6879,24958,21024,894,895,54649,205,183,30,197,178,27,215,193,29,205,183,30,Finisher,1982
Cynthia,Perkins,Cynthia Perkins,13,F55-59,Female,OAK BROOK,IL,United States,US,1:55:46,7:21:44,5:42:27,0:06:08,0:05:56,15:12:00,6946,26504,20547,368,356,54720,206,23,2,205,20,3,230,25,3,206,23,2,Finisher,3408
Isaias,Bongar,Isaias Bongar,322,M50-54,Male,Pilar,,Philippines,PH,1:52:30,6:38:53,6:23:50,0:07:44,0:11:17,15:14:15,6750,23933,23030,464,677,54855,207,184,23,174,159,18,173,159,19,207,184,23,Finisher,1400
James,Santiago,James Santiago,247,M40-44,Male,Brgy Silangan San Mateo,Rizal,Philippines,PH,1:34:45,6:58:41,5:42:29,0:36:58,0:21:49,15:14:43,5685,25121,20549,2218,1309,54883,208,185,35,88,79,12,220,198,36,208,185,35,Finisher,1470
Jose Antonio,Cabochan,Jose Antonio Cabochan,300,M45-49,Male,Quezon City,NCR,Philippines,PH,1:54:51,7:32:29,5:10:49,0:20:34,0:17:07,15:15:49,6891,27149,18649,1234,1027,54949,209,186,54,201,182,55,252,223,67,209,186,54,Finisher,1166
Ma,Evangeline Endaya,Ma Evangeline Endaya,14,F50-54,Female,Paranaque,Metro Manila,Philippines,PH,1:56:56,6:22:37,6:42:11,0:10:01,0:06:30,15:18:15,7016,22957,24131,601,390,55095,210,24,3,215,22,2,161,13,1,210,24,3,Finisher,4039
Neil,Regino,Neil Regino,249,M40-44,Male,San vicente,CALABARZON,Philippines,PH,1:55:46,6:39:41,6:28:34,0:07:03,0:07:30,15:18:34,6946,23981,23314,423,450,55114,211,187,36,206,186,38,180,165,29,211,187,36,Finisher,1424
Dasharath,Jadhav,Dasharath Jadhav,54,M65-69,Male,Pune,Maharashtra,India,IN,1:51:38,7:19:51,5:41:00,0:11:29,0:14:45,15:18:43,6698,26391,20460,689,885,55123,212,188,3,169,154,3,229,205,4,212,188,3,Finisher,3763
Ohmarkely,Ambrosio,Ohmarkely Ambrosio,315,M50-54,Male,,,Philippines,PH,1:46:46,7:15:14,5:52:03,0:10:56,0:14:15,15:19:14,6406,26114,21123,656,855,55154,213,189,24,147,132,15,222,199,23,213,189,24,Finisher,1340
Joann,Caralian,Joann Caralian,119,F40-44,Female,Bacoor,,Philippines,PH,2:19:53,6:52:20,5:51:22,0:08:02,0:07:39,15:19:16,8393,24740,21082,482,459,55156,214,25,4,259,31,6,227,24,3,214,25,4,Finisher,3385
JANSSEN JAMES,MORADOS,JANSSEN JAMES MORADOS,296,M45-49,Male,Binan,PH-LAG,Philippines,PH,1:34:20,7:15:13,6:16:21,0:06:58,0:07:08,15:19:59,5660,26113,22581,418,428,55199,215,190,55,86,77,23,199,182,54,215,190,55,Finisher,1116
Ramil,Ranario,Ramil Ranario,100,M45-49,Male,Lipa City,,Philippines,PH,1:54:51,6:58:02,6:16:26,0:09:22,0:05:37,15:24:18,6891,25082,22586,562,337,55458,216,191,56,200,181,54,209,188,57,216,191,56,Finisher,1064
Naoto,Yoshimura,Naoto Yoshimura,365,M55-59,Male,toride,ibaraki,Japan,JP,1:44:06,5:54:54,7:33:49,0:05:18,0:07:57,15:26:04,6246,21294,27229,318,477,55564,217,192,12,135,121,11,75,70,7,217,192,12,Finisher,1896
Lean Pocholo,Soto,Lean Pocholo Soto,81,M25-29,Male,San Isidro,Pampanga,Philippines,PH,1:47:23,7:01:31,6:23:11,0:07:30,0:07:32,15:27:08,6443,25291,22991,450,452,55628,218,193,6,151,136,6,198,181,6,218,193,6,Finisher,1936
John lester,David,John lester David,168,M30-34,Male,dolores,PH-PAM,Philippines,PH,2:07:01,6:37:34,6:33:25,0:06:21,0:07:41,15:32:02,7621,23854,23605,381,461,55922,219,194,19,240,212,19,190,174,19,219,194,19,Finisher,1024
Phuong,Nguyễn Việt,Phuong Nguyễn Việt,397,M45-49,Male,Ha Noi,Ha Noi,Vietnam,VN,1:52:55,7:24:32,5:52:29,0:15:32,0:08:53,15:34:21,6775,26672,21149,932,533,56061,220,195,57,182,167,51,241,214,66,220,195,57,Finisher,1000
Maria,Deveza,Maria Deveza,520,F40-44,Female,Las Pinas,Metro Manila,Philippines,PH,1:58:01,7:21:42,5:55:52,0:09:13,0:12:07,15:36:55,7081,26502,21352,553,727,56215,221,26,5,221,24,3,235,27,5,221,26,5,Finisher,3174
Jasper,Sales,Jasper Sales,98,M45-49,Male,General Trias,,Philippines,PH,1:38:27,7:13:51,6:31:21,0:08:01,0:07:19,15:38:58,5907,26031,23481,481,439,56338,222,196,58,102,91,26,205,185,56,222,196,58,Finisher,1000
Ismail,Fulat,Ismail Fulat,241,M40-44,Male,Sandhurst,Berkshire,United Kingdom,GB,1:51:15,7:32:02,5:59:46,0:09:47,0:06:33,15:39:23,6675,27122,21586,587,393,56363,223,197,37,167,152,27,242,215,40,223,197,37,Finisher,1174
Ronaldo,Parlan,Ronaldo Parlan,323,M50-54,Male,Doha,Doha,Philippines,PH,2:12:41,6:57:20,6:14:54,0:08:37,0:06:15,15:39:48,7961,25040,22494,517,375,56388,224,198,25,251,222,26,224,201,24,224,198,25,Finisher,1094
Jinho,Shin,Jinho Shin,396,M55-59,Male,Manila,PH-00,South Korea,KR,1:40:10,7:08:04,6:33:04,0:09:34,0:09:26,15:40:18,6010,25684,23584,574,566,56418,225,199,13,113,100,9,200,183,14,225,199,13,Finisher,1725
Sy Chieh,Lee,Sy Chieh Lee,281,M45-49,Male,Singapore ,,Singapore,SG,1:40:27,7:13:16,6:25:52,0:10:50,0:11:18,15:41:42,6027,25996,23152,650,678,56502,226,200,59,118,104,30,213,191,59,226,200,59,Finisher,1000
Jan,Rublico,Jan Rublico,277,M45-49,Male,Brgy 1,Cagayan de oro city,Philippines,PH,1:59:22,7:08:15,6:14:00,0:11:11,0:09:42,15:42:31,7162,25695,22440,671,582,56551,227,201,60,225,200,58,225,202,62,227,201,60,Finisher,1000
Anthony,Lacsamana,Anthony Lacsamana,289,M45-49,Male,Parkwood,QLD,Philippines,PH,1:56:55,7:20:56,6:07:38,0:11:06,0:07:01,15:43:36,7015,26456,22058,666,421,56616,228,202,61,214,193,56,236,209,65,228,202,61,Finisher,1000
Danilo,Zapanta,Danilo Zapanta,350,M55-59,Male,Taguig,NATIONAL CAPITAL REGION,Philippines,PH,1:56:26,6:44:29,6:47:08,0:07:32,0:08:59,15:44:33,6986,24269,24428,452,539,56673,229,203,14,213,192,15,187,171,13,229,203,14,Finisher,1674
Wilbert,Egipsy,Wilbert Egipsy,243,M40-44,Male,Bardez,Goa,India,IN,1:55:03,7:35:21,5:37:19,0:17:10,0:20:02,15:44:55,6903,27321,20239,1030,1202,56695,230,204,38,202,183,36,251,222,43,230,204,38,Finisher,1107
Shinji,Goda,Shinji Goda,225,M40-44,Male,世田谷区桜丘,東京都,Japan,JP,1:35:37,7:41:52,6:12:27,0:09:55,0:08:46,15:48:37,5737,27712,22347,595,526,56917,231,205,39,91,81,13,233,207,38,231,205,39,Finisher,1063
Wetchaphan,Phothet,Wetchaphan Phothet,231,M40-44,Male,Bang Na,,Thailand,TH,2:04:47,7:28:03,6:04:27,0:07:55,0:07:15,15:52:27,7487,26883,21867,475,435,57147,232,206,40,237,210,42,245,218,41,232,206,40,Finisher,1017
Thomas,Berkes,Thomas Berkes,275,M45-49,Male,APO,AP,United States,US,2:08:27,7:37:13,5:55:49,0:09:26,0:02:59,15:53:54,7707,27433,21349,566,179,57234,233,207,62,244,215,64,256,227,68,233,207,62,Finisher,1000
Francis,Victoria,Francis Victoria,283,M45-49,Male,Mandaluyong City,,Philippines,PH,2:03:50,6:45:48,6:38:05,0:10:34,0:16:04,15:54:22,7430,24348,23885,634,964,57262,234,208,63,233,207,61,204,184,55,234,208,63,Finisher,1000
John Omar,Paredes,John Omar Paredes,255,M45-49,Male,Los Banos,Laguna,Philippines,PH,1:21:38,6:26:53,7:55:19,0:04:50,0:07:11,15:55:51,4898,23213,28519,290,431,57351,235,209,64,35,31,5,95,88,22,235,209,64,Finisher,1000
Jlyne,Eugenio,Jlyne Eugenio,515,F40-44,Female,,DXB,Philippines,PH,2:05:40,7:10:13,6:25:41,0:09:32,0:05:04,15:56:10,7540,25813,23141,572,304,57370,236,27,6,238,28,5,231,26,4,236,27,6,Finisher,2943
Angad,Pratap,Angad Pratap,224,M40-44,Male,BENGALURU,KARNATAKA,India,IN,1:52:51,7:48:55,6:00:38,0:08:34,0:10:00,16:00:57,6771,28135,21638,514,600,57657,237,210,41,179,164,31,255,226,45,237,210,41,Finisher,1000
Paolo,Panganiban,Paolo Panganiban,183,M35-39,Male,"Panasahan, Malolos",Bulacan,Philippines,PH,1:52:44,7:36:51,6:12:52,0:11:10,0:14:13,16:07:50,6764,27411,22372,670,853,58070,238,211,31,178,163,23,244,217,31,238,211,31,Finisher,1298
Ramon,Escala,Ramon Escala,306,M45-49,Male,"San Rafael, Tarlac City",,Philippines,PH,2:08:38,7:08:06,6:32:20,0:11:33,0:10:01,16:10:37,7718,25686,23540,693,601,58237,239,212,65,245,216,65,234,208,64,239,212,65,Finisher,1000
Jimm Paul,Rubi,Jimm Paul Rubi,91,M40-44,Male,"Looc, Lapu-Lapu City",,Philippines,PH,1:47:18,7:30:00,6:40:02,0:09:54,0:05:38,16:12:53,6438,27000,24002,594,338,58373,240,213,42,150,135,23,232,206,37,240,213,42,Finisher,1000
Larry,Ibalio,Larry Ibalio,344,M50-54,Male,"Mayamot, Antipolo City",Rizal,Philippines,PH,2:06:59,6:50:07,7:03:06,0:07:43,0:09:29,16:17:23,7619,24607,25386,463,569,58643,241,214,26,239,211,24,214,192,22,241,214,26,Finisher,1000
Rex,Dalmacio,Rex Dalmacio,392,M45-49,Male,"Cupang, Antipolo City",RIZ,Philippines,PH,1:52:35,6:39:49,7:35:13,0:07:04,0:04:21,16:19:01,6755,23989,27313,424,261,58741,242,215,66,175,160,49,175,161,49,242,215,66,Finisher,1000
Petronilo Jr,Abuan,Petronilo Jr Abuan,343,M50-54,Male,Los banos,PH-LAG,Philippines,PH,2:04:05,7:24:54,6:44:56,0:08:56,0:08:51,16:31:40,7445,26694,24296,536,531,59500,243,216,27,234,208,23,243,216,27,243,216,27,Finisher,1000
Geraldine,Abuan,Geraldine Abuan,121,F55-59,Female,Los Banos,Laguna,Philippines,PH,1:53:53,7:08:09,7:10:27,0:09:06,0:10:16,16:31:50,6833,25689,25827,546,616,59510,244,28,3,190,18,2,221,23,2,244,28,3,Finisher,2450
Tom,Kennedy,Tom Kennedy,379,M65-69,Male,DUNEDIN,FL,United States,US,1:56:59,7:12:15,7:05:59,0:08:38,0:08:50,16:32:41,7019,25935,25559,518,530,59561,245,217,4,216,194,4,223,200,3,245,217,4,Finisher,2875
Thanh,Vu,Thanh Vu,525,F30-34,Female,Ho Chi Minh City,Ho Chi Minh City,Vietnam,VN,2:16:26,7:53:11,6:08:41,0:07:11,0:07:19,16:32:48,8186,28391,22121,431,439,59568,246,29,7,254,30,7,258,31,7,246,29,7,Finisher,1366
Angelo,Leano,Angelo Leano,233,M40-44,Male,"Valle Verde 1 Pasig, Brgy Ugong",,Philippines,PH,2:12:42,7:03:14,6:54:57,0:13:30,0:08:34,16:32:57,7962,25394,24897,810,514,59577,247,218,43,252,223,44,237,210,39,247,218,43,Finisher,1000
Glenn,Penetrante,Glenn Penetrante,288,M45-49,Male,Salcedo Village,PH-00,Philippines,PH,2:08:07,7:05:03,7:00:25,0:08:45,0:12:34,16:34:54,7687,25503,25225,525,754,59694,248,219,67,243,214,63,228,204,63,248,219,67,Finisher,1000
Inderjeet,Singh,Inderjeet Singh,330,M50-54,Male,Chandigarh,Chandigarh,India,IN,2:13:03,7:59:10,6:10:38,0:09:45,0:03:42,16:36:18,7983,28750,22238,585,222,59778,249,220,28,253,224,27,259,228,28,249,220,28,Finisher,1000
Raffy,Tima,Raffy Tima,295,M45-49,Male,Quezon City,Metro Manila,Philippines,PH,1:45:04,7:03:42,7:11:50,0:18:42,0:19:19,16:38:37,6304,25422,25910,1122,1159,59917,250,221,68,140,125,38,217,195,60,250,221,68,Finisher,1000
Neil Ryan,Purpura,Neil Ryan Purpura,207,M40-44,Male,Lapu lapu City,Cebu,Philippines,PH,2:17:00,7:12:27,6:39:41,0:12:20,0:17:21,16:38:48,8220,25947,23981,740,1041,59928,251,222,44,255,225,45,248,220,42,251,222,44,Finisher,1000
Matt,Paz De Leon,Matt Paz De Leon,202,M35-39,Male,Manila,Rizal,Philippines,PH,2:01:22,7:41:57,6:42:02,0:05:11,0:08:17,16:38:49,7282,27717,24122,311,497,59929,252,223,32,230,204,29,253,224,32,252,223,32,Finisher,1000
Alberto,Banaag,Alberto Banaag,389,M60-64,Male,Quezon City,Metro Manila,Philippines,PH,2:18:27,7:13:47,6:40:29,0:08:33,0:17:38,16:38:55,8307,26027,24029,513,1058,59935,253,224,8,256,226,8,246,219,8,253,224,8,Finisher,1172
Melissa Felicitas,Racela,Melissa Felicitas Racela,125,F50-54,Female,Marikina,PH-00,Philippines,PH,2:07:02,7:26:01,6:49:18,0:08:48,0:08:51,16:39:59,7622,26761,24558,528,531,59999,254,30,4,241,29,4,249,29,4,254,30,4,Finisher,3058
Puthipong,Yimvuthikul,Puthipong Yimvuthikul,219,M40-44,Male,Samutprakarn,,Thailand,TH,1:56:07,7:43:36,6:42:22,0:10:16,0:09:56,16:42:16,6967,27816,24142,616,596,60136,255,225,45,207,187,39,254,225,44,255,225,45,Finisher,1000
Arnold,Lee,Arnold Lee,360,M55-59,Male,QUEZON CITY,NATIONAL CAPITAL REGION,Philippines,PH,1:57:56,7:24:37,7:06:06,0:08:22,0:10:04,16:47:05,7076,26677,25566,502,604,60425,256,226,15,220,197,16,240,213,16,256,226,15,Finisher,1000
Mark,Lara,Mark Lara,354,M55-59,Male,chula vista,CA,United States,US,1:56:25,7:20:08,7:11:59,0:13:56,0:08:00,16:50:28,6985,26408,25919,836,480,60628,257,227,16,212,191,14,239,212,15,257,227,16,Finisher,1000
Tito Jr.,Nasol,Tito Jr. Nasol,510,F35-39,Male,Tagum City,PH-DAV,Philippines,PH,1:59:51,8:05:41,6:26:21,0:10:58,0:09:47,16:52:38,7191,29141,23181,658,587,60758,258,31,6,226,26,6,257,30,6,258,31,6,Finisher,1296
Steven,Sy,Steven Sy,364,M55-59,Male,Quezon City,PH-00,Philippines,PH,2:01:31,7:32:46,7:04:42,0:08:58,0:08:25,16:56:23,7291,27166,25482,538,505,60983,259,228,17,231,205,17,250,221,17,259,228,17,Finisher,1000
Kristine,Tan,Kristine Tan,522,F45-49,Female,Brgy Sto. Domingo,"CAINTA, RIZAL",Philippines,PH,2:26:26,,,,,,8786,0,0,0,0,0,99999,99999,99999,99999,99999,99999,99999,99999,99999,99999,99999,99999,DNF,0
Mari,Javier,Mari Javier,325,M50-54,Male,Western Bicutan,Metro Manila,Philippines,PH,,,,,,,0,0,0,0,0,0,99999,99999,99999,99999,99999,99999,99999,99999,99999,99999,99999,99999,DQ,0
Mark,Jansen,Mark Jansen,44,M50-54,Male,,,Australia,AU,1:07:28,5:11:21,,,,,4048,18681,0,230,172,0,99999,99999,99999,99999,99999,99999,99999,99999,99999,99999,99999,99999,DNF,0
Ryan,Dacillo,Ryan Dacillo,192,M35-39,Male,"Barangay Daang Bakal,",Mandaluyong City,Philippines,PH,,,,,,,0,0,0,0,0,0,99999,99999,99999,99999,99999,99999,99999,99999,99999,99999,99999,99999,DNS,0
Markus,Schlosser,Markus Schlosser,372,M60-64,Male,Bad Nauheim,Hesse,Germany,DE,2:10:41,,,,,,7841,0,0,1910,0,0,99999,99999,99999,99999,99999,99999,99999,99999,99999,99999,99999,99999,DNF,0
Taddeius,Almarvez,Taddeius Almarvez,358,M55-59,Male,Palasan Sta Cruz,Laguna,Philippines,PH,,,,,,,0,0,0,0,0,0,99999,99999,99999,99999,99999,99999,99999,99999,99999,99999,99999,99999,DNS,0
Lord,Ong,Lord Ong,402,M50-54,Male,"Pardo, Cebu City",PH-CEB,Philippines,PH,2:29:12,,,,,,8952,0,0,0,0,0,99999,99999,99999,99999,99999,99999,99999,99999,99999,99999,99999,99999,DNF,0
Ha,Cao,Ha Cao,223,M40-44,Male,Hanoi,Hanoi,Vietnam,VN,,,,,,,0,0,0,0,0,0,99999,99999,99999,99999,99999,99999,99999,99999,99999,99999,99999,99999,DNS,0
Alfeo,Sinogaya,Alfeo Sinogaya,221,M40-44,Male,Singapore,,Philippines,PH,,,,,,,0,0,0,0,0,0,99999,99999,99999,99999,99999,99999,99999,99999,99999,99999,99999,99999,DNS,0
Rex,Deleon,Rex Deleon,332,M50-54,Male,San Diego,CA,Philippines,PH,,,,,,,0,0,0,0,0,0,99999,99999,99999,99999,99999,99999,99999,99999,99999,99999,99999,99999,DNS,0
Deo,Timbol,Deo Timbol,2,M30-34,Male,Gurnee,ILLINOIS,Philippines,PH,,,,,,,0,0,0,0,0,0,99999,99999,99999,99999,99999,99999,99999,99999,99999,99999,99999,99999,DNS,0
Feliciano,Quilala,Feliciano Quilala,309,M45-49,Male,"Brgy. Valdez, batac city",Ilocos norte,Philippines,PH,1:56:15,7:47:42,,,,,6975,28062,0,534,361,0,99999,99999,99999,99999,99999,99999,99999,99999,99999,99999,99999,99999,DNF,0
Anthony,Valcos,Anthony Valcos,214,M40-44,Male,san fermin,cauayan city isabela,Philippines,PH,,,,,,,0,0,0,0,0,0,99999,99999,99999,99999,99999,99999,99999,99999,99999,99999,99999,99999,DNS,0
Harry Andrew,Andres,Harry Andrew Andres,317,M50-54,Male,Poro,"San Fernando, La Union",Philippines,PH,,,,,,,0,0,0,0,0,0,99999,99999,99999,99999,99999,99999,99999,99999,99999,99999,99999,99999,DNS,0
Ronald Allan,Ginez,Ronald Allan Ginez,342,M50-54,Male,NANGKA,MARIKINA CITY,Philippines,PH,,,,,,,0,0,0,0,0,0,99999,99999,99999,99999,99999,99999,99999,99999,99999,99999,99999,99999,DNS,0
Michael Johnpaul Benito,Labao,Michael Johnpaul Benito Labao,264,M45-49,Male,Iligan City,,Philippines,PH,,,,,,,0,0,0,0,0,0,99999,99999,99999,99999,99999,99999,99999,99999,99999,99999,99999,99999,DNF,0
Kiet,Ly,Kiet Ly,336,M50-54,Male,HoChiMinh,Vietnam,Vietnam,VN,1:58:52,8:05:27,,,,,7132,29127,0,430,307,0,99999,99999,99999,99999,99999,99999,99999,99999,99999,99999,99999,99999,DNF,0
Tj,Jimenez,Tj Jimenez,357,M55-59,Male,Pasig,PH-00,Philippines,PH,,,,,,,0,0,0,0,0,0,99999,99999,99999,99999,99999,99999,99999,99999,99999,99999,99999,99999,DNS,0
Ben,Carter,Ben Carter,273,M45-49,Male,"Cherngtalay, Thalang",Phuket,Australia,AU,1:22:37,6:33:48,,,,,4957,23628,0,764,1374,0,99999,99999,99999,99999,99999,99999,99999,99999,99999,99999,99999,99999,DNF,0
Masato,Kurokawa,Masato Kurokawa,384,M70-74,Male,千葉県館山市,JP-12,Japan,JP,2:05:26,7:41:10,,,,,7526,27670,0,818,402,0,99999,99999,99999,99999,99999,99999,99999,99999,99999,99999,99999,99999,DNF,0
Emmanuel,Lavin,Emmanuel Lavin,161,M30-34,Male,Al Ain,AUH,Philippines,PH,,,,,,,0,0,0,0,0,0,99999,99999,99999,99999,99999,99999,99999,99999,99999,99999,99999,99999,DQ,0
Alex,Albergaria,Alex Albergaria,401,M50-54,Male,Singapore,Singapore,Portugal,PT,1:24:19,5:42:39,,,,,5059,20559,0,333,396,0,99999,99999,99999,99999,99999,99999,99999,99999,99999,99999,99999,99999,DNF,0
Herrick Rayter B.,Chan,Herrick Rayter B. Chan,157,M30-34,Male,Los Banos,LAGUNA,Philippines,PH,,,,,,,0,0,0,0,0,0,99999,99999,99999,99999,99999,99999,99999,99999,99999,99999,99999,99999,DNF,0
Ma. Aleth,Reblora,Ma. Aleth Reblora,514,F40-44,Female,"Amaya I, Tanza",Cavite,Philippines,PH,2:26:23,,,,,,8783,0,0,1085,0,0,99999,99999,99999,99999,99999,99999,99999,99999,99999,99999,99999,99999,DNF,0
Adrian Carlos,Ruben,Adrian Carlos Ruben,210,M40-44,Male,SINGAPORE,CENTRAL SINGAPORE,Philippines,PH,,,,,,,0,0,0,0,0,0,99999,99999,99999,99999,99999,99999,99999,99999,99999,99999,99999,99999,DNF,0
Giovanni,Bausing,Giovanni Bausing,238,M40-44,Male,Canlubang,"Calamba, Laguna",Philippines,PH,,,,,,,0,0,0,0,0,0,99999,99999,99999,99999,99999,99999,99999,99999,99999,99999,99999,99999,DQ,0
David,Bahia,David Bahia,53,M45-49,Male,Eastvale,CA,Philippines,PH,,,,,,,0,0,0,0,0,0,99999,99999,99999,99999,99999,99999,99999,99999,99999,99999,99999,99999,DNF,0
Jonathan ,Khonghun ,Jonathan Khonghun,213,M40-44,Male,subic,zambales,Philippines,PH,2:11:30,8:08:29,,,,,7890,29309,0,651,450,0,99999,99999,99999,99999,99999,99999,99999,99999,99999,99999,99999,99999,DNF,0
Cam,Leo,Cam Leo,195,M35-39,Male,Hanoi,Hanoi,Vietnam,VN,,,,,,,0,0,0,0,0,0,99999,99999,99999,99999,99999,99999,99999,99999,99999,99999,99999,99999,DNS,0
Alexander,Macalinao,Alexander Macalinao,101,M45-49,Male,Dubai,Autonomous Republic of Crimea,Philippines,PH,,,,,,,0,0,0,0,0,0,99999,99999,99999,99999,99999,99999,99999,99999,99999,99999,99999,99999,DNS,0
Michael,Oledan,Michael Oledan,312,M45-49,Male,PARANAQUE,METRO MANILA,Philippines,PH,,,,,,,0,0,0,0,0,0,99999,99999,99999,99999,99999,99999,99999,99999,99999,99999,99999,99999,DNF,0
Ferdinand,De Guzman,Ferdinand De Guzman,92,M45-49,Male,Abu Dhabi,AUH,Philippines,PH,,,,,,,0,0,0,0,0,0,99999,99999,99999,99999,99999,99999,99999,99999,99999,99999,99999,99999,DNS,0
Nestor,Ramirez,Nestor Ramirez,314,M50-54,Male,los banos laguna,laguna,Philippines,PH,,,,,,,0,0,0,0,0,0,99999,99999,99999,99999,99999,99999,99999,99999,99999,99999,99999,99999,DNF,0
Iman,Mukyo,Iman Mukyo,229,M40-44,Male,Singapore,Singapore,Indonesia,ID,,,,,,,0,0,0,0,0,0,99999,99999,99999,99999,99999,99999,99999,99999,99999,99999,99999,99999,DQ,0
Ceasar Joseph,Muere,Ceasar Joseph Muere,178,M35-39,Male,Telabastagan,PH-PAM,Philippines,PH,2:01:21,,,,,,7281,0,0,329,0,0,99999,99999,99999,99999,99999,99999,99999,99999,99999,99999,99999,99999,DNF,0
Sean,Thompson,Sean Thompson,222,M40-44,Male,Dubai,DXB,Australia,AU,,,,,,,0,0,0,0,0,0,99999,99999,99999,99999,99999,99999,99999,99999,99999,99999,99999,99999,DNS,0
Carmelo,Lunizo,Carmelo Lunizo,390,M60-64,Male,"Bancal, Meycauayan",BULACAN,Philippines,PH,2:25:03,,,,,,8703,0,0,0,0,0,99999,99999,99999,99999,99999,99999,99999,99999,99999,99999,99999,99999,DNF,0
Lloyd,Castillo,Lloyd Castillo,236,M40-44,Male,Pulang Lupa Dos,Metro Manila,Philippines,PH,,,,,,,0,0,0,0,0,0,99999,99999,99999,99999,99999,99999,99999,99999,99999,99999,99999,99999,DNS,0
Jonathan ,Khonghun ,Jonathan Khonghun,116,F25-29,Male,subic,zambales,Philippines,PH,1:44:42,7:49:03,,,,,6282,28143,0,591,439,0,99999,99999,99999,99999,99999,99999,99999,99999,99999,99999,99999,99999,DNF,0
Yoshihito,Munemasa,Yoshihito Munemasa,385,M75-79,Male,Ashiya-shi,Intl State,Japan,JP,,,,,,,0,0,0,0,0,0,99999,99999,99999,99999,99999,99999,99999,99999,99999,99999,99999,99999,DNS,0
Antonio Iii,Celestino,Antonio Iii Celestino,93,M45-49,Male,Brgy II-E,San Pablo City,Philippines,PH,,,,,,,0,0,0,0,0,0,99999,99999,99999,99999,99999,99999,99999,99999,99999,99999,99999,99999,DNF,0
Maryfel,Aumentado,Maryfel Aumentado,51,F40-44,Female,Muntinlupa,PH-00,Philippines,PH,1:42:10,6:28:02,,,,,6130,23282,0,315,299,0,99999,99999,99999,99999,99999,99999,99999,99999,99999,99999,99999,99999,DNF,0
Chris,Molnar,Chris Molnar,304,M45-49,Male,,,Canada,CA,1:26:58,7:39:59,,,,,5218,27599,0,381,713,0,99999,99999,99999,99999,99999,99999,99999,99999,99999,99999,99999,99999,DNF,0
Hideki,Matsumoto,Hideki Matsumoto,373,M60-64,Male,osaka joutou noe,JP-27,Japan,JP,,,,,,,0,0,0,0,0,0,99999,99999,99999,99999,99999,99999,99999,99999,99999,99999,99999,99999,DNS,0
Kristine Berneth,Drueco Bugna,Kristine Berneth Drueco Bugna,523,F25-29,Female,Cristorey,Capas Tarlac,Philippines,PH,,,,,,,0,0,0,0,0,0,99999,99999,99999,99999,99999,99999,99999,99999,99999,99999,99999,99999,DNF,0
Matthew,Gapultos,Matthew Gapultos,165,M30-34,Male,Barangay 588,Manila,United States,US,,,,,,,0,0,0,0,0,0,99999,99999,99999,99999,99999,99999,99999,99999,99999,99999,99999,99999,DNS,0
Jedrik,Ching,Jedrik Ching,399,M35-39,Male,Pasay City,,Philippines,PH,,,,,,,0,0,0,0,0,0,99999,99999,99999,99999,99999,99999,99999,99999,99999,99999,99999,99999,DNF,0
Alex,Manson,Alex Manson,47,M50-54,Male,Singapore,,France,FR,,,,,,,0,0,0,0,0,0,99999,99999,99999,99999,99999,99999,99999,99999,99999,99999,99999,99999,DNS,0
Erickson,Ong,Erickson Ong,284,M45-49,Male,Cebu City,Philippines,Philippines,PH,,,,,,,0,0,0,0,0,0,99999,99999,99999,99999,99999,99999,99999,99999,99999,99999,99999,99999,DNF,0
Jemerson,Vierneza,Jemerson Vierneza,279,M45-49,Male,Itabashi-ku,Tokyo,Philippines,PH,2:06:08,6:26:48,,,,,7568,23208,0,437,326,0,99999,99999,99999,99999,99999,99999,99999,99999,99999,99999,99999,99999,DNF,0
Maria Dolores,Samson,Maria Dolores Samson,517,F45-49,Female,"San Pablo, Camaligan",Camarines Sur,Philippines,PH,,,,,,,0,0,0,0,0,0,99999,99999,99999,99999,99999,99999,99999,99999,99999,99999,99999,99999,DNS,0
John Raymund,Ramos,John Raymund Ramos,164,M30-34,Male,Dela Paz,Metro Manila,Philippines,PH,1:35:51,7:46:36,,,,,5751,27996,0,590,836,0,99999,99999,99999,99999,99999,99999,99999,99999,99999,99999,99999,99999,DNF,0
Rongheng,Chen,Rongheng Chen,151,M18-24,Male,昆明,云南,China,CN,,,,,,,0,0,0,0,0,0,99999,99999,99999,99999,99999,99999,99999,99999,99999,99999,99999,99999,DNS,0
Michael,Ti In,Michael Ti In,307,M45-49,Male,Singpare,02,Philippines,PH,,,,,,,0,0,0,0,0,0,99999,99999,99999,99999,99999,99999,99999,99999,99999,99999,99999,99999,DNF,0
Adjennie,Dls,Adjennie Dls,511,F35-39,Female,Abu dhabi,AZ,Philippines,PH,,,,,,,0,0,0,0,0,0,99999,99999,99999,99999,99999,99999,99999,99999,99999,99999,99999,99999,DNS,0
Giorgio,Pappalardo,Giorgio Pappalardo,108,M45-49,Male,Taipei City,Taipei City,Italy,IT,1:09:28,5:32:46,,,,,4168,19966,0,417,632,0,99999,99999,99999,99999,99999,99999,99999,99999,99999,99999,99999,99999,DNF,0
Samsul Bahari,Adnan,Samsul Bahari Adnan,318,M50-54,Male,AMPANG,YT,Malaysia,MY,2:07:10,8:04:07,,,,,7630,29047,0,985,937,0,99999,99999,99999,99999,99999,99999,99999,99999,99999,99999,99999,99999,DNF,0
Daisuke,Nojima,Daisuke Nojima,305,M45-49,Male,YOKOHAMA,JP-14,Japan,JP,1:11:35,,,,,,4295,0,0,316,0,0,99999,99999,99999,99999,99999,99999,99999,99999,99999,99999,99999,99999,DNF,0
Joseph,Cayetano,Joseph Cayetano,262,M45-49,Male,Quezon City,Metro Manila,Philippines,PH,,,,,,,0,0,0,0,0,0,99999,99999,99999,99999,99999,99999,99999,99999,99999,99999,99999,99999,DNF,0
Jeff,Dorrill,Jeff Dorrill,11,M60-64,Male,DALLAS,TX,United States,US,,,,,,,0,0,0,0,0,0,99999,99999,99999,99999,99999,99999,99999,99999,99999,99999,99999,99999,DNS,0
Enrique Lorenzo,San Agustin,Enrique Lorenzo San Agustin,258,M45-49,Male,Makati City,Metro Manila,Philippines,PH,,,,,,,0,0,0,0,0,0,99999,99999,99999,99999,99999,99999,99999,99999,99999,99999,99999,99999,DNS,0
Jean-Reynald,Millot,Jean-Reynald Millot,331,M50-54,Male,champagnac,CANTAL,France,FR,1:14:12,5:20:12,,,,,4452,19212,0,294,262,0,99999,99999,99999,99999,99999,99999,99999,99999,99999,99999,99999,99999,DNF,0
Minh Hang,Nguyen,Minh Hang Nguyen,502,F25-29,Female,709,Malate,Vietnam,VN,2:23:53,,,,,,8633,0,0,1214,0,0,99999,99999,99999,99999,99999,99999,99999,99999,99999,99999,99999,99999,DNF,0
Christian,Nolledo,Christian Nolledo,230,M40-44,Male,Sharjah,SHJ,Philippines,PH,,,,,,,0,0,0,0,0,0,99999,99999,99999,99999,99999,99999,99999,99999,99999,99999,99999,99999,DQ,0
(therese) Lee Nien Khim,Chan-Kin,(therese) Lee Nien Khim Chan-Kin,519,F65-69,Female,Beau-Bassin,Plaine Wilhems,Mauritius,MU,,,,,,,0,0,0,0,0,0,99999,99999,99999,99999,99999,99999,99999,99999,99999,99999,99999,99999,DQ,0
Martin,Buchholz,Martin Buchholz,50,M65-69,Male,"Lat Sawai, Lamlukka",PATHUM THANI,United States,US,1:29:49,7:08:04,,,,,5389,25684,0,592,0,0,99999,99999,99999,99999,99999,99999,99999,99999,99999,99999,99999,99999,DNF,0
Cheng Tai,Wu,Cheng Tai Wu,84,M30-34,Male,New Taipei City,TW-NWT,Taiwan,TW,,,,,,,0,0,0,0,0,0,99999,99999,99999,99999,99999,99999,99999,99999,99999,99999,99999,99999,DQ,0
Andrew,Kent,Andrew Kent,370,M60-64,Male,St. Lucia,QLD,Australia,AU,,,,,,,0,0,0,0,0,0,99999,99999,99999,99999,99999,99999,99999,99999,99999,99999,99999,99999,DNS,0
Michael,Gay,Michael Gay,339,M50-54,Male,Miami,FL,Hong Kong,HK,,,,,,,0,0,0,0,0,0,99999,99999,99999,99999,99999,99999,99999,99999,99999,99999,99999,99999,DNS,0
Mamoru,Nakashima,Mamoru Nakashima,386,M80-84,Male,"Nakasu,Takarazuka-shi",Hyogo,Japan,JP,,,,,,,0,0,0,0,0,0,99999,99999,99999,99999,99999,99999,99999,99999,99999,99999,99999,99999,DNF,0
Robin,Salandanan,Robin Salandanan,400,M50-54,Male,BF Homes Paranaque,NCR,Philippines,PH,2:01:42,8:19:30,,,,,7302,29970,0,507,369,0,99999,99999,99999,99999,99999,99999,99999,99999,99999,99999,99999,99999,DNF,0
Diosdado,Ramos,Diosdado Ramos,191,M35-39,Male,Bario Barreto,"Olongapo, Zambales",Philippines,PH,,,,,,,0,0,0,0,0,0,99999,99999,99999,99999,99999,99999,99999,99999,99999,99999,99999,99999,DNS,0
Bryan,Retiro,Bryan Retiro,39,M40-44,Male,72,PH-00,Philippines,PH,,,,,,,0,0,0,0,0,0,99999,99999,99999,99999,99999,99999,99999,99999,99999,99999,99999,99999,DNF,0
Alfonso,Serrano,Alfonso Serrano,398,M55-59,Male,Sto. Domingo,Pampanga,Philippines,PH,0:55:32,,,,,,3332,0,0,0,0,0,99999,99999,99999,99999,99999,99999,99999,99999,99999,99999,99999,99999,DNF,0
Roderic,Santos,Roderic Santos,345,M50-54,Male,Bgy. San Agustin,Malabon City,Philippines,PH,,,,,,,0,0,0,0,0,0,99999,99999,99999,99999,99999,99999,99999,99999,99999,99999,99999,99999,DNS,0
Han,Dao,Han Dao,524,F30-34,Female,NEWTON CENTER,MA,Vietnam,VN,,,,,,,0,0,0,0,0,0,99999,99999,99999,99999,99999,99999,99999,99999,99999,99999,99999,99999,DQ,0
Chiquito,Obeso Jr,Chiquito Obeso Jr,83,M25-29,Male,Cebu City,PH-CEB,Philippines,PH,,,,,,,0,0,0,0,0,0,99999,99999,99999,99999,99999,99999,99999,99999,99999,99999,99999,99999,DNS,0
Michael,Baaclo,Michael Baaclo,308,M50-54,Male,Doha,Qatar,Philippines,PH,,,,,,,0,0,0,0,0,0,99999,99999,99999,99999,99999,99999,99999,99999,99999,99999,99999,99999,DNF,0
Rodrigo Jr,Bonggao,Rodrigo Jr Bonggao,265,M45-49,Male,Del Rosario,NAGA CITY CAMARINES SUR,Philippines,PH,,,,,,,0,0,0,0,0,0,99999,99999,99999,99999,99999,99999,99999,99999,99999,99999,99999,99999,DQ,0
Koji,Takaura,Koji Takaura,380,M65-69,Male,Minami-ku Sagamihara,,Japan,JP,,,,,,,0,0,0,0,0,0,99999,99999,99999,99999,99999,99999,99999,99999,99999,99999,99999,99999,DNS,0
Mario,Rapadas,Mario Rapadas,114,M55-59,Male,Concepcios Dos,00,Philippines,PH,2:21:05,7:02:31,6:47:51,0:08:24,0:15:09,16:35:01,8465,25351,24471,504,909,59701,99999,99999,99999,99999,99999,99999,99999,99999,99999,99999,99999,99999,Unofficial,0
Yumiko,Kawakami,Yumiko Kawakami,518,F55-59,Female,Yokohama,JP-14,Japan,JP,,,,,,,0,0,0,0,0,0,99999,99999,99999,99999,99999,99999,99999,99999,99999,99999,99999,99999,DQ,0
Antonio,Malasig,Antonio Malasig,245,M40-44,Male,Pasay,,Philippines,PH,,,,,,,0,0,0,0,0,0,99999,99999,99999,99999,99999,99999,99999,99999,99999,99999,99999,99999,DNF,0
