FirstName,LastName,FullName,Bib,AgeGroup,Gender,City,State,Country,CountryISO,SwimTime,BikeTime,RunTime,T1Time,T2Time,FinishTime,SwimSeconds,BikeSeconds,RunSeconds,T1Seconds,T2Seconds,FinishSeconds,OverallRank,GenderRank,AgeGroupRank,SwimRankOverall,SwimRankGender,SwimRankGroup,BikeRankOverall,BikeRankGender,BikeRankGroup,RunRankOverall,RunRankGender,RunRankGroup,Status,Points
Cheng Tai,Wu,Cheng Tai Wu,165,M30-34,Male,New Taipei City,TW-NWT,Taiwan,TW,0:54:40,4:57:22,3:35:39,0:03:24,0:04:23,9:35:27,3280,17842,12939,204,263,34527,1,1,1,1,1,1,1,1,1,1,1,1,Finisher,5000
ChengDan,Lin,ChengDan Lin,200,M35-39,Male,Wuxi,CN-JS,China,CN,1:16:56,4:48:04,3:25:52,0:04:44,0:02:34,9:38:10,4616,17284,12352,284,154,34690,2,2,1,87,86,20,3,3,2,2,2,1,Finisher,5000
Thibault,Legrand,Thibault Legrand,46,M30-34,Male,Paddington,QLD,France,FR,1:08:53,4:58:55,3:29:22,0:03:40,0:03:05,9:43:54,4133,17935,12562,220,185,35034,3,3,2,35,35,6,4,4,2,3,3,2,Finisher,4898
Martin,Tresca,Martin Tresca,5,M35-39,Male,cascais,,Portugal,PT,1:07:38,5:09:24,3:22:56,0:04:19,0:04:19,9:48:36,4058,18564,12176,259,259,35316,4,4,2,29,29,9,11,11,3,4,4,2,Finisher,4874
Fanchen,Zeng,Fanchen Zeng,13,M30-34,Male,海淀区（Haidian District）,CN-BJ,China,CN,1:09:59,5:06:22,3:27:49,0:04:02,0:03:20,9:51:32,4199,18382,12469,242,200,35492,5,5,3,42,41,8,9,9,5,5,5,3,Finisher,4807
Philip,Billikopf,Philip Billikopf,24,M35-39,Male,Oceanside,CA,Chile,CL,1:09:26,5:08:13,3:30:04,0:04:06,0:03:32,9:55:20,4166,18493,12604,246,212,35720,6,6,3,39,38,10,12,12,4,6,6,3,Finisher,4794
Petr,Lukosz,Petr Lukosz,1,M40-44,Male,Taguig,PH-00,Czech Republic,CZ,1:00:46,5:12:09,3:35:28,0:04:41,0:03:18,9:56:23,3646,18729,12928,281,198,35783,7,7,1,7,7,2,7,7,1,7,7,1,Finisher,5000
Greg,Laxton,Greg Laxton,2,M30-34,Male,Johannesburg,,South Africa,ZA,1:12:58,5:00:22,3:36:11,0:04:10,0:02:44,9:56:25,4378,18022,12971,250,164,35785,8,8,4,59,58,10,6,6,4,8,8,4,Finisher,4748
Hidekazu,Takahashi,Hidekazu Takahashi,300,M45-49,Male,Mitaka,JP-13,Japan,JP,1:00:20,5:24:44,3:28:38,0:02:51,0:03:35,10:00:08,3620,19484,12518,171,215,36008,9,9,1,5,5,2,16,16,1,9,9,1,Finisher,5000
Oliver,Ozsvari,Oliver Ozsvari,44,M40-44,Male,Eger,,Hungary,HU,1:10:18,5:07:54,3:36:01,0:03:46,0:04:09,10:02:07,4218,18474,12961,226,249,36127,10,10,2,45,44,7,13,13,2,10,10,2,Finisher,4931
Tomas,Kostan,Tomas Kostan,60,M30-34,Male,Zilina,Zilina,Slovakia,SK,1:06:56,5:11:35,3:38:55,0:02:25,0:02:35,10:02:27,4016,18695,13135,145,155,36147,11,11,5,22,22,3,10,10,6,11,11,5,Finisher,4676
Mervin Rencel,Santiago,Mervin Rencel Santiago,25,M30-34,Male,Valenzuela,PH-00,Philippines,PH,1:06:49,5:05:38,,0:02:49,0:00:00,10:08:21,4009,18338,0,169,0,36501,12,12,6,18,18,2,5,5,3,12,12,6,Finisher,4605
Takeshi,Ishibashi,Takeshi Ishibashi,179,M35-39,Male,miyakojimaku uchindaichou,JP-27,Japan,JP,0:54:59,5:10:28,3:55:19,0:04:07,0:04:55,10:09:48,3299,18628,14119,247,295,36588,13,13,4,2,2,1,2,2,1,13,13,4,Finisher,4620
Tristan,Flages,Tristan Flages,12,M35-39,Male,Cornas ,ARDECHE,France,FR,1:02:34,5:19:01,3:41:00,0:04:07,0:04:27,10:11:08,3754,19141,13260,247,267,36668,14,14,5,9,9,3,14,14,5,14,14,5,Finisher,4604
Anan,Duangsopa,Anan Duangsopa,238,M40-44,Male,สัตหีบ,ชลบุรี,Thailand,TH,1:08:00,5:15:19,3:45:10,0:04:09,0:05:08,10:17:46,4080,18919,13510,249,308,37066,15,15,3,31,31,4,15,15,3,15,15,3,Finisher,4743
Dvir,Tsuberi,Dvir Tsuberi,161,M30-34,Male,maale adumim,israel,Israel,IL,1:15:48,5:31:13,3:25:20,0:03:21,0:02:44,10:18:25,4548,19873,12320,201,164,37105,16,16,7,78,77,12,31,31,10,16,16,7,Finisher,4484
Koji,Furuya,Koji Furuya,319,M50-54,Male,gokahorinouchiyaizu,JP-22,Japan,JP,1:03:30,5:10:08,4:03:55,0:04:28,0:04:09,10:26:09,3810,18608,14635,268,249,37569,17,17,1,10,10,2,8,8,1,17,17,1,Finisher,5000
John Dedeus,Alcala,John Dedeus Alcala,28,M30-34,Male,Dipolog,Zamboanga del sur,Philippines,PH,1:13:03,5:30:48,3:35:48,0:02:59,0:04:01,10:26:39,4383,19848,12948,179,241,37599,18,18,8,61,60,11,28,28,9,18,18,8,Finisher,4385
Thiti,Thongsa-At,Thiti Thongsa-At,48,M30-34,Male,Pakchong,Nakornratchasima,Thailand,TH,1:09:13,5:32:13,3:38:30,0:03:29,0:03:24,10:26:49,4153,19933,13110,209,204,37609,19,19,9,38,37,7,27,27,8,19,19,9,Finisher,4383
Jonathan,Haworth,Jonathan Haworth,206,M35-39,Male,Koto-Ku,JP-13,Jersey,JE,1:06:12,5:28:22,3:44:49,0:04:14,0:04:31,10:28:08,3972,19702,13489,254,271,37688,20,20,6,16,16,5,21,21,7,20,20,6,Finisher,4400
Gabb,Rosario,Gabb Rosario,66,M35-39,Male,Manila,PH-00,Philippines,PH,1:15:43,5:22:45,3:42:43,0:04:56,0:04:04,10:30:10,4543,19365,13363,296,244,37810,21,21,7,77,76,18,24,24,8,21,21,7,Finisher,4376
Taisuke,Wakayama,Taisuke Wakayama,63,M50-54,Male,Meguro-ku Kakinokizaka,Tokyo,Japan,JP,1:00:17,5:33:32,3:49:13,0:02:57,0:04:13,10:30:11,3617,20012,13753,177,253,37811,22,22,2,4,4,1,19,19,2,22,22,2,Finisher,4951
KIM,DONGMYOUNG,KIM DONGMYOUNG,9,M45-49,Male,Cheongju-si,KR-43,South Korea,KR,1:09:32,5:45:34,3:39:17,0:03:33,0:03:43,10:41:38,4172,20734,13157,213,223,38498,23,23,2,40,39,5,47,47,7,23,23,2,Finisher,4502
Kodo,Hiramatsu,Kodo Hiramatsu,108,M40-44,Male,Meguro,Tokyo,Japan,JP,1:00:25,5:35:39,3:58:54,0:03:27,0:03:34,10:41:59,3625,20139,14334,207,214,38519,24,24,4,6,6,1,23,23,4,24,24,4,Finisher,4452
Nicolas,Philippe,Nicolas Philippe,271,M45-49,Male,,,France,FR,1:07:04,5:41:48,3:52:24,0:02:30,0:02:15,10:46:00,4024,20508,13944,150,135,38760,25,25,3,25,25,3,34,34,4,25,25,3,Finisher,4449
Jemuel,Clemente,Jemuel Clemente,61,M30-34,Male,Paombong,PH-BUL,Philippines,PH,1:25:53,5:30:59,3:43:52,0:04:19,0:03:36,10:48:38,5153,19859,13432,259,216,38918,26,26,10,156,152,19,48,48,13,26,26,10,Finisher,4121
Chun Ann,Neo,Chun Ann Neo,41,M30-34,Male,Singapore,,Singapore,SG,1:18:50,5:35:29,3:48:58,0:03:32,0:02:17,10:49:06,4730,20129,13738,212,137,38946,27,27,11,98,97,15,46,46,12,27,27,11,Finisher,4116
Itai,Hajbi,Itai Hajbi,208,M35-39,Male,Ariel,Hamerkaz,Israel,IL,1:10:07,5:42:27,3:50:30,0:04:00,0:03:25,10:50:28,4207,20547,13830,240,205,39028,28,28,8,44,43,11,43,43,13,28,28,8,Finisher,4132
Shusaku,Nakamura,Shusaku Nakamura,42,M45-49,Male,Higashi Shibuya-ku,TOKYO,Japan,JP,1:12:20,5:33:23,3:58:08,0:03:59,0:02:44,10:50:33,4340,20003,14288,239,164,39033,29,29,4,53,52,8,29,29,3,29,29,4,Finisher,4395
Cláudio,Macatrão,Cláudio Macatrão,120,M40-44,Male,Alcobaça,Leiria,Portugal,PT,1:12:03,5:27:29,4:03:08,0:04:10,0:03:54,10:50:43,4323,19649,14588,250,234,39043,30,30,5,52,51,8,25,25,5,30,30,5,Finisher,4348
Teck Loon,Tan,Teck Loon Tan,4,M45-49,Male,Singapore,Singapore,Singapore,SG,1:07:50,5:41:25,3:50:44,0:05:49,0:05:22,10:51:10,4070,20485,13844,349,322,39070,31,31,5,30,30,4,37,37,5,31,31,5,Finisher,4387
Eduard,Moix,Eduard Moix,216,M40-44,Male,Singapore,,Singapore,SG,1:09:55,5:40:57,3:55:37,0:03:33,0:02:57,10:52:59,4195,20457,14137,213,177,39179,32,32,6,41,40,6,35,35,6,32,32,6,Finisher,4320
Hyungwon,Moon,Hyungwon Moon,109,M50-54,Male,하남시,경기도,South Korea,KR,1:21:36,6:01:55,3:24:27,0:03:31,0:04:28,10:55:55,4896,21715,12267,211,268,39355,33,33,3,116,112,19,87,87,16,33,33,3,Finisher,4642
Tomás,Pires,Tomás Pires,193,M35-39,Male,Lisboa,,Portugal,PT,1:04:25,5:46:49,3:56:18,0:03:59,0:04:40,10:56:11,3865,20809,14178,239,280,39371,34,34,9,12,12,4,39,39,11,34,34,9,Finisher,4063
Genjiro,Wakayama,Genjiro Wakayama,129,M45-49,Male,"azabu, minatoku",Tokyo,Japan,JP,0:55:09,5:36:45,4:15:41,0:05:09,0:05:16,10:58:00,3309,20205,15341,309,316,39480,35,35,6,3,3,1,20,20,2,35,35,6,Finisher,4305
Ryota,Konno,Ryota Konno,114,M18-24,Male,横浜市神奈川区片倉,JP-14,Japan,JP,1:06:59,5:23:40,4:19:08,0:03:35,0:05:23,10:58:44,4019,19420,15548,215,323,39524,36,36,1,23,23,1,18,18,1,36,36,1,Finisher,5000
Kyle,Arnold,Kyle Arnold,105,M40-44,Male,Singapore,Singapore,United States,US,1:13:26,5:36:36,4:02:06,0:04:26,0:03:48,11:00:22,4406,20196,14526,266,228,39622,37,37,7,62,61,10,36,36,7,37,37,7,Finisher,4232
Yohay,Yafe,Yohay Yafe,303,M45-49,Male,Hod Hasharon,Israel,Israel,IL,1:10:22,5:39:40,4:04:39,0:05:23,0:05:04,11:05:08,4222,20380,14679,323,304,39908,38,38,7,46,45,7,40,40,6,38,38,7,Finisher,4220
Ulwan,Dimaporo,Ulwan Dimaporo,394,M35-39,Male,Sultan Naga Dimaporo,Lanao del Norte,Philippines,PH,1:17:06,5:33:50,4:00:50,0:05:15,0:09:36,11:06:37,4626,20030,14450,315,576,39997,39,39,10,88,87,21,42,42,12,39,39,10,Finisher,3938
Daniel,Valdez,Daniel Valdez,50,M40-44,Male,Taguig,PH-00,Philippines,PH,1:24:29,5:40:41,3:52:12,0:04:58,0:04:28,11:06:48,5069,20441,13932,298,268,40008,40,40,8,139,135,24,60,60,9,40,40,8,Finisher,4155
Julian Sebastian,Teves,Julian Sebastian Teves,27,M25-29,Male,Sibulan,PH-NER,Philippines,PH,1:07:19,5:39:34,4:13:24,0:03:09,0:03:51,11:07:16,4039,20374,15204,189,231,40036,41,41,1,27,27,2,30,30,1,41,41,1,Finisher,5000
Shogo,Shigematsu,Shogo Shigematsu,219,M40-44,Male,Bangkok ,KRUNG THEP MAHA NAKHON,Japan,JP,1:19:46,5:40:52,3:58:10,0:05:27,0:03:37,11:07:52,4786,20452,14290,327,217,40072,42,42,9,103,102,18,52,52,8,42,42,9,Finisher,4142
Hyungeun,Kang,Hyungeun Kang,51,M35-39,Male,SEOUL,KR-11,South Korea,KR,1:06:55,5:21:03,4:35:43,0:02:47,0:04:06,11:10:34,4015,19263,16543,167,246,40234,43,43,11,20,20,7,17,17,6,43,43,11,Finisher,3891
Sohta,Tanaka,Sohta Tanaka,98,M30-34,Male,Minataku,TOKYO,Japan,JP,1:07:38,5:42:15,4:07:30,0:07:39,0:06:21,11:11:22,4058,20535,14850,459,381,40282,44,44,12,28,28,4,45,45,11,44,44,12,Finisher,3849
Mubarak,Alwoqayan,Mubarak Alwoqayan,7,M45-49,Male,Kuwait,,Kuwait,KW,1:14:39,5:53:47,3:52:29,0:04:40,0:07:16,11:12:50,4479,21227,13949,280,436,40370,45,45,8,67,66,12,64,64,11,45,45,8,Finisher,4127
Ruangyos,Mahaworamakorn,Ruangyos Mahaworamakorn,111,M45-49,Male,Bangkok,KRUNG THEP MAHA NAKHON,Thailand,TH,1:12:31,6:02:27,3:49:56,0:04:10,0:04:28,11:13:33,4351,21747,13796,250,268,40413,46,46,9,55,54,9,69,69,12,46,46,9,Finisher,4119
Stan,Chow,Stan Chow,244,M40-44,Male,Nakano-Ku,JP-13,Japan,JP,1:07:18,5:59:12,3:56:44,0:05:13,0:05:49,11:14:14,4038,21552,14204,313,349,40454,47,47,10,26,26,3,63,63,10,47,47,10,Finisher,4065
Gregoire,Sauve,Gregoire Sauve,20,M45-49,Male,Versailles,,France,FR,1:13:54,5:50:01,4:02:08,0:03:54,0:04:32,11:14:29,4434,21001,14528,234,272,40469,48,48,10,65,64,11,55,55,8,48,48,10,Finisher,4107
Romeo,Calamohoy,Romeo Calamohoy,77,M25-29,Male,"Poblacion,Sultan Naga Dimaporo",Lanao del Norte,Philippines,PH,1:12:33,6:07:52,3:50:58,0:03:41,0:03:47,11:18:50,4353,22072,13858,221,227,40730,49,49,2,56,55,4,79,79,5,49,49,2,Finisher,4861
Quang,Nguyen,Quang Nguyen,65,M50-54,Male,San Jose,CA,United States,US,1:11:26,5:48:13,4:12:01,0:03:52,0:03:22,11:18:53,4286,20893,15121,232,202,40733,50,50,4,49,48,7,50,50,5,50,50,4,Finisher,4367
Mariano Jr,Basagre,Mariano Jr Basagre,170,M30-34,Male,Nabua,PH-CAS,Philippines,PH,1:24:47,5:53:45,3:55:10,0:03:52,0:02:39,11:20:11,5087,21225,14110,232,159,40811,51,51,13,140,136,17,75,75,15,51,51,13,Finisher,3743
Patrick,Brotons,Patrick Brotons,310,M50-54,Male,peymeinade,,France,FR,1:16:45,5:51:36,4:07:06,0:03:20,0:03:04,11:21:51,4605,21096,14826,200,184,40911,52,52,5,85,84,12,62,62,10,52,52,5,Finisher,4331
Raz,Shabtay,Raz Shabtay,268,M45-49,Male,Taguig,NATIONAL CAPITAL REGION,Israel,IL,1:23:08,5:42:48,4:16:27,0:02:44,0:03:56,11:29:02,4988,20568,15387,164,236,41342,53,53,11,126,122,18,57,57,9,53,53,11,Finisher,3933
Jean Marie,Mozzon,Jean Marie Mozzon,55,M55-59,Male,LE SENTIER,,Switzerland,CH,1:05:29,5:30:26,4:47:12,0:03:04,0:03:06,11:29:18,3929,19826,17232,184,186,41358,54,54,1,14,14,2,22,22,1,54,54,1,Finisher,5000
Fabrice,Bruggmann,Fabrice Bruggmann,104,M50-54,Male,Pfäffikon,,Switzerland,CH,1:20:04,5:32:10,4:26:20,0:05:04,0:06:22,11:30:00,4804,19930,15980,304,382,41400,55,55,6,106,105,17,44,44,3,55,55,6,Finisher,4233
Sigismund,Kwok,Sigismund Kwok,10,M45-49,Male,Singapore,01,Germany,DE,1:25:38,5:56:36,4:01:13,0:03:50,0:03:59,11:31:16,5138,21396,14473,230,239,41476,56,56,12,151,147,23,83,83,13,56,56,12,Finisher,3906
Gabriele,Barbati,Gabriele Barbati,210,M35-39,Male,Shanghai,China,Italy,IT,1:22:16,5:49:47,4:07:01,0:06:19,0:06:39,11:32:02,4936,20987,14821,379,399,41522,57,57,12,121,117,28,68,68,15,57,57,12,Finisher,3633
Arifur,Rahman,Arifur Rahman,106,M35-39,Male,Dhaka,,Bangladesh,BD,1:15:13,6:06:20,4:00:22,0:04:57,0:05:58,11:32:50,4513,21980,14422,297,358,41570,58,58,13,71,70,16,85,85,19,58,58,13,Finisher,3624
Darryl,Parulan,Darryl Parulan,392,M40-44,Male,TAMPA,FL,Philippines,PH,1:16:43,,,0:03:33,0:00:00,11:32:57,4603,0,0,213,0,41577,59,59,11,84,83,16,99999,99999,99999,59,59,11,Finisher,3841
Tatsuya,Imai,Tatsuya Imai,45,M55-59,Male,Setagayaku,JP-13,Japan,JP,1:06:16,6:02:45,4:17:26,0:04:19,0:03:01,11:33:47,3976,21765,15446,259,181,41627,60,60,2,17,17,3,65,65,3,60,60,2,Finisher,4946
Usama,Dimaporo,Usama Dimaporo,26,M30-34,Male,Brgy. Poblacion Sultan Naga Dimaporo,Lanao Del Norte,Philippines,PH,1:11:33,5:28:27,4:46:34,0:04:04,0:03:39,11:34:17,4293,19707,17194,244,219,41657,61,61,14,51,50,9,26,26,7,61,61,14,Finisher,3574
Alexis,Massard,Alexis Massard,180,M35-39,Male,charenton le pont,,France,FR,1:06:50,5:39:43,4:44:05,0:04:40,0:03:16,11:38:33,4010,20383,17045,280,196,41913,62,62,14,19,19,6,33,33,10,62,62,14,Finisher,3555
Patrick,Trung Nguyen,Patrick Trung Nguyen,124,M30-34,Male,Dubai,Dubai,Vietnam,VN,1:17:22,6:02:08,4:11:42,0:03:35,0:04:18,11:39:05,4642,21728,15102,215,258,41945,63,63,15,93,92,13,78,78,16,63,63,15,Finisher,3516
Aleksandr,Lazarev,Aleksandr Lazarev,15,M50-54,Male,Tashkent,Tashkent,Uzbekistan,UZ,1:11:11,5:53:45,4:26:09,0:03:29,0:04:39,11:39:13,4271,21225,15969,209,279,41953,64,64,7,48,47,6,56,56,8,64,64,7,Finisher,4123
Brett,Lees,Brett Lees,290,M50-54,Male,Singapore,Singapore,Australia,AU,1:23:53,6:10:10,3:51:56,0:05:46,0:08:00,11:39:44,5033,22210,13916,346,480,41984,65,65,8,132,128,22,104,104,18,65,65,8,Finisher,4117
Edward,Agdamag,Edward Agdamag,259,M45-49,Male,Dalandanan,Valenzuela city,Philippines,PH,1:23:01,5:40:14,4:28:20,0:05:40,0:03:52,11:41:07,4981,20414,16100,340,232,42067,66,66,13,125,121,17,58,58,10,66,66,13,Finisher,3788
Alab,Adviento,Alab Adviento,157,M25-29,Male,SECOND DISTRICT - CITY OF MARIKI,PH-00,Philippines,PH,1:03:57,5:44:27,4:38:53,0:06:46,0:07:12,11:41:14,3837,20667,16733,406,432,42074,67,67,3,11,11,1,38,38,2,67,67,3,Finisher,4592
AKIO,YAMAUCHI,AKIO YAMAUCHI,375,M60-64,Male,Bunkyo,JP-13,Japan,JP,1:36:35,5:52:36,3:56:09,0:10:28,0:06:54,11:42:41,5795,21156,14169,628,414,42161,68,68,1,232,218,8,103,103,1,68,68,1,Finisher,5000
Joseph Kennedy,Salcedo,Joseph Kennedy Salcedo,68,M35-39,Male,Teachers Village East,Quezon City,Philippines,PH,1:14:40,5:48:09,4:34:28,0:03:51,0:03:22,11:44:29,4480,20889,16468,231,202,42269,69,69,15,68,67,14,53,53,14,69,69,15,Finisher,3484
Oleg,Malakhovsky,Oleg Malakhovsky,49,M35-39,Male,Novi Beograd,Central Serbia,Serbia,RS,1:10:31,6:11:08,4:18:32,0:04:25,0:03:12,11:47:48,4231,22268,15512,265,192,42468,70,70,16,47,46,12,84,84,18,70,70,16,Finisher,3444
Aiken,Ting,Aiken Ting,183,M35-39,Male,East bajac bajac,ZAMBALES,Philippines,PH,1:28:31,5:55:11,4:15:31,0:03:49,0:05:56,11:48:58,5311,21311,15331,229,356,42538,71,71,17,175,169,36,89,89,21,71,71,17,Finisher,3430
Rolando,Alquero,Rolando Alquero,70,M35-39,Male,San Fernando,PH-PAM,Philippines,PH,1:25:47,6:06:33,4:07:10,0:04:03,0:06:16,11:49:49,5147,21993,14830,243,376,42589,72,72,18,153,149,32,99,99,23,72,72,18,Finisher,3420
Napoleon,Tolentino,Napoleon Tolentino,73,M35-39,Male,36,NATIONAL CAPITAL REGION,Philippines,PH,1:28:34,6:13:12,4:00:12,0:05:43,0:04:28,11:52:08,5314,22392,14412,343,268,42728,73,73,19,176,170,37,116,114,26,73,73,19,Finisher,3392
Arnaud,Despierre,Arnaud Despierre,54,M50-54,Male,Singapore,,Singapore,SG,1:22:09,5:49:35,4:27:15,0:08:43,0:05:39,11:53:20,4929,20975,16035,523,339,42800,74,74,9,120,116,21,72,72,14,74,74,9,Finisher,3953
Ralph Adrian,Lontoc,Ralph Adrian Lontoc,127,M35-39,Male,Calicanto Batangas City,PH-BTG,Philippines,PH,1:17:52,6:14:51,4:12:58,0:05:30,0:03:03,11:54:14,4672,22491,15178,330,183,42854,75,75,20,95,94,24,102,102,25,75,75,20,Finisher,3367
Satoru,Watanabe,Satoru Watanabe,241,M40-44,Male,Sinjuku-city,JP-13,Japan,JP,1:14:47,6:26:22,3:59:19,0:09:56,0:04:06,11:54:29,4487,23182,14359,596,246,42869,76,76,12,69,68,11,120,118,20,76,76,12,Finisher,3582
Geron,Guanlao,Geron Guanlao,318,M50-54,Male,Angeles City,Pampanga,Philippines,PH,1:17:15,5:56:18,4:33:09,0:03:49,0:05:06,11:55:36,4635,21378,16389,229,306,42936,77,77,10,89,88,13,67,67,12,77,77,10,Finisher,3926
Paolo,Mangilinan,Paolo Mangilinan,199,M35-39,Male,Dubai,Washington,Philippines,PH,1:02:08,6:15:27,4:30:24,0:05:28,0:05:07,11:58:34,3728,22527,16224,328,307,43114,78,78,21,8,8,2,77,77,17,78,78,21,Finisher,3315
Daniel,Punzalan,Daniel Punzalan,97,M40-44,Male,Singapore,,Philippines,PH,1:16:51,6:02:44,4:30:04,0:05:01,0:04:39,11:59:18,4611,21764,16204,301,279,43158,79,79,13,86,85,17,81,81,11,79,79,13,Finisher,3525
Carlos,Benitez Sanchez,Carlos Benitez Sanchez,131,M50-54,Male,castelldefels,,Spain,ES,1:12:21,6:24:31,4:13:49,0:04:47,0:04:28,11:59:55,4341,23071,15229,287,268,43195,80,80,11,54,53,8,107,107,19,80,80,11,Finisher,3874
Gabrielle Allen,Santiago,Gabrielle Allen Santiago,155,M25-29,Male,Manila,Metro Manila,Philippines,PH,1:17:21,5:59:49,4:40:57,0:02:48,0:03:37,12:04:31,4641,21589,16857,168,217,43471,81,81,4,92,91,5,71,71,3,81,81,4,Finisher,4313
Sonny,Folcheri,Sonny Folcheri,119,M35-39,Male,Monaco,Monaco,Monaco,MC,1:16:13,6:00:57,4:38:13,0:05:27,0:03:59,12:04:48,4573,21657,16693,327,239,43488,82,82,22,80,79,19,76,76,16,82,82,22,Finisher,3240
Carlos Jr.,Delos Santos,Carlos Jr. Delos Santos,344,M50-54,Male,"Old Zaniga, Mandaluyong City",Rizal,Philippines,PH,1:24:47,5:46:39,4:45:11,0:03:55,0:04:50,12:05:21,5087,20799,17111,235,290,43521,83,83,12,141,137,24,66,66,11,83,83,12,Finisher,3809
Kento,Niimi,Kento Niimi,158,M30-34,Male,Suita,Osaka,Japan,JP,1:18:40,6:04:53,4:33:04,0:03:44,0:05:16,12:05:36,4720,21893,16384,224,316,43536,84,84,16,97,96,14,88,88,17,84,84,16,Finisher,3198
Kazuhiro,Taguchi,Kazuhiro Taguchi,371,M60-64,Male,"Yokodai,Isogo-ku,Yokohama-shi",Kanagawa,Japan,JP,1:16:35,6:20:25,4:18:25,0:04:41,0:05:37,12:05:42,4595,22825,15505,281,337,43542,85,85,2,83,82,2,108,108,2,85,85,2,Finisher,4723
Travis,Bluemling,Travis Bluemling,218,M40-44,Male,The Villages,FL,United States,US,1:08:38,6:38:13,4:08:53,0:04:57,0:05:48,12:06:28,4118,23893,14933,297,348,43588,86,86,14,34,34,5,122,119,21,86,86,14,Finisher,3439
Barkley,Remigio,Barkley Remigio,164,M30-34,Male,Manama,Kingdom of Bahrain,Philippines,PH,1:21:37,6:17:37,4:14:21,0:07:47,0:05:33,12:06:54,4897,22657,15261,467,333,43614,87,87,17,117,113,16,114,113,18,87,87,17,Finisher,3182
Rowen,Gao,Rowen Gao,220,M40-44,Male,北京,CN-BJ,China,CN,1:15:18,6:04:57,4:34:14,0:07:39,0:06:21,12:08:29,4518,21897,16454,459,381,43709,88,88,15,72,71,12,91,91,13,88,88,15,Finisher,3414
April Jem,Delos Santos,April Jem Delos Santos,166,M30-34,Male,"Palina East, Urdaneta City","Filipino, Pangasinan",Philippines,PH,1:24:57,5:38:32,4:55:22,0:05:42,0:04:45,12:09:18,5097,20312,17722,342,285,43758,89,89,18,143,139,18,59,59,14,89,89,18,Finisher,3153
Mark,Sontag,Mark Sontag,72,M50-54,Male,Ringwood,VIC,Armenia,AM,1:05:49,5:56:19,4:59:09,0:05:36,0:05:36,12:12:30,3949,21379,17949,336,336,43950,90,90,13,15,15,3,54,54,7,90,90,13,Finisher,3723
Youngchul,Kim,Youngchul Kim,39,M50-54,Male,성남,KR-41,South Korea,KR,1:22:02,5:37:40,5:02:29,0:05:19,0:05:15,12:12:44,4922,20260,18149,319,315,43964,91,91,14,119,115,20,51,51,6,91,91,14,Finisher,3721
Kumar,Kishlay Rai,Kumar Kishlay Rai,19,M35-39,Male,New Delhi,,India,IN,1:19:32,6:11:43,4:29:06,0:05:12,0:07:15,12:12:48,4772,22303,16146,312,435,43968,92,92,23,101,100,25,100,100,24,92,92,23,Finisher,3144
Edwin,Enriquez,Edwin Enriquez,92,M55-59,Male,CHANDLER,AZ,United States,US,1:32:40,6:15:55,,0:03:41,0:00:00,12:13:07,5560,22555,0,221,0,43987,93,93,3,209,200,14,123,120,9,93,93,3,Finisher,4474
Reagan,Diaz,Reagan Diaz,228,M40-44,Male,Mandaluyong,PH-00,Philippines,PH,1:27:41,6:01:07,4:34:25,0:06:51,0:04:09,12:14:11,5261,21667,16465,411,249,44051,94,94,16,168,163,28,97,97,16,94,94,16,Finisher,3346
Alex,Manson,Alex Manson,103,M55-59,Male,Singapore,,France,FR,1:13:58,6:02:27,4:48:10,0:04:37,0:05:22,12:14:34,4438,21747,17290,277,322,44074,95,95,4,66,65,5,73,73,4,95,95,4,Finisher,4456
Takashi,Makino,Takashi Makino,122,M50-54,Male,miyakojima,JP-47,Japan,JP,1:25:00,6:28:37,4:11:15,0:05:17,0:05:47,12:15:55,5100,23317,15075,317,347,44155,96,96,15,144,140,26,134,130,22,96,96,15,Finisher,3682
Siarhei,Misitau,Siarhei Misitau,56,M45-49,Male,Ozeretskoye,‘AJMAN,United Arab Emirates,AE,1:23:24,5:59:53,4:39:43,0:06:17,0:07:05,12:16:21,5004,21593,16783,377,425,44181,97,97,14,129,125,19,92,92,14,97,97,14,Finisher,3365
Kenny,Nguyen,Kenny Nguyen,18,M40-44,Male,san jose,CA,United States,US,1:19:48,6:07:16,4:39:41,0:04:05,0:05:44,12:16:33,4788,22036,16781,245,344,44193,98,98,17,104,103,19,94,94,14,98,98,17,Finisher,3318
CHIN TING,HSU,CHIN TING HSU,460,F30-34,Female,New Taipei City,TW-NWT,Taiwan,TW,1:31:07,6:08:00,4:24:54,0:05:16,0:09:21,12:18:39,5467,22080,15894,316,561,44319,99,1,1,201,9,2,113,1,1,99,1,1,Finisher,5000
Alexander,Isip,Alexander Isip,58,M50-54,Male,Muntinlupa,PH-00,Philippines,PH,1:06:56,6:14:38,4:50:57,0:02:49,0:03:57,12:19:16,4016,22478,17457,169,237,44356,100,99,16,21,21,4,80,80,15,100,99,16,Finisher,3642
Mohammad,Shamsuzzaman,Mohammad Shamsuzzaman,22,M30-34,Male,Dhaka,Dhaka,Bangladesh,BD,1:08:13,7:17:28,3:47:20,0:03:44,0:04:00,12:20:45,4093,26248,13640,224,240,44445,101,100,19,32,32,5,189,181,21,101,100,19,Finisher,3016
Vu,Thai,Vu Thai,136,M40-44,Male,ANAHEIM,CA,United States,US,1:51:43,6:14:27,4:05:50,0:05:36,0:03:58,12:21:34,6703,22467,14750,336,238,44494,102,101,18,293,276,55,160,155,27,102,101,18,Finisher,3257
SHOUPING,PAN,SHOUPING PAN,254,M40-44,Male,新北市,New Taipei City,Taiwan,TW,1:16:08,6:03:14,4:20:12,0:36:53,0:06:15,12:22:43,4568,21794,15612,2213,375,44563,103,102,19,79,78,15,130,127,25,103,102,19,Finisher,3244
Paolo,Sauler,Paolo Sauler,231,M40-44,Male, mutinlupa city,PH-00,Philippines,PH,1:15:42,6:18:57,4:41:29,0:03:21,0:03:33,12:23:01,4542,22737,16889,201,213,44581,104,103,20,76,75,14,101,101,17,104,103,20,Finisher,3240
Enrico,Pisuena,Enrico Pisuena,151,M25-29,Male,Dubai,DXB,Philippines,PH,1:11:26,6:06:14,5:00:42,0:03:27,0:03:20,12:25:09,4286,21974,18042,207,200,44709,105,104,5,50,49,3,74,74,4,105,104,5,Finisher,4065
Maria Fernanda,Poveda Franco,Maria Fernanda Poveda Franco,74,F45-49,Female,Dubai,Dubai,Ecuador,EC,1:29:40,6:21:39,4:22:21,0:06:24,0:05:35,12:25:38,5380,22899,15741,384,335,44738,106,2,1,191,8,2,131,4,2,106,2,1,Finisher,5000
Toru,Kimpara,Toru Kimpara,360,M55-59,Male,中野区大和町,JP-13,Japan,JP,1:47:29,5:57:13,4:32:02,0:05:32,0:06:14,12:28:29,6449,21433,16322,332,374,44909,107,105,5,275,259,19,119,117,8,107,105,5,Finisher,4289
Shaun,Woolnough,Shaun Woolnough,230,M40-44,Male,,,Hong Kong,HK,1:12:52,6:08:13,4:54:42,0:04:34,0:08:32,12:28:53,4372,22093,17682,274,512,44933,108,106,21,58,57,9,82,82,12,108,106,21,Finisher,3170
Siu Yuen,Wong,Siu Yuen Wong,14,M50-54,Male,Tuen Mun,Hong Kong,Hong Kong,HK,1:38:50,6:00:52,4:41:31,0:04:24,0:03:18,12:28:55,5930,21652,16891,264,198,44935,109,107,17,242,228,43,112,112,20,109,107,17,Finisher,3526
Takao,Yamaguchi,Takao Yamaguchi,349,M55-59,Male,府中市白糸台,東京都,Japan,JP,1:20:04,6:26:21,4:30:04,0:06:36,0:05:56,12:29:00,4804,23181,16204,396,356,44940,110,108,6,107,106,6,124,121,10,110,108,6,Finisher,4283
Bunji,Takayama,Bunji Takayama,316,M50-54,Male,kamakura-shi,,Japan,JP,1:19:04,5:54:33,5:02:57,0:05:53,0:06:51,12:29:17,4744,21273,18177,353,411,44957,111,109,18,99,98,16,70,70,13,111,109,18,Finisher,3522
Makoto,Ikeda,Makoto Ikeda,336,M50-54,Male,Funabashi,,Japan,JP,1:38:46,6:17:06,4:27:41,0:03:35,0:03:44,12:30:52,5926,22626,16061,215,224,45052,112,110,19,240,226,41,136,132,23,112,110,19,Finisher,3503
Edgar,Puruganan,Edgar Puruganan,128,M40-44,Male,Pasay,NATIONAL CAPITAL REGION,Philippines,PH,1:24:03,6:05:52,4:53:39,0:03:51,0:04:02,12:31:26,5043,21952,17619,231,242,45086,113,111,22,134,130,23,96,96,15,113,111,22,Finisher,3139
Kiraku,Ishida,Kiraku Ishida,156,M25-29,Male,川崎市川崎区小川町,神奈川県,Japan,JP,1:27:32,6:23:42,4:32:24,0:07:25,0:06:01,12:37:03,5252,23022,16344,445,361,45423,114,112,6,167,162,8,133,129,6,114,112,6,Finisher,3922
Jennifer Aimee,Uy,Jennifer Aimee Uy,75,F35-39,Female,Makati,PH-00,Philippines,PH,1:28:51,6:16:19,4:45:15,0:06:26,0:04:13,12:41:04,5331,22579,17115,386,253,45664,115,3,1,180,7,2,121,3,1,115,3,1,Finisher,5000
Stewart,Bell,Stewart Bell,240,M40-44,Male,Dubai,DXB,United Kingdom,GB,1:23:51,6:13:41,4:46:46,0:05:46,0:11:26,12:41:30,5031,22421,17206,346,686,45690,116,113,23,131,127,22,111,111,19,116,113,23,Finisher,3018
Winston,Surposa,Winston Surposa,225,M40-44,Male,Doha,Doha,Philippines,PH,1:29:11,6:20:09,4:42:40,0:05:08,0:06:36,12:43:43,5351,22809,16960,308,396,45823,117,114,24,186,179,34,129,126,24,117,114,24,Finisher,2992
Dean,Ratcliffe,Dean Ratcliffe,16,M55-59,Male,Sunway City,PERAK.,United Kingdom,GB,1:04:57,5:47:09,5:44:40,0:03:37,0:04:10,12:44:33,3897,20829,20680,217,250,45873,118,115,7,13,13,1,41,41,2,118,115,7,Finisher,4097
Kazuaki,Yamana,Kazuaki Yamana,52,M55-59,Male,Chuo-ku,JP-13,Japan,JP,1:30:20,6:32:16,4:28:15,0:07:13,0:08:04,12:46:07,5420,23536,16095,433,484,45967,119,116,8,196,188,12,157,152,11,119,116,8,Finisher,4078
Silvestre,Hortizuela,Silvestre Hortizuela,327,M50-54,Male,singapore,,Philippines,PH,1:15:28,5:51:53,5:30:09,0:04:19,0:05:17,12:47:05,4528,21113,19809,259,317,46025,120,117,20,75,74,10,61,61,9,120,117,20,Finisher,3308
Federico,Masin,Federico Masin,342,M50-54,Male,Hong Kong ,Hong Kong,Hong Kong,HK,1:09:13,5:51:10,5:39:47,0:02:39,0:04:45,12:47:34,4153,21070,20387,159,285,46054,121,118,21,37,36,5,49,49,4,121,118,21,Finisher,3303
Jun Oliver,Cervantes,Jun Oliver Cervantes,221,M40-44,Male,Baras,Palo,Philippines,PH,1:30:27,6:07:08,4:59:54,0:04:26,0:05:46,12:47:41,5427,22028,17994,266,346,46061,122,119,25,197,189,35,109,109,18,122,119,25,Finisher,2944
Insoo,Park,Insoo Park,369,M60-64,Male,Daegu,KR-27,South Korea,KR,1:30:35,6:40:05,4:26:09,0:06:42,0:07:02,12:50:33,5435,24005,15969,402,422,46233,123,120,3,199,191,7,171,165,6,123,120,3,Finisher,4185
Emmanuel,Mondero,Emmanuel Mondero,36,M55-59,Male,Matandang Balara,PH-00,Philippines,PH,1:29:31,6:06:35,5:07:38,0:04:46,0:03:24,12:51:53,5371,21995,18458,286,204,46313,124,121,9,189,182,9,105,105,7,124,121,9,Finisher,4009
Philip,Bucad,Philip Bucad,393,M50-54,Male,"Milagrosa, Project 4",PH-00,Philippines,PH,1:18:04,6:40:01,4:44:47,0:06:09,0:05:38,12:54:37,4684,24001,17087,369,338,46477,125,122,22,96,95,15,146,141,26,125,122,22,Finisher,3218
Wang-Woo,Nam,Wang-Woo Nam,185,M35-39,Male,청주시,KR-43,South Korea,KR,1:20:56,6:25:59,4:51:59,0:07:11,0:09:57,12:56:02,4856,23159,17519,431,597,46562,126,123,24,112,111,26,128,125,27,126,123,24,Finisher,2625
Konstantin,Vedmed,Konstantin Vedmed,126,M45-49,Male,Pavlodar,Pavlodar,Kazakhstan,KZ,1:10:00,7:34:36,4:00:08,0:04:16,0:07:15,12:56:15,4200,27276,14408,256,435,46575,127,124,15,43,42,6,217,208,33,127,124,15,Finisher,2886
John Rey,Tumanda,John Rey Tumanda,399,M35-39,Male,"Poblacion, Sultan Naga Dimaporo",PH-LAN,Philippines,PH,1:15:11,5:33:08,6:01:22,0:02:33,0:05:14,12:57:27,4511,19988,21682,153,314,46647,128,125,25,70,69,15,32,32,9,128,125,25,Finisher,2608
Webster,Surposa,Webster Surposa,110,M35-39,Male,Doha,Doha,Philippines,PH,1:25:01,6:26:24,4:53:13,0:07:05,0:05:48,12:57:31,5101,23184,17593,425,348,46651,129,126,26,145,141,30,132,128,28,129,126,26,Finisher,2607
裕子,郷田,裕子 郷田,461,F45-49,Female,仙台市宮城野区鶴ヶ谷,宮城県,Japan,JP,1:28:23,6:12:04,5:01:07,0:07:01,0:09:04,12:57:38,5303,22324,18067,421,544,46658,130,4,2,170,6,1,115,2,1,130,4,2,Finisher,4616
Mario,Giangrande,Mario Giangrande,338,M50-54,Male,Hong Kong,HONG KONG,Italy,IT,1:25:30,6:32:38,4:51:31,0:05:00,0:04:19,12:58:58,5130,23558,17491,300,259,46738,131,127,23,149,145,28,142,137,25,131,127,23,Finisher,3166
Andrew Antonio,Ong,Andrew Antonio Ong,215,M40-44,Male,Kamuning,,Philippines,PH,1:29:00,6:37:18,4:31:10,0:10:16,0:11:16,12:59:00,5340,23838,16270,616,676,46740,132,128,26,183,176,32,169,163,29,132,128,26,Finisher,2808
Andre,Kasmara,Andre Kasmara,278,M45-49,Male,Singapore,Singapore,Indonesia,ID,1:23:45,6:43:19,4:42:39,0:06:01,0:06:14,13:01:57,5025,24199,16959,361,374,46917,133,129,16,130,126,20,163,158,22,133,129,16,Finisher,2818
Peter,Khoo,Peter Khoo,351,M55-59,Male,Singapore,Singapore,Malaysia,MY,1:37:12,6:43:41,4:30:53,0:04:04,0:06:14,13:02:04,5832,24221,16253,244,374,46924,134,130,10,234,220,16,182,175,12,134,130,10,Finisher,3886
Brian Aubrey,Castillo,Brian Aubrey Castillo,307,M50-54,Male,Bunducan Bocaue,Bulacan,Philippines,PH,1:36:03,6:27:42,4:49:05,0:04:04,0:05:41,13:02:34,5763,23262,17345,244,341,46954,135,131,24,229,215,39,153,148,28,135,131,24,Finisher,3123
Anne Rushelle,Nuñez,Anne Rushelle Nuñez,462,F25-29,Female,Pili,PH-CAS,Philippines,PH,1:33:14,6:37:48,4:43:51,0:03:59,0:04:02,13:02:53,5594,23868,17031,239,242,46973,136,5,1,212,10,1,165,6,1,136,5,1,Finisher,5000
Hadjimar,Sumait,Hadjimar Sumait,247,M40-44,Male,Cupang Antipolo City,PH-RIZ,Philippines,PH,1:23:00,6:24:57,5:00:06,0:06:09,0:09:07,13:03:19,4980,23097,18006,369,547,46999,137,132,27,124,120,20,127,124,23,137,132,27,Finisher,2756
Bryan,Flores,Bryan Flores,207,M35-39,Male,telabastagan,Pampanga,Philippines,PH,1:28:14,6:30:32,4:49:01,0:06:18,0:10:29,13:04:34,5294,23432,17341,378,629,47074,138,133,27,169,164,34,149,144,30,138,133,27,Finisher,2523
Branden,Dale,Branden Dale,390,M25-29,Male,oxnard,CA,United States,US,1:38:38,6:16:39,5:00:25,0:05:36,0:05:09,13:06:26,5918,22599,18025,336,309,47186,139,134,7,239,225,10,138,134,8,139,134,7,Finisher,3570
Olive,Salve,Olive Salve,451,F30-34,Female,Winchester,CA,Philippines,PH,1:21:19,6:34:44,5:01:04,0:05:32,0:05:20,13:07:59,4879,23684,18064,332,320,47279,140,6,2,114,3,1,139,5,2,140,6,2,Finisher,4408
Rui,Trocio,Rui Trocio,181,M35-39,Male,Luanda,Luanda,Angola,AO,1:13:35,6:44:33,5:01:39,0:04:39,0:04:01,13:08:27,4415,24273,18099,279,241,47307,141,135,28,64,63,13,141,136,29,141,135,28,Finisher,2476
Elicsar,Caladiao,Elicsar Caladiao,287,M45-49,Male,"Mabiga, Mabalacat Citu",PH-PAM,Philippines,PH,1:33:35,6:30:34,4:55:32,0:03:35,0:05:52,13:09:07,5615,23434,17732,215,352,47347,142,136,17,214,204,33,152,147,20,142,136,17,Finisher,2732
Nobuhiro,Komoro,Nobuhiro Komoro,284,M45-49,Male,印西市小林,,Japan,JP,1:12:49,6:30:46,5:04:52,0:06:04,0:15:17,13:09:48,4369,23446,18292,364,917,47388,143,137,18,57,56,10,118,116,18,143,137,18,Finisher,2724
James,Santiago,James Santiago,260,M45-49,Male,Brgy Silangan San Mateo,Rizal,Philippines,PH,1:34:25,6:32:08,4:50:09,0:08:04,0:05:19,13:10:04,5665,23528,17409,484,319,47404,144,138,19,216,205,34,164,159,23,144,138,19,Finisher,2720
Lexter,Ansaldo,Lexter Ansaldo,67,M35-39,Male,davao,PH-DAS,Philippines,PH,1:21:50,6:01:26,5:36:32,0:03:32,0:08:24,13:11:43,4910,21686,20192,212,504,47503,145,139,29,118,114,27,86,86,20,145,139,29,Finisher,2437
Ludovic,Boisrame,Ludovic Boisrame,292,M45-49,Male,Shanghaï,CN-SH,France,FR,1:26:25,6:46:36,4:46:31,0:06:46,0:07:29,13:13:46,5185,24396,17191,406,449,47626,146,140,20,158,154,24,175,168,26,146,140,20,Finisher,2676
Christian,Guran,Christian Guran,121,M30-34,Male,"San Agustin, Canaman",Camarines Sur,Philippines,PH,1:28:41,6:31:13,5:04:21,0:04:28,0:05:16,13:13:59,5321,23473,18261,268,316,47639,147,141,20,179,173,21,147,142,19,147,141,20,Finisher,2377
Pascal,Cochard,Pascal Cochard,370,M60-64,Male,EAUBONNE,,France,FR,1:45:44,6:14:32,4:57:04,0:08:53,0:08:19,13:14:32,6344,22472,17824,533,499,47672,148,142,4,270,254,10,156,151,5,148,142,4,Finisher,3897
Katsuya,Nitta,Katsuya Nitta,69,M60-64,Male,"Higashigaoka,Meguro-ku",JP-13,Japan,JP,1:26:34,6:30:20,5:02:06,0:06:34,0:09:03,13:14:36,5194,23420,18126,394,543,47676,149,143,5,159,155,5,145,140,4,149,143,5,Finisher,3897
Warren,Patrocinio,Warren Patrocinio,107,M45-49,Male,Cagayan De Oro,PH-MSR,Philippines,PH,1:36:19,6:02:12,5:29:45,0:03:58,0:05:44,13:17:57,5779,21732,19785,238,344,47877,150,144,21,230,216,36,110,110,16,150,144,21,Finisher,2626
Stephen,Burns,Stephen Burns,313,M50-54,Male,Bel Air,Metro Manila,Philippines,PH,1:20:09,6:38:07,5:10:48,0:04:17,0:04:42,13:18:03,4809,23887,18648,257,282,47883,151,145,25,109,108,18,140,135,24,151,145,25,Finisher,2937
Jayjay,Cantor,Jayjay Cantor,99,M45-49,Male,Tanauan City ,PH-BTG,Philippines,PH,1:22:33,6:21:19,5:24:56,0:04:10,0:05:59,13:18:57,4953,22879,19496,250,359,47937,152,146,22,122,118,15,117,115,17,152,146,22,Finisher,2614
Jochen,Nippel,Jochen Nippel,366,M55-59,Male,Beijing,Victoria,China,CN,1:13:27,6:08:59,5:44:15,0:05:26,0:09:19,13:21:25,4407,22139,20655,326,559,48085,153,147,11,63,62,4,90,90,5,153,147,11,Finisher,3654
Joseph,Curry,Joseph Curry,323,M50-54,Male,Middlebury,VT,United States,US,1:24:04,5:58:07,5:44:40,0:07:23,0:07:43,13:21:57,5044,21487,20680,443,463,48117,154,148,26,135,131,23,93,93,17,154,148,26,Finisher,2890
Phuong,Vu,Phuong Vu,94,M40-44,Male,Ha Noi,Ha Noi,Vietnam,VN,1:28:35,6:45:04,4:55:21,0:06:18,0:07:19,13:22:37,5315,24304,17721,378,439,48157,155,149,28,178,172,31,176,169,30,155,149,28,Finisher,2525
Sarah,Erana,Sarah Erana,457,F40-44,Female,Brgy Ugong,National Capital Region,Philippines,PH,1:21:14,6:52:33,5:03:57,0:05:56,0:03:37,13:27:16,4874,24753,18237,356,217,48436,156,7,1,113,2,1,173,7,1,156,7,1,Finisher,5000
Ricarte,Dayata,Ricarte Dayata,302,M45-49,Male, Quezon City,PH-00,Philippines,PH,1:25:35,6:50:31,4:59:28,0:05:15,0:08:25,13:29:14,5135,24631,17968,315,505,48554,157,150,23,150,146,22,178,171,27,157,150,23,Finisher,2490
Hui,Zhou,Hui Zhou,112,M40-44,Male,Beijing,CN-BJ,China,CN,1:44:19,6:41:33,4:47:30,0:09:56,0:06:49,13:30:07,6259,24093,17250,596,409,48607,158,151,29,267,251,50,195,187,35,158,151,29,Finisher,2435
Dwayne,Stewart,Dwayne Stewart,178,M35-39,Male,Singapore,SOUTH WEST,Singapore,SG,1:07:03,6:22:01,5:52:04,0:03:31,0:06:48,13:31:25,4023,22921,21124,211,408,48685,159,152,30,24,24,8,95,95,22,159,152,30,Finisher,2201
SEONGJE,HAM,SEONGJE HAM,102,M45-49,Male,서울특별시,KR-11,South Korea,KR,1:26:40,7:14:09,4:36:08,0:08:26,0:07:40,13:33:02,5200,26049,16568,506,460,48782,160,153,24,161,156,25,219,210,34,160,153,24,Finisher,2445
Garett,Cailles,Garett Cailles,269,M45-49,Male,Merville,,Philippines,PH,1:31:12,6:04:57,5:45:42,0:05:17,0:06:24,13:33:31,5472,21897,20742,317,384,48811,161,154,25,202,193,30,106,106,15,161,154,25,Finisher,2439
Jiffy,Chua,Jiffy Chua,330,M50-54,Male,Manila,PH-00,Philippines,PH,1:38:29,6:31:48,5:10:16,0:05:03,0:10:53,13:36:29,5909,23508,18616,303,653,48989,162,155,27,237,223,40,166,160,31,162,155,27,Finisher,2716
Jaakko Kim,Ramos,Jaakko Kim Ramos,396,M40-44,Male,Silang,PH-CAV,Philippines,PH,1:28:26,6:30:07,5:25:41,0:04:54,0:07:25,13:36:32,5306,23407,19541,294,445,48992,163,156,30,172,166,29,144,139,26,163,156,30,Finisher,2358
Celso,Cailipan,Celso Cailipan,289,M45-49,Male,Tikay Malolos,Bulacan,Philippines,PH,1:32:54,6:40:45,5:10:09,0:06:05,0:07:05,13:36:57,5574,24045,18609,365,425,49017,164,157,26,211,202,32,174,167,25,164,157,26,Finisher,2398
Scott,Flewellen,Scott Flewellen,130,M50-54,Male,Dubai,DUBAYY,New Zealand,NZ,1:25:01,6:20:21,5:36:50,0:08:00,0:07:57,13:38:08,5101,22821,20210,480,477,49088,165,158,28,146,142,27,125,122,21,165,158,28,Finisher,2696
Raoul Franco,Ramos,Raoul Franco Ramos,95,M45-49,Male,Makati,NATIONAL CAPITAL REGION,Philippines,PH,1:19:09,6:34:25,5:33:48,0:06:54,0:05:19,13:39:35,4749,23665,20028,414,319,49175,166,159,27,100,99,13,137,133,19,166,159,27,Finisher,2366
Harley,Trung,Harley Trung,209,M35-39,Male,Thu Duc,Ho Chi Minh,Vietnam,VN,1:39:43,6:40:53,5:03:12,0:07:58,0:10:40,13:42:25,5983,24053,18192,478,640,49345,167,160,31,245,231,42,188,180,35,167,160,31,Finisher,2069
Maryfel,Aumentado,Maryfel Aumentado,466,F40-44,Female,Muntinlupa,PH-00,Philippines,PH,1:21:26,7:01:03,5:10:45,0:03:12,0:07:00,13:43:26,4886,25263,18645,192,420,49406,168,8,2,115,4,2,183,8,2,168,8,2,Finisher,4806
Jantzen,Hing,Jantzen Hing,152,M25-29,Male,Kailua Kona,HI,United States,US,1:24:23,6:34:34,5:30:11,0:06:26,0:08:44,13:44:17,5063,23674,19811,386,524,49457,169,161,8,138,134,7,150,145,9,169,161,8,Finisher,3115
Romel,Malbas,Romel Malbas,93,M50-54,Male,Singapore,,Singapore,SG,1:26:55,6:51:04,5:16:25,0:08:11,0:09:18,13:51:52,5215,24664,18985,491,558,49912,170,162,29,163,158,31,185,177,36,170,162,29,Finisher,2531
Wendill,Gaco,Wendill Gaco,398,M45-49,Male,"Poblacion, Sultan Naga Dimaporo",PH-LAN,Philippines,PH,1:22:37,7:12:42,5:05:51,0:05:37,0:05:52,13:52:39,4957,25962,18351,337,352,49959,171,163,28,123,119,16,201,193,29,171,163,28,Finisher,2209
Carlos Daniel,Dungao,Carlos Daniel Dungao,153,M25-29,Male,San Fernando,PAMPANGA,Philippines,PH,1:19:39,6:33:35,5:46:36,0:05:42,0:08:13,13:53:46,4779,23615,20796,342,493,50026,172,164,9,102,101,6,135,131,7,172,164,9,Finisher,3002
Mari,Javier,Mari Javier,331,M50-54,Male,Western Bicutan,Metro Manila,Philippines,PH,1:25:51,6:46:29,5:30:26,0:04:47,0:07:16,13:54:48,5151,24389,19826,287,436,50088,173,165,30,155,151,30,170,164,32,173,165,30,Finisher,2496
Emmanuel Emilio,Vergara,Emmanuel Emilio Vergara,391,M50-54,Male,Quezon City,Metro Manila,Philippines,PH,1:46:39,6:49:55,4:58:28,0:10:54,0:09:11,13:55:07,6399,24595,17908,654,551,50107,174,166,31,273,257,48,211,202,39,174,166,31,Finisher,2492
Dong An,Chang,Dong An Chang,125,M40-44,Male,Taichung City,TAICHUNG,Taiwan,TW,1:23:13,6:26:21,5:54:10,0:03:59,0:07:50,13:55:32,4993,23181,21250,239,470,50132,175,167,31,127,123,21,126,123,22,175,167,31,Finisher,2130
Robert,Nadonga,Robert Nadonga,189,M35-39,Male,Rosario ,LA UNION,Philippines,PH,1:26:58,6:34:17,5:44:31,0:04:19,0:05:57,13:56:01,5218,23657,20671,259,357,50161,176,168,32,165,160,33,151,146,31,176,168,32,Finisher,1905
Minoru,Yamauchi,Minoru Yamauchi,47,M55-59,Male,Matsuyama,EHIME,Japan,JP,1:20:27,6:10:23,6:12:45,0:05:21,0:07:42,13:56:38,4827,22223,22365,321,462,50198,177,169,12,110,109,7,98,98,6,177,169,12,Finisher,3232
Francesco,Bertoli,Francesco Bertoli,117,M60-64,Male,Brescia,Lombardy,Italy,IT,1:20:37,6:38:18,5:46:20,0:04:30,0:07:35,13:57:19,4837,23898,20780,270,455,50239,178,170,6,111,110,3,143,138,3,178,170,6,Finisher,3384
Vince,Corbett,Vince Corbett,341,M50-54,Male,ROY,UT,United States,US,1:16:30,6:42:55,5:47:44,0:05:06,0:05:29,13:57:43,4590,24175,20864,306,329,50263,179,171,32,82,81,11,148,143,27,179,171,32,Finisher,2461
Juan Gabriel,Peña,Juan Gabriel Peña,167,M30-34,Male,Olongapo city,PH-ZMB,Philippines,PH,1:25:59,6:55:12,5:25:15,0:05:26,0:06:58,13:58:49,5159,24912,19515,326,418,50329,180,172,21,157,153,20,187,179,20,180,172,21,Finisher,1839
Luke,Gonzales,Luke Gonzales,252,M40-44,Male,Lakewood,CA,Philippines,PH,1:31:31,6:42:14,5:28:45,0:08:23,0:11:14,14:02:06,5491,24134,19725,503,674,50526,181,173,32,205,196,36,179,172,31,181,173,32,Finisher,2051
Yui Ming,Li,Yui Ming Li,135,F40-44,Female,HKSAR,Hong Kong,Hong Kong,HK,1:42:50,6:56:54,5:12:13,0:07:09,0:04:38,14:03:43,6170,25014,18733,429,278,50623,182,9,3,265,16,6,210,9,3,182,9,3,Finisher,4562
Keith,Chua,Keith Chua,118,M45-49,Male,Singapore,CENTRAL SINGAPORE,Singapore,SG,1:49:37,6:15:02,5:52:02,0:03:51,0:04:10,14:04:41,6577,22502,21122,231,250,50681,183,174,29,285,269,46,154,149,21,183,174,29,Finisher,2065
Daniel,Horan,Daniel Horan,343,M50-54,Male,MAKATi,Metro Manila,Australia,AU,1:17:31,7:14:04,5:23:06,0:05:25,0:04:51,14:04:58,4651,26044,19386,325,291,50698,184,175,33,94,93,14,196,188,38,184,175,33,Finisher,2374
Erniel,Pama,Erniel Pama,311,M50-54,Male,Poblacion,Lanao del norte,Philippines,PH,1:31:30,6:40:46,5:40:30,0:06:05,0:06:16,14:05:06,5490,24046,20430,365,376,50706,185,176,34,204,195,36,172,166,33,185,176,34,Finisher,2372
Eric Bradford,Ong,Eric Bradford Ong,212,M40-44,Male,Quezon City,NATIONAL CAPITAL REGION,Philippines,PH,1:28:30,7:04:06,5:21:48,0:06:10,0:07:19,14:07:53,5310,25446,19308,370,439,50873,186,177,33,174,168,30,199,191,36,186,177,33,Finisher,1982
Gil,Olaer,Gil Olaer,116,M40-44,Male,Pagatpat,Misamis oriental,Philippines,PH,1:31:44,6:44:27,5:36:51,0:06:20,0:08:35,14:07:56,5504,24267,20211,380,515,50876,187,178,34,206,197,37,180,173,32,187,178,34,Finisher,1981
Yasutomo,Yamanaka,Yasutomo Yamanaka,350,M55-59,Male,千葉市　おゆみ野南,千葉県,Japan,JP,1:36:00,7:07:18,5:11:35,0:05:07,0:08:01,14:08:01,5760,25638,18695,307,481,50881,188,179,13,227,213,15,215,206,13,188,179,13,Finisher,3095
Lai Soon,Ng,Lai Soon Ng,286,M45-49,Male,Metro Manila,,Malaysia,MY,1:24:13,6:47:02,5:50:57,0:05:18,0:04:28,14:11:58,5053,24422,21057,318,268,51118,189,180,30,136,132,21,168,162,24,189,180,30,Finisher,1978
Erwin,Yumang,Erwin Yumang,295,M45-49,Male,Corona,CA,United States,US,1:40:39,6:59:37,5:17:12,0:08:04,0:07:53,14:13:24,6039,25177,19032,484,473,51204,190,181,31,253,239,39,214,205,32,190,181,31,Finisher,1960
Svetlana,Kovaleva,Svetlana Kovaleva,134,F40-44,Female,Ozeretskoe,,United Arab Emirates,AE,1:50:23,6:56:28,5:10:18,0:08:39,0:08:22,14:14:09,6623,24988,18618,519,502,51249,191,10,4,288,17,7,229,11,4,191,10,4,Finisher,4437
Richmond,Dela Cruz,Richmond Dela Cruz,204,M35-39,Male,"Tikay, Malolos City",Bulacan,Philippines,PH,1:41:26,6:56:26,5:09:58,0:14:37,0:11:52,14:14:18,6086,24986,18598,877,712,51258,192,182,33,260,245,46,223,213,42,192,182,33,Finisher,1686
Gregor,Bernstein,Gregor Bernstein,368,M60-64,Male,Singapore,01,Singapore,SG,1:27:12,7:34:35,4:58:53,0:07:58,0:06:41,14:15:19,5232,27275,17933,478,401,51319,193,183,7,166,161,6,242,230,9,193,183,7,Finisher,3168
Hironori,Miyagi,Hironori Miyagi,333,M50-54,Male,Edogawa-ku,JP-13,Japan,JP,1:41:00,7:06:49,5:16:28,0:06:22,0:07:02,14:17:40,6060,25609,18988,382,422,51460,194,184,35,256,241,46,227,217,41,194,184,35,Finisher,2221
Paolo,Panganiban,Paolo Panganiban,197,M35-39,Male,"Panasahan, Malolos",Bulacan,Philippines,PH,1:30:49,6:56:31,5:42:27,0:05:19,0:07:16,14:22:23,5449,24991,20547,319,436,51743,195,185,34,200,192,39,193,185,37,195,185,34,Finisher,1589
Ban,Tran,Ban Tran,43,M40-44,Male,Ho Chi Minh City,Ho Chi Minh City,Vietnam,VN,1:42:02,7:23:46,5:09:05,0:07:00,0:04:35,14:26:27,6122,26626,18545,420,275,51987,196,186,35,262,247,49,247,235,47,196,186,35,Finisher,1759
Emerson,Pejo,Emerson Pejo,321,M50-54,Male,"Magtaking, San Carlos City",Pangasinan,Philippines,PH,1:28:25,6:52:38,5:50:06,0:04:46,0:10:52,14:26:47,5305,24758,21006,286,652,52007,197,187,36,171,165,33,184,176,35,197,187,36,Finisher,2112
Benjamin,Metcalf,Benjamin Metcalf,187,M35-39,Male,Sheffield,,United Kingdom,GB,1:17:18,7:15:55,5:35:50,0:08:04,0:10:37,14:27:44,4638,26155,20150,484,637,52064,198,188,35,90,89,22,203,195,38,198,188,35,Finisher,1525
Alejandra,Garcia Garduno,Alejandra Garcia Garduno,458,F35-39,Female,JEDDAH,MAKKAH,Mexico,MX,1:09:01,7:50:57,5:14:46,0:05:04,0:08:31,14:28:20,4141,28257,18886,304,511,52100,199,11,2,36,1,1,239,12,2,199,11,2,Finisher,3712
Angelo,Saberola,Angelo Saberola,177,M35-39,Male,Las Vegas,NV,Philippines,PH,1:57:15,6:47:03,5:36:13,0:07:55,0:06:01,14:34:26,7035,24423,20173,475,361,52466,200,189,36,301,283,48,221,212,41,200,189,36,Finisher,1444
Catalino,Resurreccion,Catalino Resurreccion,322,M50-54,Male,Doha,Qatar,Philippines,PH,1:29:28,6:43:09,6:06:04,0:07:30,0:08:38,14:34:48,5368,24189,21964,450,518,52488,201,190,37,188,181,34,177,170,34,201,190,37,Finisher,2016
Ronald Allan,Ginez,Ronald Allan Ginez,347,M55-59,Male,NANGKA,MARIKINA CITY,Philippines,PH,1:52:17,6:53:28,5:32:25,0:08:13,0:08:47,14:35:10,6737,24808,19945,493,527,52510,202,191,14,295,278,23,226,216,14,202,191,14,Finisher,2769
Anh Duc,Dinh,Anh Duc Dinh,154,M25-29,Male,BA DON,QUANG BINH,Vietnam,VN,1:38:15,6:27:28,6:21:53,0:04:20,0:05:00,14:36:55,5895,23248,22913,260,300,52615,203,192,10,236,222,9,158,153,10,203,192,10,Finisher,2484
Hannah,Maclean,Hannah Maclean,459,F30-34,Female,CHELTENHAM,GB,United Kingdom,GB,1:35:50,7:30:41,5:08:57,0:10:01,0:11:56,14:37:24,5750,27041,18537,601,716,52644,204,12,3,225,14,3,254,13,3,204,12,3,Finisher,3335
Mishu,Biswas,Mishu Biswas,71,M30-34,Male,Dhaka,Dhaka,Bangladesh,BD,1:41:10,7:02:17,5:35:48,0:10:13,0:08:06,14:37:34,6070,25337,20148,613,486,52654,205,193,22,257,242,24,225,215,24,205,193,22,Finisher,1374
Bryan,Retiro,Bryan Retiro,96,M40-44,Male,72,PH-00,Philippines,PH,1:34:33,6:50:03,5:59:35,0:08:52,0:07:04,14:40:06,5673,24603,21575,532,424,52806,206,194,36,218,207,39,194,186,34,206,194,36,Finisher,1595
Mendelf,Billedo,Mendelf Billedo,91,M40-44,Male,"Nalasin, Santo Domingo",ILS,Philippines,PH,1:44:42,7:11:48,5:23:52,0:08:50,0:12:37,14:41:50,6282,25908,19432,530,757,52910,207,195,37,268,252,51,240,228,45,207,195,37,Finisher,1574
Ronald,Buder,Ronald Buder,237,M40-44,Male,Singapore,SOUTH WEST,Germany,DE,1:25:07,6:45:34,6:17:19,0:05:46,0:09:35,14:43:20,5107,24334,22639,346,575,53000,208,196,38,147,143,25,167,161,28,208,196,38,Finisher,1556
Karl Benedict,Abucayon,Karl Benedict Abucayon,173,M30-34,Male,dubai,DXB,Philippines,PH,1:29:15,7:02:07,5:58:56,0:07:07,0:08:27,14:45:50,5355,25327,21536,427,507,53150,209,197,23,187,180,22,198,190,22,209,197,23,Finisher,1275
Armando Agustin,Domingo,Armando Agustin Domingo,62,M50-54,Male,Doha,Doha,Philippines,PH,1:25:48,6:53:06,6:08:41,0:07:41,0:10:41,14:45:56,5148,24786,22121,461,641,53156,210,198,38,154,150,29,186,178,37,210,198,38,Finisher,1882
Jeremy James,Dee,Jeremy James Dee,186,M35-39,Male,Barangay Karuhatan,Valenzuela City,Philippines,PH,1:30:19,6:54:20,6:12:25,0:05:01,0:04:17,14:46:21,5419,24860,22345,301,257,53181,211,199,37,195,187,38,190,182,36,211,199,37,Finisher,1301
Giáp,Lê Nguyên,Giáp Lê Nguyên,223,M40-44,Male,Hà Nội,Hà Nội,Vietnam,VN,1:40:24,7:09:07,5:41:14,0:09:20,0:08:37,14:48:42,6024,25747,20474,560,517,53322,212,200,39,249,235,47,231,220,42,212,200,39,Finisher,1492
Paul Lawrence,Alvarez,Paul Lawrence Alvarez,239,M40-44,Male,cebu city,PH-CEB,Philippines,PH,1:34:33,6:59:30,5:59:15,0:07:02,0:09:07,14:49:27,5673,25170,21555,422,547,53367,213,201,40,219,208,40,202,194,37,213,201,40,Finisher,1483
Michael Johnpaul Benito,Labao,Michael Johnpaul Benito Labao,270,M45-49,Male,Iligan City,,Philippines,PH,1:20:04,8:42:25,4:40:18,0:04:31,0:05:35,14:52:53,4804,31345,16818,271,335,53573,214,202,32,108,107,14,297,279,49,214,202,32,Finisher,1487
Rene Ricardo,Tayag,Rene Ricardo Tayag,38,M50-54,Male,Angeles City,,Philippines,PH,1:24:55,7:17:26,6:00:05,0:06:28,0:06:45,14:55:39,5095,26246,21605,388,405,53739,215,203,39,142,138,25,216,207,40,215,203,39,Finisher,1766
Toshikazu,Kobayashi,Toshikazu Kobayashi,123,M65-69,Male,Fukuroi,SHIZUOKA,Japan,JP,1:32:42,7:18:26,5:47:58,0:10:21,0:08:37,14:58:04,5562,26306,20878,621,517,53884,216,204,1,210,201,3,233,222,2,216,204,1,Finisher,5000
Jaiveer,Juneja,Jaiveer Juneja,245,M40-44,Male,Surat,Gujarat,India,IN,1:36:22,7:16:24,5:38:23,0:13:49,0:13:26,14:58:25,5782,26184,20303,829,806,53905,217,205,41,231,217,43,241,229,46,217,205,41,Finisher,1375
Mark,Meuser,Mark Meuser,133,M50-54,Male,PASADENA,CA,United States,US,1:26:57,6:35:26,6:36:02,0:09:17,0:11:25,14:59:07,5217,23726,23762,557,685,53947,218,206,40,164,159,32,159,154,29,218,206,40,Finisher,1724
Ferdinand,Bautista,Ferdinand Bautista,332,M50-54,Male,Mayamot Antipolo,Rizal,Philippines,PH,1:33:28,7:23:47,5:52:19,0:04:55,0:08:05,15:02:35,5608,26627,21139,295,485,54155,219,207,41,213,203,37,234,223,43,219,207,41,Finisher,1682
Jonny,Nylund,Jonny Nylund,280,M45-49,Male,Taguig,Metro Manila,Finland,FI,1:35:33,7:08:48,6:01:19,0:08:10,0:10:50,15:04:40,5733,25728,21679,490,650,54280,220,208,33,223,210,35,224,214,35,220,208,33,Finisher,1345
Paolo Brylle,Roquero,Paolo Brylle Roquero,188,M35-39,Male,Lingunan,VALENZUELA CITY,Philippines,PH,1:40:03,7:01:05,6:09:50,0:07:58,0:06:45,15:05:41,6003,25265,22190,478,405,54341,221,209,38,246,232,43,218,209,40,221,209,38,Finisher,1069
Karl T,Reformina,Karl T Reformina,101,M40-44,Male,"Brgy. LANGKAAN, Dasmariñas City",CAV,Philippines,PH,1:48:40,7:18:23,5:45:28,0:06:24,0:08:13,15:07:09,6520,26303,20728,384,493,54429,222,210,42,279,263,52,249,237,48,222,210,42,Finisher,1270
彰康,松田,彰康 松田,373,M60-64,Male,芦屋市大東町,兵庫県,Japan,JP,1:42:31,7:32:15,5:29:06,0:12:47,0:10:53,15:07:32,6151,27135,19746,767,653,54452,223,211,8,264,249,9,266,250,11,223,211,8,Finisher,2541
Jaydee,Cruz,Jaydee Cruz,226,M40-44,Male,Doha,Doha,Philippines,PH,1:36:01,7:34:47,5:44:50,0:05:40,0:06:29,15:07:48,5761,27287,20690,340,389,54468,224,212,43,228,214,42,253,241,50,224,212,43,Finisher,1263
Arnold,Alicdan,Arnold Alicdan,337,M50-54,Male,Doha,Qatar,Philippines,PH,1:48:05,7:07:04,5:52:38,0:08:06,0:12:07,15:08:00,6485,25624,21158,486,727,54480,225,213,42,278,262,49,236,225,45,225,213,42,Finisher,1617
Ramon Miguel,Abeleda,Ramon Miguel Abeleda,37,M35-39,Male,Barangay Ususan,NATIONAL CAPITAL REGION,Philippines,PH,1:15:20,6:52:09,6:49:38,0:04:59,0:07:03,15:09:09,4520,24729,24578,299,423,54549,226,214,39,73,72,17,162,157,33,226,214,39,Finisher,1028
Dan Ryan,Co,Dan Ryan Co,249,M40-44,Male,North Fairview,Metro Mani,Philippines,PH,1:34:55,7:07:47,6:13:19,0:07:13,0:06:39,15:09:52,5695,25667,22399,433,399,54592,227,215,44,220,209,41,220,211,41,227,215,44,Finisher,1238
Jamie,Goh,Jamie Goh,463,F35-39,Female,Singapore,Singapore,Singapore,SG,1:35:33,7:38:14,5:42:01,0:06:36,0:07:33,15:09:56,5733,27494,20521,396,453,54596,228,13,3,222,13,3,259,15,3,228,13,3,Finisher,3213
Roderick,Salih,Roderick Salih,328,M50-54,Male,Zamboanga city,Zamboanga City,Philippines,PH,1:41:13,7:10:31,6:05:13,0:05:28,0:07:54,15:10:18,6073,25831,21913,328,474,54618,229,216,43,259,244,47,230,219,42,229,216,43,Finisher,1590
Rossman,Pineda,Rossman Pineda,182,M35-39,Male,"Camachiles, Mabalacat City",Pampanga,Philippines,PH,2:00:16,6:38:35,6:18:53,0:05:56,0:09:07,15:12:45,7216,23915,22733,356,547,54765,230,217,40,303,285,49,208,200,39,230,217,40,Finisher,1000
Michael,Pasion,Michael Pasion,248,M40-44,Male,DOHA,DOHA,Philippines,PH,1:38:37,6:55:02,5:48:24,0:08:46,0:42:06,15:12:54,5917,24902,20904,526,2526,54774,231,218,45,238,224,45,206,198,39,231,218,45,Finisher,1201
Brendan,Butland,Brendan Butland,348,M55-59,Male,torquay,VIC,Australia,AU,1:30:33,,,0:08:48,0:00:00,15:14:16,5433,0,0,528,0,54856,232,219,15,198,190,13,99999,99999,99999,232,219,15,Finisher,2300
Nao,Katayama,Nao Katayama,455,F45-49,Female,"kita-ku, okayama-city",,Japan,JP,1:54:13,7:28:08,5:36:03,0:07:57,0:08:22,15:14:44,6853,26888,20163,477,502,54884,233,14,3,297,18,3,273,18,3,233,14,3,Finisher,2970
Shigeki,Sakamoto,Shigeki Sakamoto,384,M70-74,Male,FujitzukaTakasaki,JP-10,Japan,JP,1:30:15,7:57:51,5:33:21,0:08:27,0:06:42,15:16:36,5415,28671,20001,507,402,54996,234,220,1,194,186,2,278,260,2,234,220,1,Finisher,5000
Richard,Salazar,Richard Salazar,395,M45-49,Male,General trias cavite,PH-CAV,Philippines,PH,1:29:08,6:57:54,6:36:31,0:05:23,0:08:57,15:17:52,5348,25074,23791,323,537,55072,235,221,34,185,178,28,192,184,28,235,221,34,Finisher,1187
裕,山口,裕 山口,378,M65-69,Male,"なし, なし",佐賀県,Japan,JP,1:19:50,7:13:34,6:34:17,0:06:19,0:04:54,15:18:54,4790,26014,23657,379,294,55134,236,222,2,105,104,1,200,192,1,236,222,2,Finisher,4750
Martin,Taylor,Martin Taylor,355,M55-59,Male,Chertsey,SRY,United Kingdom,GB,1:40:36,7:41:33,5:40:59,0:06:52,0:09:54,15:19:54,6036,27693,20459,412,594,55194,237,223,16,250,236,18,270,254,21,237,223,16,Finisher,2232
Mark,Estrada,Mark Estrada,242,M40-44,Male,Cupang,Muntinlupa,Philippines,PH,1:29:08,7:27:00,6:06:33,0:08:47,0:09:02,15:20:30,5348,26820,21993,527,542,55230,238,224,46,184,177,33,238,227,44,238,224,46,Finisher,1110
Marlon,Cataquis,Marlon Cataquis,251,M40-44,Male,"Barangay 670, Ermita",Metro Manila,Philippines,PH,1:34:31,7:37:58,5:37:46,0:09:22,0:22:34,15:22:11,5671,27478,20266,562,1354,55331,239,225,47,217,206,38,261,246,51,239,225,47,Finisher,1090
Ben,Johnston,Ben Johnston,315,M50-54,Male,Maroochydore,QLD,Australia,AU,1:13:01,6:51:54,7:01:48,0:07:13,0:09:12,15:23:07,4381,24714,25308,433,552,55387,240,226,44,60,59,9,161,156,30,240,226,44,Finisher,1436
John Chiahung,Chu,John Chiahung Chu,365,M55-59,Male,台中市,BC,Taiwan,TW,1:39:23,7:29:18,5:56:11,0:09:29,0:09:03,15:23:24,5963,26958,21371,569,543,55404,241,227,17,243,229,17,255,242,16,241,227,17,Finisher,2190
Mark,David,Mark David,243,M40-44,Male,doha,,Philippines,PH,1:58:50,7:12:45,6:00:06,0:04:42,0:07:06,15:23:30,7130,25965,21606,282,426,55410,242,228,48,302,284,57,252,240,49,242,228,48,Finisher,1074
Christian,Dela Cruz,Christian Dela Cruz,205,M35-39,Male,Eschol Park,AU-NSW,Philippines,PH,1:24:14,6:47:15,6:58:14,0:11:25,0:11:19,15:32:26,5054,24435,25094,685,679,55946,243,229,41,137,133,29,181,174,34,243,229,41,Finisher,1000
大家,直樹,大家 直樹,354,M55-59,Male,"有本, 和歌山",和歌山,Japan,JP,1:29:43,7:37:25,6:13:41,0:06:58,0:06:43,15:34:30,5383,27445,22421,418,403,56070,244,230,18,192,184,10,250,238,15,244,230,18,Finisher,2057
Harumi,Shino,Harumi Shino,456,F50-54,Female,大和郡山市九条町,,Japan,JP,1:26:39,7:14:12,6:34:09,0:11:35,0:09:43,15:36:17,5199,26052,23649,695,583,56177,245,15,1,160,5,1,222,10,1,245,15,1,Finisher,5000
Ðoàn Lê,Minh,Ðoàn Lê Minh,224,M40-44,Male,Hung Yen,VietNam,Vietnam,VN,1:41:53,8:12:23,5:30:10,0:04:52,0:10:06,15:39:24,6113,29543,19810,292,606,56364,246,231,49,261,246,48,295,277,57,246,231,49,Finisher,1000
Sojih,Navalta,Sojih Navalta,296,M45-49,Male,Urdaneta City,Pangasinan,Philippines,PH,1:54:35,8:05:05,5:30:18,0:04:38,0:04:51,15:39:27,6875,29105,19818,278,291,56367,247,232,35,298,280,49,296,278,48,247,232,35,Finisher,1000
Kristian,Cabahug,Kristian Cabahug,234,M40-44,Male,Mandaue,Cebu,Philippines,PH,1:25:47,6:56:23,7:04:06,0:07:38,0:06:24,15:40:18,5147,24983,25446,458,384,56418,248,233,50,152,148,26,191,183,33,248,233,50,Finisher,1000
Nick,Cudmore,Nick Cudmore,380,M65-69,Male,Zamboanguita,England,United Kingdom,GB,1:46:31,7:15:58,6:16:13,0:07:41,0:13:55,15:40:18,6391,26158,22573,461,835,56418,249,234,3,272,256,4,244,232,3,249,234,3,Finisher,4493
Christian Rey,Vega,Christian Rey Vega,232,M40-44,Male,"Paco, Manila",NCR,Philippines,PH,1:15:24,7:20:33,6:52:28,0:05:36,0:07:24,15:41:25,4524,26433,24748,336,444,56485,250,235,51,74,73,13,205,197,38,250,235,51,Finisher,1000
Sarah,Jervoso,Sarah Jervoso,452,F40-44,Female,Taguig,PH-00,Philippines,PH,1:40:44,7:38:32,6:08:16,0:04:43,0:09:35,15:41:50,6044,27512,22096,283,575,56510,251,16,5,254,15,5,263,16,6,251,16,5,Finisher,3385
Geraldo,Costa,Geraldo Costa,364,M55-59,Male,Baguio City,BR-MG,Brazil,BR,1:30:11,7:38:52,6:13:20,0:10:22,0:09:59,15:42:45,5411,27532,22400,622,599,56565,252,236,19,193,185,11,256,243,17,252,236,19,Finisher,1958
Matt,Paz De Leon,Matt Paz De Leon,213,M40-44,Male,Manila,Rizal,Philippines,PH,1:40:23,7:12:24,6:36:46,0:06:41,0:07:57,15:44:10,6023,25944,23806,401,477,56650,253,237,52,248,234,46,232,221,43,253,237,52,Finisher,1000
Xavi,Sanz Garcia,Xavi Sanz Garcia,235,M40-44,Male,Barcelona,,Spain,ES,1:26:54,7:53:14,6:07:04,0:08:36,0:10:31,15:46:20,5214,28394,22024,516,631,56780,254,238,53,162,157,27,267,251,52,254,238,53,Finisher,1000
Jubaile,Morales,Jubaile Morales,190,M35-39,Male,Flemington,AU-VIC,Philippines,PH,1:25:10,8:56:09,5:18:42,0:07:07,0:03:34,15:50:42,5110,32169,19122,427,214,57042,255,239,42,148,144,31,303,285,49,255,239,42,Finisher,1000
Joe,Wen,Joe Wen,195,M35-39,Male,5,Agusan del sur,United States,US,1:17:18,6:46:10,7:36:13,0:05:15,0:07:32,15:52:28,4638,24370,27373,315,452,57148,256,240,43,91,90,23,155,150,32,256,240,43,Finisher,1000
Chiquito,Obeso Jr,Chiquito Obeso Jr,159,M30-34,Male,Cebu City,PH-CEB,Philippines,PH,1:32:00,7:07:52,6:59:10,0:07:49,0:06:16,15:53:08,5520,25672,25150,469,376,57188,257,241,24,207,198,23,212,203,23,257,241,24,Finisher,1000
Petronilo Jr,Abuan,Petronilo Jr Abuan,352,M55-59,Male,Los banos,PH-LAG,Philippines,PH,1:56:08,7:40:02,5:54:50,0:06:57,0:17:28,15:55:25,6968,27602,21290,417,1048,57325,258,242,20,300,282,24,284,266,22,258,242,20,Finisher,1806
Julie,Lorenzano,Julie Lorenzano,468,F40-44,Female,Makati,METRO MANILA,Philippines,PH,1:34:59,7:43:52,6:17:10,0:10:23,0:15:22,16:01:46,5699,27832,22630,623,922,57706,259,17,6,221,12,4,271,17,7,259,17,6,Finisher,3146
Dennis,Dy,Dennis Dy,298,M45-49,Male,Candulawan,PH-CEB,Philippines,PH,1:42:25,7:50:12,6:14:57,0:06:40,0:08:22,16:02:36,6145,28212,22497,400,502,57756,260,243,36,263,248,40,281,263,43,260,243,36,Finisher,1000
Ronaldo,Parlan,Ronaldo Parlan,335,M50-54,Male,Doha,Doha,Philippines,PH,1:40:17,7:39:00,6:29:00,0:05:14,0:09:08,16:02:39,6017,27540,23340,314,548,57759,261,244,45,247,233,44,264,248,48,261,244,45,Finisher,1000
Masaya,Kawano,Masaya Kawano,358,M55-59,Male,Yokohama-shi,KANAGAWA,Japan,JP,1:23:56,8:20:02,5:53:55,0:09:00,0:16:11,16:03:04,5036,30002,21235,540,971,57784,262,245,21,133,129,8,291,273,23,262,245,21,Finisher,1714
Joey,Marayag,Joey Marayag,214,M40-44,Male,CUPANG,,Philippines,PH,1:50:17,7:49:52,6:13:13,0:05:55,0:05:01,16:04:18,6617,28192,22393,355,301,57858,263,246,54,287,271,54,287,269,54,263,246,54,Finisher,1000
Katsuhisa,Tamai,Katsuhisa Tamai,201,M35-39,Male,金沢市金石本町,Ishikawa,Japan,JP,1:35:56,7:31:43,6:42:18,0:05:49,0:08:46,16:04:32,5756,27103,24138,349,526,57872,264,247,44,226,212,40,248,236,44,264,247,44,Finisher,1000
Mark,Jingco,Mark Jingco,273,M45-49,Male,City of San Fernando,PH-PAM,Philippines,PH,1:51:42,7:09:01,6:44:43,0:10:30,0:09:54,16:05:51,6702,25741,24283,630,594,57951,265,248,37,292,275,47,246,234,36,265,248,37,Finisher,1000
Rodel,Jueco,Rodel Jueco,301,M45-49,Male,Waikiki,WA,Australia,AU,2:15:04,7:08:07,6:29:55,0:05:38,0:07:38,16:06:22,8104,25687,23395,338,458,57982,266,249,38,305,287,50,269,253,37,266,249,38,Finisher,1000
Hardik,Patil,Hardik Patil,132,M35-39,Male,Virar,Maharashtra,India,IN,1:37:18,7:44:10,6:22:13,0:07:18,0:16:08,16:07:07,5838,27850,22933,438,968,58027,267,250,45,235,221,41,268,252,45,267,250,45,Finisher,1000
Neil,Regino,Neil Regino,257,M45-49,Male,San vicente,CALABARZON,Philippines,PH,1:39:28,7:02:54,7:11:17,0:05:38,0:07:51,16:07:08,5968,25374,25877,338,471,58028,268,251,39,244,230,37,213,204,31,268,251,39,Finisher,1000
Danilo,Zapanta,Danilo Zapanta,357,M55-59,Male,Taguig,NATIONAL CAPITAL REGION,Philippines,PH,1:49:26,7:26:28,6:38:27,0:04:58,0:08:12,16:07:31,6566,26788,23907,298,492,58051,269,252,22,284,268,21,260,245,19,269,252,22,Finisher,1661
Jose Mari,Jueco,Jose Mari Jueco,346,M50-54,Male,Plumpton,AU-NSW,Australia,AU,1:40:39,7:16:12,6:59:34,0:05:45,0:05:42,16:07:52,6039,26172,25174,345,342,58072,270,253,46,252,238,45,235,224,44,270,253,46,Finisher,1000
Matthew,Gapultos,Matthew Gapultos,175,M30-34,Male,Barangay 588,Manila,Philippines,PH,1:49:01,7:23:58,6:37:51,0:13:25,0:07:03,16:11:19,6541,26638,23871,805,423,58279,271,254,25,282,266,25,265,249,25,271,254,25,Finisher,1000
THUY HONG,HUYNH THI,THUY HONG HUYNH THI,467,F40-44,Female,Ha noi,VN-HN,Vietnam,VN,1:33:51,7:36:20,6:39:29,0:09:59,0:12:09,16:11:48,5631,27380,23969,599,729,58308,272,18,7,215,11,3,258,14,5,272,18,7,Finisher,3025
Francis,Victoria,Francis Victoria,291,M45-49,Male,Mandaluyong City,,Philippines,PH,1:49:19,7:29:08,6:25:29,0:12:43,0:16:46,16:13:24,6559,26948,23129,763,1006,58404,273,255,40,283,267,45,274,256,39,273,255,40,Finisher,1000
Steven,Sy,Steven Sy,363,M55-59,Male,Quezon City,PH-00,Philippines,PH,1:49:01,7:20:45,6:43:55,0:10:11,0:10:22,16:14:14,6541,26445,24235,611,622,58454,274,256,23,281,265,20,257,244,18,274,256,23,Finisher,1580
Yoshio,Fujimura,Yoshio Fujimura,383,M70-74,Male,MACHIDA-CITY,,Japan,JP,1:43:15,7:56:11,6:13:57,0:11:07,0:10:16,16:14:47,6195,28571,22437,667,616,58487,275,257,2,266,250,3,290,272,3,275,257,2,Finisher,4301
Giovanni,Bausing,Giovanni Bausing,255,M40-44,Male,Canlubang,"Calamba, Laguna",Philippines,PH,1:36:44,7:03:35,7:23:17,0:04:29,0:08:41,16:16:46,5804,25415,26597,269,521,58606,276,258,55,233,219,44,209,201,40,276,258,55,Finisher,1000
Romeo,Ramos Jr,Romeo Ramos Jr,367,M60-64,Male,PARANQUE,CAVITE,Philippines,PH,1:48:01,7:14:46,6:51:31,0:07:24,0:15:52,16:17:33,6481,26086,24691,444,952,58653,277,259,9,277,261,11,245,233,10,277,259,9,Finisher,1701
Ferdinand,Benitez,Ferdinand Benitez,277,M45-49,Male,Quezon City,,Philippines,PH,1:47:22,7:53:46,6:19:13,0:07:08,0:10:38,16:18:07,6442,28426,22753,428,638,58687,278,260,41,274,258,42,289,271,46,278,260,41,Finisher,1000
Ramil,Ranario,Ramil Ranario,274,M45-49,Male,Lipa City,,Philippines,PH,1:47:56,7:33:29,6:40:46,0:08:02,0:08:03,16:18:17,6476,27209,24046,482,483,58697,279,261,42,276,260,43,272,255,38,279,261,42,Finisher,1000
Tanongsak,Hongcharoensri,Tanongsak Hongcharoensri,115,M60-64,Male,Banchang,,Thailand,TH,1:23:21,7:13:15,7:24:32,0:07:23,0:10:24,16:18:55,5001,25995,26672,443,624,58735,280,262,10,128,124,4,207,199,8,280,262,10,Finisher,1685
"Manuel, Jr",Ocampo,"Manuel, Jr Ocampo",250,M40-44,Male,DOHA,QATAR,Philippines,PH,1:49:41,7:56:54,6:09:57,0:07:42,0:15:27,16:19:41,6581,28614,22197,462,927,58781,281,263,56,286,270,53,293,275,56,281,263,56,Finisher,1000
Benedict Jose,Torres,Benedict Jose Torres,198,M35-39,Male,Angeles City,Pampanga,Philippines,PH,1:44:51,7:46:44,6:31:30,0:09:52,0:07:14,16:20:11,6291,28004,23490,592,434,58811,282,264,46,269,253,47,283,265,47,282,264,46,Finisher,1000
Maheshkumar ,Prajapati,Maheshkumar Prajapati,397,M45-49,Male,Surat,GUJARAT,India,IN,1:32:29,8:12:16,6:13:11,0:10:52,0:12:53,16:21:41,5549,29536,22391,652,773,58901,283,265,43,208,199,31,294,276,47,283,265,43,Finisher,1000
Masaaki,Yasuda,Masaaki Yasuda,113,M60-64,Male,Kishiwada,,Japan,JP,1:16:28,7:12:12,7:32:03,0:08:47,0:12:53,16:22:21,4588,25932,27123,527,773,58941,284,266,11,81,80,1,197,189,7,284,266,11,Finisher,1644
Rollie,Alcantara,Rollie Alcantara,334,M50-54,Male,Silop Surigao City,Surigao del Norte,Philippines,PH,1:31:16,7:27:48,7:09:26,0:05:20,0:09:39,16:23:30,5476,26868,25766,320,579,59010,285,267,47,203,194,35,237,226,46,285,267,47,Finisher,1000
Dwight,Tadus,Dwight Tadus,282,M45-49,Male,"VILLA STA. MARIA,COR GUMAMELA DRIVE ZAMBOANGA CITY",ZAMBOANGA DEL SUR,Philippines,PH,1:29:39,8:03:00,6:36:02,0:06:23,0:09:12,16:24:15,5379,28980,23762,383,552,59055,286,268,44,190,183,29,280,262,42,286,268,44,Finisher,1000
Irie,Kazuya,Irie Kazuya,385,M70-74,Male,合志市,JP-43,Japan,JP,1:08:23,7:55:50,6:53:30,0:10:34,0:17:21,16:25:38,4103,28550,24810,634,1041,59138,287,269,3,33,33,1,251,239,1,287,269,3,Finisher,4171
Jay,Lamorena,Jay Lamorena,281,M45-49,Male,General Santos,PH-SCO,Philippines,PH,1:40:38,7:49:12,6:32:28,0:16:59,0:11:51,16:31:09,6038,28152,23548,1019,711,59469,288,270,45,251,237,38,288,270,45,288,270,45,Finisher,1000
Seth Leonard,Sabuga,Seth Leonard Sabuga,196,M35-39,Male,New pandan,Davao del Norte,Philippines,PH,1:28:28,7:20:45,7:25:56,0:05:40,0:12:00,16:32:49,5308,26445,26756,340,720,59569,289,271,47,173,167,35,228,218,43,289,271,47,Finisher,1000
Hui-Yao,Yu,Hui-Yao Yu,320,M50-54,Male,Carmona,Cavite,Taiwan,TW,1:50:42,8:08:08,6:18:58,0:08:47,0:06:38,16:33:12,6642,29288,22738,527,398,59592,290,272,48,290,273,50,299,281,50,290,272,48,Finisher,1000
Meng-Ho,Wu,Meng-Ho Wu,285,M45-49,Male,Alabang,Muntinlupa,Taiwan,TW,1:48:50,,,0:09:41,0:00:00,16:33:22,6530,0,0,581,0,59602,291,273,46,280,264,44,99999,99999,99999,291,273,46,Finisher,1000
Tj,Jimenez,Tj Jimenez,362,M55-59,Male,Pasig,PH-00,Philippines,PH,1:51:11,7:25:29,6:57:35,0:06:55,0:12:23,16:33:33,6671,26729,25055,415,743,59613,292,274,24,291,274,22,262,247,20,292,274,24,Finisher,1349
Hideo,Tanaka,Hideo Tanaka,382,M65-69,Male,上益城郡益城町広崎,JP-43,Japan,JP,1:28:54,7:52:42,6:50:11,0:12:13,0:09:48,16:33:48,5334,28362,24611,733,588,59628,293,275,4,181,174,2,275,257,4,293,275,4,Finisher,3851
Wilberto Lemuel,Lacuna,Wilberto Lemuel Lacuna,294,M45-49,Male,Pasig,METRO MANILA,Philippines,PH,1:28:34,8:04:20,6:36:52,0:10:32,0:14:13,16:34:32,5314,29060,23812,632,853,59672,294,276,47,177,171,26,285,267,44,294,276,47,Finisher,1000
Nabi Karl Bayani,Montenegro,Nabi Karl Bayani Montenegro,227,M40-44,Male,"Brgy Ajong, Sibulan",Negros Oriental,Philippines,PH,1:54:53,7:42:44,6:40:29,0:06:50,0:10:16,16:35:13,6893,27764,24029,410,616,59713,295,277,57,299,281,56,286,268,53,295,277,57,Finisher,1000
Bon Edison,Quinto,Bon Edison Quinto,263,M45-49,Male,"Balatas , Naga City",PH-CAS,Philippines,PH,1:28:56,7:01:04,7:45:40,0:11:29,0:10:15,16:37:22,5336,25264,27940,689,615,59842,296,278,48,182,175,27,204,196,30,296,278,48,Finisher,1000
Elmer,Tagarino,Elmer Tagarino,324,M50-54,Male,Pamplona Dos,NATIONAL CAPITAL REGION,Philippines,PH,1:35:35,7:25:13,7:20:10,0:09:18,0:13:33,16:43:50,5735,26713,26410,558,813,60230,297,279,49,224,211,38,243,231,47,297,279,49,Finisher,1000
John Albert,Clave,John Albert Clave,184,M35-39,Male,Angono,RIZ,Philippines,PH,1:41:00,8:35:29,6:13:46,0:08:07,0:08:21,16:46:43,6060,30929,22426,487,501,60403,298,280,48,255,240,44,302,284,48,298,280,48,Finisher,1000
Orbil,Federizo,Orbil Federizo,279,M45-49,Male,Abu Dhabi city,Abu Dhabi,Philippines,PH,1:52:08,7:36:11,7:03:21,0:07:58,0:07:39,16:47:18,6728,27371,25401,478,459,60438,299,281,49,294,277,48,277,259,41,299,281,49,Finisher,1000
Asav,Shah,Asav Shah,160,M30-34,Male,Ahmedabad,Gujarat,India,IN,1:50:31,8:19:55,6:22:50,0:08:24,0:05:53,16:47:32,6631,29995,22970,504,353,60452,300,282,26,289,272,26,300,282,26,300,282,26,Finisher,1000
Nattawut,Tripech,Nattawut Tripech,272,M45-49,Male,"Klong Tan Nua , Wattana",,Thailand,TH,1:46:22,7:39:52,6:58:48,0:09:23,0:13:23,16:47:48,6382,27592,25128,563,803,60468,301,283,50,271,255,41,276,258,40,301,283,50,Finisher,1000
Vikrant,Ghotge,Vikrant Ghotge,317,M50-54,Male,Pune,Maharashtra,India,IN,1:38:48,7:52:19,7:00:20,0:08:45,0:09:06,16:49:17,5928,28339,25220,525,546,60557,302,284,50,241,227,42,282,264,49,302,284,50,Finisher,1000
Carmelo,Lunizo,Carmelo Lunizo,374,M60-64,Male,"Bancal, Meycauayan",BULACAN,Philippines,PH,2:18:31,7:43:00,6:33:55,0:05:48,0:08:36,16:49:49,8311,27780,23635,348,516,60589,303,285,12,306,288,12,298,280,12,303,285,12,Finisher,1314
Ginno,Naz,Ginno Naz,203,M35-39,Male,Malinta Village,Philippines,Philippines,PH,1:41:11,7:43:18,6:56:58,0:13:56,0:18:18,16:53:41,6071,27798,25018,836,1098,60821,304,286,49,258,243,45,279,261,46,304,286,49,Finisher,1000
James,Paul De Mesa,James Paul De Mesa,211,M40-44,Male,Pasig City,QUE,Philippines,PH,2:00:52,7:42:42,6:46:15,0:09:47,0:14:48,16:54:24,7252,27762,24375,587,888,60864,305,287,58,304,286,58,292,274,55,305,287,58,Finisher,1000
Ramon,Escala,Ramon Escala,305,M50-54,Male,"San Rafael, Tarlac City",,Philippines,PH,1:53:55,8:16:33,6:27:17,0:09:32,0:07:16,16:54:31,6835,29793,23237,572,436,60871,306,288,51,296,279,51,301,283,51,306,288,51,Finisher,1000
Jose Antonio,Cabochan,Jose Antonio Cabochan,312,M50-54,Male,Quezon City,NCR,Philippines,PH,,,,0:00:00,0:00:00,,0,0,0,0,0,0,99999,99999,99999,99999,99999,99999,99999,99999,99999,99999,99999,99999,DNS,0
Florent,Mozziconacci,Florent Mozziconacci,176,M30-34,Male,Porto vecchio,Corsica,France,FR,1:19:05,,,0:04:17,0:00:00,,4745,0,0,257,0,0,99999,99999,99999,99999,99999,99999,99999,99999,99999,99999,99999,99999,DNF,0
Michael,Baaclo,Michael Baaclo,329,M50-54,Male,Doha,Qatar,Philippines,PH,,,,0:00:00,0:00:00,,0,0,0,0,0,0,99999,99999,99999,99999,99999,99999,99999,99999,99999,99999,99999,99999,DNS,0
wei,wu,wei wu,265,M45-49,Male,Suzhou,CN-JS,China,CN,,,,0:00:00,0:00:00,,0,0,0,0,0,0,99999,99999,99999,99999,99999,99999,99999,99999,99999,99999,99999,99999,DNS,0
mayumi,waki,mayumi waki,465,PC/ID,Female,"Yokosuka, Kurihama",JP-14,Japan,JP,1:26:06,8:58:48,,0:17:14,0:00:00,,5166,32328,0,1034,0,0,99999,99999,99999,99999,99999,99999,99999,99999,99999,99999,99999,99999,DNF,0
Marco,De Leo,Marco De Leo,264,M45-49,Male,Milan,,Italy,IT,,,,0:00:00,0:00:00,,0,0,0,0,0,0,99999,99999,99999,99999,99999,99999,99999,99999,99999,99999,99999,99999,DNS,0
Andre,kuok,Andre kuok,326,M50-54,Male,Macao,Macao,Macao,MO,1:26:19,,,0:11:23,0:00:00,,5179,0,0,683,0,0,99999,99999,99999,99999,99999,99999,99999,99999,99999,99999,99999,99999,DNF,0
Ryuji,Nakagawa,Ryuji Nakagawa,388,M80-84,Male,"asahimati, takaratuka",JP-28,Japan,JP,1:53:35,8:39:38,,0:09:41,0:00:00,,6815,31178,0,581,0,0,99999,99999,99999,99999,99999,99999,99999,99999,99999,99999,99999,99999,DNF,0
atsuko,maruo,atsuko maruo,464,PC/ID,Female,"Yamada, Itami",JP-28,Japan,JP,1:26:06,8:58:42,,0:17:15,0:00:00,,5166,32322,0,1035,0,0,99999,99999,99999,99999,99999,99999,99999,99999,99999,99999,99999,99999,DNF,0
Tyler,Burke,Tyler Burke,266,M45-49,Male,MERRIMAC,MA,United States,US,,,,0:00:00,0:00:00,,0,0,0,0,0,0,99999,99999,99999,99999,99999,99999,99999,99999,99999,99999,99999,99999,DNS,0
TAKEHISA,SUZUKI,TAKEHISA SUZUKI,376,M60-64,Male,Musashino,JP-13,Japan,JP,1:09:14,5:44:23,,0:04:37,0:05:39,,4154,20663,0,277,339,0,99999,99999,99999,99999,99999,99999,99999,99999,99999,99999,99999,99999,DNF,0
Manthan,Raval,Manthan Raval,194,M35-39,Male,AHMEDABAD,GUJARAT,India,IN,,,,0:00:00,0:00:00,,0,0,0,0,0,0,99999,99999,99999,99999,99999,99999,99999,99999,99999,99999,99999,99999,DNS,0
Jezreel,Bago,Jezreel Bago,299,M45-49,Male,CHINO HILLS,CA,Philippines,PH,,,,0:00:00,0:00:00,,0,0,0,0,0,0,99999,99999,99999,99999,99999,99999,99999,99999,99999,99999,99999,99999,DNS,0
Kyle,Bresnahan,Kyle Bresnahan,57,M25-29,Male,LONG BEACH,CA,United States,US,,,,0:00:00,0:00:00,,0,0,0,0,0,0,99999,99999,99999,99999,99999,99999,99999,99999,99999,99999,99999,99999,DNS,0
Aris,Parmisano,Aris Parmisano,192,M35-39,Male,Banawa,Cebu,Philippines,PH,,,,0:00:00,0:00:00,,0,0,0,0,0,0,99999,99999,99999,99999,99999,99999,99999,99999,99999,99999,99999,99999,DNS,0
Koji,Takaura,Koji Takaura,379,M65-69,Male,Minami-ku Sagamihara,,Japan,JP,1:40:37,,,0:13:16,0:00:00,,6037,0,0,796,0,0,99999,99999,99999,99999,99999,99999,99999,99999,99999,99999,99999,99999,DNF,0
Andy,Wibowo,Andy Wibowo,21,M40-44,Male,"Badung, Bali",Bali,Indonesia,ID,,,,0:00:00,0:00:00,,0,0,0,0,0,0,99999,99999,99999,99999,99999,99999,99999,99999,99999,99999,99999,99999,DNS,0
Kath,Lagunsad,Kath Lagunsad,1017,F30-34,Female,San Antonio,Binan Laguna,Philippines,PH,,,,0:00:00,0:00:00,,0,0,0,0,0,0,99999,99999,99999,99999,99999,99999,99999,99999,99999,99999,99999,99999,DNF,0
Rodrigo Jr,Bonggao,Rodrigo Jr Bonggao,275,Unknown,Male,Del Rosario,NAGA CITY CAMARINES SUR,Philippines,PH,,,,0:00:00,0:00:00,,0,0,0,0,0,0,99999,99999,99999,99999,99999,99999,99999,99999,99999,99999,99999,99999,DNS,0
Pwe,Klangpapun,Pwe Klangpapun,356,M55-59,Male,Patumthani,,Thailand,TH,1:53:27,8:00:37,,0:06:57,0:12:32,,6807,28837,0,417,752,0,99999,99999,99999,99999,99999,99999,99999,99999,99999,99999,99999,99999,DNF,0
Adrian Carlos,Avellanosa,Adrian Carlos Avellanosa,169,M30-34,Male,Moonwalk,Metro Manila,Philippines,PH,1:14:18,7:46:49,,0:05:16,0:08:53,,4458,28009,0,316,533,0,99999,99999,99999,99999,99999,99999,99999,99999,99999,99999,99999,99999,DNF,0
Fabien,Escomel,Fabien Escomel,389,M50-54,Male,Doha,Qatar,France,FR,1:07:13,5:48:49,,0:06:45,0:00:00,,4033,20929,0,405,0,0,99999,99999,99999,99999,99999,99999,99999,99999,99999,99999,99999,99999,DNF,0
Yasuaki,Miki,Yasuaki Miki,377,M65-69,Male,"-, -osaka",JP-27,Japan,JP,,,,0:00:00,0:00:00,,0,0,0,0,0,0,99999,99999,99999,99999,99999,99999,99999,99999,99999,99999,99999,99999,DNS,0
Nivo,Arvili,Nivo Arvili,246,M40-44,Male,Tel Aviv,Tel Aviv District,Israel,IL,,,,0:00:00,0:00:00,,0,0,0,0,0,0,99999,99999,99999,99999,99999,99999,99999,99999,99999,99999,99999,99999,DNS,0
Alexandre,Juvé,Alexandre Juvé,229,M40-44,Male,Toorak,VIC,France,FR,1:15:35,,,0:03:07,0:00:00,,4535,0,0,187,0,0,99999,99999,99999,99999,99999,99999,99999,99999,99999,99999,99999,99999,DNF,0
Guy,Dru Drury,Guy Dru Drury,59,M55-59,Male,Corfe Castle,DORSET,United Kingdom,GB,,,,0:00:00,0:00:00,,0,0,0,0,0,0,99999,99999,99999,99999,99999,99999,99999,99999,99999,99999,99999,99999,DNS,0
Prithu,Yash,Prithu Yash,162,M30-34,Male,Singapore,Singapore,India,IN,,,,0:00:00,0:00:00,,0,0,0,0,0,0,99999,99999,99999,99999,99999,99999,99999,99999,99999,99999,99999,99999,DNS,0
Dai,Motoki,Dai Motoki,253,M40-44,Male,鹿児島市,鹿児島県,Japan,JP,,,,0:00:00,0:00:00,,0,0,0,0,0,0,99999,99999,99999,99999,99999,99999,99999,99999,99999,99999,99999,99999,DNS,0
Sang Ho,Lee,Sang Ho Lee,3,M35-39,Male,강남구,KR-11,South Korea,KR,1:11:01,5:15:03,,0:02:59,0:03:36,,4261,18903,0,179,216,0,99999,99999,99999,99999,99999,99999,99999,99999,99999,99999,99999,99999,DNF,0
Jiwei,Lei,Jiwei Lei,372,M60-64,Male,上海,上海,China,CN,1:40:20,,,0:12:57,0:00:00,,6020,0,0,777,0,0,99999,99999,99999,99999,99999,99999,99999,99999,99999,99999,99999,99999,DNF,0
Joan,Carrera,Joan Carrera,233,M40-44,Male,Abu dhabi,AUH,Philippines,PH,,,,0:00:00,0:00:00,,0,0,0,0,0,0,99999,99999,99999,99999,99999,99999,99999,99999,99999,99999,99999,99999,DNS,0
Yuttapon,Nakjarung,Yuttapon Nakjarung,283,M45-49,Male,Klong Suan Plue - Phra Nakhon Si Ayutthaya,,Thailand,TH,1:53:35,8:16:43,,0:08:47,0:09:42,,6815,29803,0,527,582,0,99999,99999,99999,99999,99999,99999,99999,99999,99999,99999,99999,99999,DNF,0
Ferdinand,Manebo,Ferdinand Manebo,276,M45-49,Male,toronto,ON,Philippines,PH,,,,0:00:00,0:00:00,,0,0,0,0,0,0,99999,99999,99999,99999,99999,99999,99999,99999,99999,99999,99999,99999,DNS,0
Guz,Dela Rosa,Guz Dela Rosa,217,Unknown,Male,Citrus Heights,CA,Philippines,PH,,,,0:00:00,0:00:00,,0,0,0,0,0,0,99999,99999,99999,99999,99999,99999,99999,99999,99999,99999,99999,99999,DNS,0
Kyle,Chiu,Kyle Chiu,174,M30-34,Male,Olongapo,PH-ZMB,Taiwan,TW,,,,0:00:00,0:00:00,,0,0,0,0,0,0,99999,99999,99999,99999,99999,99999,99999,99999,99999,99999,99999,99999,DNS,0
Abet,Carbo Jr,Abet Carbo Jr,304,M50-54,Male,GENERAL TRIAS,CAVITE,Philippines,PH,,,,0:00:00,0:00:00,,0,0,0,0,0,0,99999,99999,99999,99999,99999,99999,99999,99999,99999,99999,99999,99999,DNS,0
Ronald,Mallorca,Ronald Mallorca,202,M35-39,Male,Guadalupe Viejo,Makati City,Philippines,PH,1:47:50,,,0:08:19,0:00:00,,6470,0,0,499,0,0,99999,99999,99999,99999,99999,99999,99999,99999,99999,99999,99999,99999,DNF,0
Yannick,Vincelet,Yannick Vincelet,262,M45-49,Male,Rives de l'Yon,,France,FR,1:23:43,5:32:54,,0:05:19,0:04:40,,5023,19974,0,319,280,0,99999,99999,99999,99999,99999,99999,99999,99999,99999,99999,99999,99999,DNF,0
Thant Sin,Htoo,Thant Sin Htoo,171,M30-34,Male,Yangon,Yangon,Myanmar,MM,1:34:54,8:40:53,,0:07:37,0:07:47,,5694,31253,0,457,467,0,99999,99999,99999,99999,99999,99999,99999,99999,99999,99999,99999,99999,DNF,0
George,Jordan,George Jordan,40,M60-64,Male,Elizabeth City,NC,United States,US,1:06:18,6:53:55,,0:04:45,0:00:00,,3978,24835,0,285,0,0,99999,99999,99999,99999,99999,99999,99999,99999,99999,99999,99999,99999,DNF,0
Harlev,Cabaddu,Harlev Cabaddu,163,M30-34,Male,West Rembo,Makati City,Philippines,PH,,,,0:00:00,0:00:00,,0,0,0,0,0,0,99999,99999,99999,99999,99999,99999,99999,99999,99999,99999,99999,99999,DNS,0
Adrien,Beauvisage,Adrien Beauvisage,6,M45-49,Male,Singapore,,France,FR,1:12:41,5:50:15,,0:03:07,0:03:45,,4361,21015,0,187,225,0,99999,99999,99999,99999,99999,99999,99999,99999,99999,99999,99999,99999,DNF,0
Alfons,Van Der Vyver,Alfons Van Der Vyver,8,M45-49,Male,Johannesburg,,South Africa,ZA,1:22:09,,,0:05:01,0:00:00,,4929,0,0,301,0,0,99999,99999,99999,99999,99999,99999,99999,99999,99999,99999,99999,99999,DNF,0
Suet Fan,Wong,Suet Fan Wong,76,F45-49,Female,Shatin,Hong Kong,Hong Kong,HK,1:20:56,7:00:32,,0:05:01,0:13:41,,4856,25232,0,301,821,0,99999,99999,99999,99999,99999,99999,99999,99999,99999,99999,99999,99999,DNF,0
Yixian,Ye,Yixian Ye,361,M55-59,Male,Shanghai,Shanghai,China,CN,1:55:05,,,0:16:39,0:00:00,,6905,0,0,999,0,0,99999,99999,99999,99999,99999,99999,99999,99999,99999,99999,99999,99999,DNF,0
Eric,Dimabuyu,Eric Dimabuyu,325,M50-54,Male,"Bulaon, City of San Fernando",Pampanga,Philippines,PH,,,,0:00:00,0:00:00,,0,0,0,0,0,0,99999,99999,99999,99999,99999,99999,99999,99999,99999,99999,99999,99999,DNS,0
Tomoji,Maru,Tomoji Maru,381,M65-69,Male,Nerima-ku,Intl State,Japan,JP,,,,0:00:00,0:00:00,,0,0,0,0,0,0,99999,99999,99999,99999,99999,99999,99999,99999,99999,99999,99999,99999,DNS,0
Chris,Molnar,Chris Molnar,309,M50-54,Male,,,Canada,CA,1:21:26,,,0:10:10,0:00:00,,4886,0,0,610,0,0,99999,99999,99999,99999,99999,99999,99999,99999,99999,99999,99999,99999,DNF,0
Russell,Boulton,Russell Boulton,261,M45-49,Male,DARLINGTON,WA,Australia,AU,,,,0:00:00,0:00:00,,0,0,0,0,0,0,99999,99999,99999,99999,99999,99999,99999,99999,99999,99999,99999,99999,DNS,0
Anne,Roessner,Anne Roessner,453,F40-44,Female,SAINT FLORENT DES BOIS,,France,FR,1:27:27,6:38:45,,0:06:58,0:12:26,,5247,23925,0,418,746,0,99999,99999,99999,99999,99999,99999,99999,99999,99999,99999,99999,99999,DNF,0
Masashi,Yamada,Masashi Yamada,359,M55-59,Male,"関西地区, 堺市関西",JP-27,Japan,JP,1:38:45,,,0:05:36,0:00:00,,5925,0,0,336,0,0,99999,99999,99999,99999,99999,99999,99999,99999,99999,99999,99999,99999,DNF,0
Jean-Reynald,Millot,Jean-Reynald Millot,339,M50-54,Male,champagnac,CANTAL,France,FR,,,,0:00:00,0:00:00,,0,0,0,0,0,0,99999,99999,99999,99999,99999,99999,99999,99999,99999,99999,99999,99999,DNS,0
Levy,Ang,Levy Ang,340,M50-54,Male,Makati City,NATIONAL CAPITAL REGION,Philippines,PH,1:20:59,6:45:51,,0:06:03,0:11:31,,4859,24351,0,363,691,0,99999,99999,99999,99999,99999,99999,99999,99999,99999,99999,99999,99999,DNF,0
Antonio,Malasig,Antonio Malasig,256,Unknown,Male,Pasay,,Philippines,PH,,,,0:00:00,0:00:00,,0,0,0,0,0,0,99999,99999,99999,99999,99999,99999,99999,99999,99999,99999,99999,99999,DNS,0
Marco,Accardo,Marco Accardo,100,M35-39,Male,santa maria delle mole,,Italy,IT,,,,0:00:00,0:00:00,,0,0,0,0,0,0,99999,99999,99999,99999,99999,99999,99999,99999,99999,99999,99999,99999,DNS,0
Paolo,Mercado,Paolo Mercado,345,M50-54,Male,Taguig,NATIONAL CAPITAL REGION,Philippines,PH,1:32:48,,,0:06:19,0:00:00,,5568,0,0,379,0,0,99999,99999,99999,99999,99999,99999,99999,99999,99999,99999,99999,99999,DNF,0
Vincent Andrew,Lirio,Vincent Andrew Lirio,258,M45-49,Male,Cavite,CAVITE,Philippines,PH,,,,0:00:00,0:00:00,,0,0,0,0,0,0,99999,99999,99999,99999,99999,99999,99999,99999,99999,99999,99999,99999,DNS,0
Satoshi,Ishihara,Satoshi Ishihara,387,M70-74,Male,ageo-shi ohyahongou,saitama pref.,Japan,JP,1:50:36,8:07:54,,0:10:25,0:08:31,,6636,29274,0,625,511,0,99999,99999,99999,99999,99999,99999,99999,99999,99999,99999,99999,99999,DNF,0
Julien,Leroux,Julien Leroux,23,M30-34,Male,Vence,,France,FR,1:09:47,5:32:33,,0:02:41,0:03:48,,4187,19953,0,161,228,0,99999,99999,99999,99999,99999,99999,99999,99999,99999,99999,99999,99999,DNF,0
Matthew,Tatum,Matthew Tatum,17,M40-44,Male,CLOVIS,CA,United States,US,,,,0:00:00,0:00:00,,0,0,0,0,0,0,99999,99999,99999,99999,99999,99999,99999,99999,99999,99999,99999,99999,DNS,0
Jarmo,Mäkeläinen,Jarmo Mäkeläinen,267,M45-49,Male,ESPOO,,Finland,FI,1:04:36,,,0:02:33,0:00:00,,3876,0,0,153,0,0,99999,99999,99999,99999,99999,99999,99999,99999,99999,99999,99999,99999,DNF,0
Nathapat,Sirimongkolpan,Nathapat Sirimongkolpan,64,M35-39,Male,"Chongnonsee,yannawa",Bangkok,Thailand,TH,,,,0:00:00,0:00:00,,0,0,0,0,0,0,99999,99999,99999,99999,99999,99999,99999,99999,99999,99999,99999,99999,DNS,0
Long,Vu,Long Vu,222,M40-44,Male,Hanoi,VN-HN,Vietnam,VN,1:36:18,,,0:04:59,0:00:00,,5778,0,0,299,0,0,99999,99999,99999,99999,99999,99999,99999,99999,99999,99999,99999,99999,DNF,0
Aldo,Bongiovanni,Aldo Bongiovanni,236,M40-44,Male,villanova mondovì,,Italy,IT,,,,0:00:00,0:00:00,,0,0,0,0,0,0,99999,99999,99999,99999,99999,99999,99999,99999,99999,99999,99999,99999,DNS,0
Fushan,Tsai,Fushan Tsai,454,F30-34,Female,台中市,Taichung City,Taiwan,TW,1:39:10,8:18:51,,0:08:05,0:12:17,,5950,29931,0,485,737,0,99999,99999,99999,99999,99999,99999,99999,99999,99999,99999,99999,99999,DNF,0
Raymond,Posadas,Raymond Posadas,306,M50-54,Male,Mandaluyong City,Metro Manila,Philippines,PH,,,,0:00:00,0:00:00,,0,0,0,0,0,0,99999,99999,99999,99999,99999,99999,99999,99999,99999,99999,99999,99999,DNS,0
Masato,Kurokawa,Masato Kurokawa,386,M70-74,Male,千葉県館山市,JP-12,Japan,JP,1:48:30,8:08:18,,0:09:04,0:06:09,,6510,29298,0,544,369,0,99999,99999,99999,99999,99999,99999,99999,99999,99999,99999,99999,99999,DNF,0
Francesco,Uberto,Francesco Uberto,53,M50-54,Male,Gussago,Brescia,Italy,IT,1:08:22,,,0:03:47,0:00:00,,4102,0,0,227,0,0,99999,99999,99999,99999,99999,99999,99999,99999,99999,99999,99999,99999,DNF,0
Dennis,Lim,Dennis Lim,168,M30-34,Male,,,Singapore,SG,,,,0:00:00,0:00:00,,0,0,0,0,0,0,99999,99999,99999,99999,99999,99999,99999,99999,99999,99999,99999,99999,DNS,0
Raffy,Tima,Raffy Tima,293,M45-49,Male,Quezon City,Metro Manila,Philippines,PH,1:27:49,7:41:48,,0:06:09,0:12:42,,5269,27708,0,369,762,0,99999,99999,99999,99999,99999,99999,99999,99999,99999,99999,99999,99999,DNF,0
Sean,Farquhar,Sean Farquhar,353,M55-59,Male,Singapore,03,Canada,CA,1:15:49,,,0:04:56,0:00:00,,4549,0,0,296,0,0,99999,99999,99999,99999,99999,99999,99999,99999,99999,99999,99999,99999,DNF,0
Hàm Hạnh,Nguyễn,Hàm Hạnh Nguyễn,288,M45-49,Male,Ho Chi Minh City,Vietnam,Vietnam,VN,,,,0:00:00,0:00:00,,0,0,0,0,0,0,99999,99999,99999,99999,99999,99999,99999,99999,99999,99999,99999,99999,DNS,0
Loris,Millot,Loris Millot,11,M18-24,Male,CHAMPAGNAC,,France,FR,,,,0:00:00,0:00:00,,0,0,0,0,0,0,99999,99999,99999,99999,99999,99999,99999,99999,99999,99999,99999,99999,DNS,0
Bojones,Miraflor,Bojones Miraflor,308,Unknown,Male,Bagong Ilog,,Philippines,PH,,,,0:00:00,0:00:00,,0,0,0,0,0,0,99999,99999,99999,99999,99999,99999,99999,99999,99999,99999,99999,99999,DNS,0
Gian Carlo,Casugay,Gian Carlo Casugay,172,M30-34,Male,Los Banos,Laguna,Philippines,PH,,,,0:00:00,0:00:00,,0,0,0,0,0,0,99999,99999,99999,99999,99999,99999,99999,99999,99999,99999,99999,99999,DNS,0
Giorgio,Pappalardo,Giorgio Pappalardo,314,M50-54,Male,Taipei City,Taipei City,Italy,IT,1:00:09,5:31:40,,0:04:50,0:07:28,,3609,19900,0,290,448,0,99999,99999,99999,99999,99999,99999,99999,99999,99999,99999,99999,99999,DNF,0
Yutaka,Ichihara,Yutaka Ichihara,191,M35-39,Male,Hachijyoujima hachijyoumachi Ookago,Tokyo,Japan,JP,,,,0:00:00,0:00:00,,0,0,0,0,0,0,99999,99999,99999,99999,99999,99999,99999,99999,99999,99999,99999,99999,DNS,0
