FirstName,LastName,FullName,Bib,AgeGroup,Gender,City,State,Country,CountryISO,SwimTime,BikeTime,RunTime,T1Time,T2Time,FinishTime,SwimSeconds,BikeSeconds,RunSeconds,T1Seconds,T2Seconds,FinishSeconds,OverallRank,GenderRank,AgeGroupRank,SwimRankOverall,SwimRankGender,SwimRankGroup,BikeRankOverall,BikeRankGender,BikeRankGroup,RunRankOverall,RunRankGender,RunRankGroup,Status,Points
JEN MAO,HSU,JEN MAO HSU,1214,M45-49,Male,新竹市,,Taiwan,TW,1:07:54,4:55:16,3:19:40,,,9:27:43,4074,17716,11980,213,79,34063,1,1,1,15,14,5,1,1,1,1,1,1,Finisher,5000
Chih-Yuan,Wang,Chih-Yuan Wang,1164,M40-44,Male,New Taipei,TW-NWT,Taiwan,TW,1:08:28,4:59:26,3:18:09,,,9:31:39,4108,17966,11889,175,161,34299,2,2,1,17,16,3,4,4,1,2,2,1,Finisher,5000
Chin-Ching,Wang,Chin-Ching Wang,1218,M45-49,Male,高雄市左營區,Kaohsiung City,Taiwan,TW,1:08:34,4:56:10,3:23:32,,,9:35:02,4114,17770,12212,231,175,34502,3,3,2,18,17,6,3,3,2,3,3,2,Finisher,4912
CHANG TAI,LI,CHANG TAI LI,1061,M30-34,Male,Kaohsiung City,Kaohsiung City,Taiwan,TW,1:06:27,5:01:21,3:27:13,,,9:40:11,3987,18081,12433,182,128,34811,4,4,1,13,13,3,5,5,1,4,4,1,Finisher,5000
Marcos,Perez Vazquez,Marcos Perez Vazquez,1075,M30-34,Male,"寶山,新竹縣",,Spain,ES,1:02:25,5:13:05,3:44:26,,,10:06:54,3745,18785,13466,248,170,36414,5,5,2,8,8,2,10,10,3,5,5,2,Finisher,4679
PengHsin,Ko,PengHsin Ko,1064,M30-34,Male,Taichung,TW-TXG,Taiwan,TW,1:08:23,5:09:35,3:45:50,,,10:09:35,4103,18575,13550,265,82,36575,6,6,3,16,15,4,12,12,4,6,6,3,Finisher,4647
Ming Chi,Tsai,Ming Chi Tsai,1237,M45-49,Male,New Taipei City,TAIPEI,Taiwan,TW,1:10:40,5:16:20,3:37:28,,,10:11:30,4240,18980,13048,215,207,36690,7,7,3,19,18,7,15,15,6,7,7,3,Finisher,4474
Yueh-Kang,Lin,Yueh-Kang Lin,1225,M45-49,Male,台北市,TW-TPE,Taiwan,TW,1:12:38,5:03:04,3:47:55,,,10:12:36,4358,18184,13675,320,220,36756,8,8,4,22,21,8,11,11,5,8,8,4,Finisher,4461
U,Lo,U Lo,1057,M25-29,Male,New Taipei City,NEW TAIPEI,Macao,MO,1:23:47,5:08:29,3:34:38,,,10:14:23,5027,18509,12878,279,170,36863,9,9,1,75,71,3,21,21,2,9,9,1,Finisher,5000
Darren,Huang,Darren Huang,1067,M30-34,Male,中正區,Taipei City,Taiwan,TW,1:24:15,5:02:13,3:44:08,,,10:18:10,5055,18133,13448,303,151,37090,10,10,4,77,73,8,17,17,5,10,10,4,Finisher,4544
Teng Yu,Liang,Teng Yu Liang,1137,M40-44,Male,桃園市,TW-TAO,Taiwan,TW,0:59:20,5:23:58,3:48:23,,,10:19:03,3560,19438,13703,269,172,37143,11,11,2,6,6,1,13,13,2,11,11,2,Finisher,4431
Yu Lung,Liang,Yu Lung Liang,1210,M45-49,Male,新北市,New Taipei City,Taiwan,TW,0:57:57,5:10:16,4:05:35,,,10:20:46,3477,18616,14735,265,152,37246,12,12,5,4,4,2,7,7,3,12,12,5,Finisher,4363
Jonas,Ganzemueller,Jonas Ganzemueller,1108,M35-39,Male,Taoyuan City,Taoyuan City,Germany,DE,1:04:15,4:59:50,4:18:09,,,10:29:17,3855,17990,15489,198,225,37757,13,13,1,10,10,2,2,2,1,13,13,1,Finisher,5000
Yichueh,Hsu,Yichueh Hsu,1139,M40-44,Male,台北市,Taipei City,Taiwan,TW,1:13:01,5:21:10,3:48:06,,,10:31:31,4381,19270,13686,366,189,37891,14,14,3,25,23,4,23,23,5,14,14,3,Finisher,4281
Tsu,Huang,Tsu Huang,1309,M50-54,Male,無,New Taipei City,Taiwan,TW,1:15:47,5:16:51,3:50:33,,,10:31:43,4547,19011,13833,407,105,37903,15,15,1,34,31,4,22,22,2,15,15,1,Finisher,5000
Darren,Cole,Darren Cole,1268,M45-49,Male,Taipei,Taipei City,Canada,CA,0:51:14,5:22:51,4:11:10,,,10:34:08,3074,19371,15070,325,208,38048,16,16,6,1,1,1,8,8,4,16,16,6,Finisher,4203
Chin Tsai,Lin,Chin Tsai Lin,1342,M50-54,Male,高雄市,Kaohsiung City,Taiwan,TW,1:14:23,5:12:44,4:01:02,,,10:34:24,4463,18764,14462,207,168,38064,17,17,2,31,29,3,14,14,1,17,17,2,Finisher,4967
Li Yun,Chen,Li Yun Chen,1008,F30-34,Female,taichung city,TW-TXG,Taiwan,TW,1:25:06,5:28:23,3:36:36,,,10:37:09,5106,19703,12996,224,200,38229,18,1,1,87,6,2,40,2,1,18,1,1,Finisher,5000
Ho Lung,Hsieh,Ho Lung Hsieh,1288,M45-49,Male,台南市,Tainan City,Taiwan,TW,1:18:18,5:21:16,3:50:28,,,10:37:51,4698,19276,13828,336,133,38271,19,18,7,44,41,13,26,26,8,19,18,7,Finisher,4158
PINGHUNG,LIAO,PINGHUNG LIAO,1163,M40-44,Male,台中市,TW-TXG,Taiwan,TW,1:13:16,5:16:19,4:04:39,,,10:41:06,4396,18979,14679,290,122,38466,20,19,4,27,25,5,19,19,4,20,19,4,Finisher,4166
Yi Wen,Bi,Yi Wen Bi,1150,M40-44,Male,宜蘭縣蘇澳鎮,,Taiwan,TW,1:22:01,5:28:09,3:47:15,,,10:44:54,4921,19689,13635,290,159,38694,21,20,5,65,61,18,38,37,9,21,20,5,Finisher,4121
Boss,Hsieh,Boss Hsieh,1084,M30-34,Male,新北市新莊區,New Taipei City,Taiwan,TW,0:58:21,5:16:38,4:28:20,,,10:50:27,3501,18998,16100,278,150,39027,22,21,5,5,5,1,9,9,2,22,21,5,Finisher,4156
Kuan Lun,Wei,Kuan Lun Wei,1071,M30-34,Male,台北市,Taipei City,Taiwan,TW,1:26:14,5:23:55,3:52:57,,,10:50:29,5174,19435,13977,295,148,39029,23,22,6,101,93,9,39,38,7,23,22,6,Finisher,4156
Ming Chun,Chen,Ming Chun Chen,1205,M45-49,Male,台中市,Taichung City,Taiwan,TW,1:13:21,5:13:04,4:14:43,,,10:51:38,4401,18784,15283,299,331,39098,24,23,8,28,26,9,16,16,7,24,23,8,Finisher,3993
Fu-Hsiang,Yang,Fu-Hsiang Yang,1298,M50-54,Male,新竹縣,,Taiwan,TW,1:19:26,5:16:49,4:09:02,,,10:53:54,4766,19009,14942,265,251,39234,25,24,3,49,46,6,24,24,3,25,24,3,Finisher,4733
Chih Wei,Liu,Chih Wei Liu,1158,M40-44,Male,中和區,TW-NWT,Taiwan,TW,1:17:21,5:10:46,4:18:49,,,10:56:57,4641,18646,15529,374,227,39417,26,25,6,41,38,12,18,18,3,26,25,6,Finisher,3976
Aaron,Tsai,Aaron Tsai,1334,M50-54,Male,New Taipei City,NEW TAIPEI,Taiwan,TW,1:12:06,5:41:46,3:54:23,,,10:57:02,4326,20506,14063,324,204,39422,27,26,4,20,19,2,42,40,4,27,26,4,Finisher,4696
Yao Yu,Tsai,Yao Yu Tsai,1058,M25-29,Male,高雄市,Kaohsiung City,Taiwan,TW,0:52:57,5:13:34,4:43:39,,,10:58:28,3177,18814,17019,309,188,39508,28,27,2,3,3,1,6,6,1,28,27,2,Finisher,4471
Kuang-Wu,Liu,Kuang-Wu Liu,1100,M35-39,Male,台北市,GU,Taiwan,TW,1:12:54,5:39:45,4:01:36,,,11:01:23,4374,20385,14496,328,101,39683,29,28,2,24,22,4,41,39,6,29,28,2,Finisher,4614
Meng-Ting,Chung,Meng-Ting Chung,1077,M30-34,Male,Taipei,Taipei City,Taiwan,TW,1:31:35,5:38:20,3:35:43,,,11:01:50,5495,20300,12943,409,562,39710,30,29,7,145,131,11,60,57,8,30,29,7,Finisher,4020
Kuo Lung,Li,Kuo Lung Li,1143,M40-44,Male,馬公市,,Taiwan,TW,1:20:26,5:26:57,4:08:55,,,11:06:09,4826,19617,14935,333,257,39969,31,30,7,54,51,16,34,34,7,31,30,7,Finisher,3866
Chia Han,Chang,Chia Han Chang,1149,M40-44,Male,林口區,TW-NWT,Taiwan,TW,1:21:31,5:24:06,4:03:24,,,11:06:45,4891,19446,14604,560,504,40005,32,31,8,60,57,17,37,36,8,32,31,8,Finisher,3858
KAIHUNG,LO,KAIHUNG LO,1124,M35-39,Male,桃園市平鎮區,Taoyuan City,Taiwan,TW,1:25:12,5:19:42,4:16:27,,,11:07:42,5112,19182,15387,216,166,40062,33,32,3,89,83,13,30,30,4,33,32,3,Finisher,4539
Yumin,Lin,Yumin Lin,1073,M30-34,Male,New taipei,OH,Taiwan,TW,1:13:31,5:16:40,4:33:19,,,11:12:00,4411,19000,16399,292,218,40320,34,33,8,29,27,5,20,20,6,34,33,8,Finisher,3898
Yi Ching,Yang,Yi Ching Yang,1004,F25-29,Female,屏東縣新園鄉,,Taiwan,TW,1:15:33,5:35:27,4:15:29,,,11:12:24,4533,20127,15329,226,129,40344,35,2,1,33,3,1,36,1,1,35,2,1,Finisher,5000
KUAN YI,YEH,KUAN YI YEH,1129,M35-39,Male,YungKang,TW-TNN,Taiwan,TW,1:30:08,5:30:03,4:04:16,,,11:15:00,5408,19803,14656,356,277,40500,36,34,4,135,122,17,47,45,9,36,34,4,Finisher,4451
TSUNGCHU,HSIEH,TSUNGCHU HSIEH,1261,M45-49,Male,竹北市,,Taiwan,TW,1:24:18,5:38:22,4:04:44,,,11:17:51,5058,20302,14684,411,216,40671,37,35,9,78,74,21,53,51,14,37,35,9,Finisher,3678
Tsung-Hsin,LAI,Tsung-Hsin LAI,1217,M45-49,Male,屏東縣,,Taiwan,TW,1:27:19,5:21:18,4:24:28,,,11:18:13,5239,19278,15868,167,141,40693,38,36,10,110,102,29,32,32,10,38,36,10,Finisher,3674
Pao,Weng,Pao Weng,1115,M35-39,Male,澎湖縣馬公市,,Taiwan,TW,1:20:34,5:18:36,4:30:51,,,11:20:32,4834,19116,16251,360,271,40832,39,37,5,56,53,7,27,27,2,39,37,5,Finisher,4385
Ching Yi,Hsu,Ching Yi Hsu,1029,F40-44,Female,彰化市,,Taiwan,TW,1:30:58,5:41:53,4:00:15,,,11:21:05,5458,20513,14415,325,154,40865,40,3,1,141,14,3,62,4,2,40,3,1,Finisher,5000
Ming-Yi,Lee,Ming-Yi Lee,1086,M35-39,Male,台中市,TW-TXG,Taiwan,TW,1:18:49,5:41:19,4:10:46,,,11:21:32,4729,20479,15046,334,303,40892,41,38,6,47,44,6,45,43,7,41,38,6,Finisher,4373
Cho Hsun,Chung,Cho Hsun Chung,1338,M50-54,Male,新北市,DE,Taiwan,TW,1:26:43,5:35:24,4:14:03,,,11:25:12,5203,20124,15243,277,265,41112,42,39,5,107,99,16,48,46,5,42,39,5,Finisher,4358
Ying-Jie,Ou,Ying-Jie Ou,1109,M35-39,Male,臺中市,Taichung City,Taiwan,TW,1:30:41,5:30:11,4:20:01,,,11:27:27,5441,19811,15601,291,103,41247,43,40,7,139,126,18,46,44,8,43,40,7,Finisher,4302
SHOUPING,PAN,SHOUPING PAN,1162,M40-44,Male,新北市,New Taipei City,Taiwan,TW,1:13:54,5:49:13,4:17:49,,,11:29:34,4434,20953,15469,277,242,41374,44,41,9,30,28,6,49,47,11,44,41,9,Finisher,3585
Ching-Cheng,Wu,Ching-Cheng Wu,1364,M55-59,Male,新竹市北區,,Taiwan,TW,1:24:08,5:52:25,4:03:52,,,11:32:07,5048,21145,14632,438,263,41527,45,42,1,76,72,1,69,65,1,45,42,1,Finisher,5000
Yu-Ching,Chen,Yu-Ching Chen,1154,M40-44,Male,高雄市,TW-KHH,Taiwan,TW,1:26:39,5:40:37,4:12:59,,,11:32:41,5199,20437,15179,401,346,41561,46,43,10,105,97,27,56,54,13,46,43,10,Finisher,3547
Chunchien,Chen,Chunchien Chen,1174,M40-44,Male,台北市,Taipei City,Taiwan,TW,1:19:50,5:37:12,4:35:17,,,11:40:34,4790,20232,16517,306,188,42034,47,44,11,50,47,15,44,42,10,47,44,11,Finisher,3453
Hsiu-Ju,Li,Hsiu-Ju Li,1028,F40-44,Female,台東市,,Taiwan,TW,1:32:43,5:36:10,4:20:27,,,11:40:43,5563,20170,15627,336,347,42043,48,4,2,150,15,4,57,3,1,48,4,2,Finisher,4764
Jen-Hsiang,Pan,Jen-Hsiang Pan,1056,M25-29,Male,屏東縣新園鄉,,Taiwan,TW,1:25:40,5:46:30,4:21:09,,,11:41:03,5140,20790,15669,237,227,42063,49,45,3,96,89,4,58,55,3,49,45,3,Finisher,3960
Heng Ting,Liu,Heng Ting Liu,1246,M45-49,Male,高雄市,TW-KHH,Taiwan,TW,1:29:43,5:56:02,4:08:03,,,11:42:03,5383,21362,14883,303,192,42123,50,46,11,132,120,35,77,72,18,50,46,11,Finisher,3388
Ya Ting,Chuang,Ya Ting Chuang,1009,F30-34,Female,新北市,New Taipei City,Taiwan,TW,1:32:56,5:50:49,4:09:26,,,11:45:27,5576,21049,14966,443,293,42327,51,5,2,155,17,4,78,6,2,51,5,2,Finisher,4180
YI-CHING,LO,YI-CHING LO,1212,M45-49,Male,桃園市中壢區,Taoyuan City,Taiwan,TW,1:36:47,5:43:45,4:14:37,,,11:45:46,5807,20625,15277,360,277,42346,52,47,12,168,150,47,72,67,17,52,47,12,Finisher,3343
Daniel,Ray,Daniel Ray,1123,M35-39,Male,Taipei City,Taipei City,United States,US,1:12:10,5:49:37,4:30:44,,,11:46:08,4330,20977,16244,394,423,42368,53,48,8,21,20,3,52,50,10,53,48,8,Finisher,4077
Kuang Hsin,Lee,Kuang Hsin Lee,1087,M35-39,Male,台北市內湖區,Taipei City,Taiwan,TW,0:52:01,5:50:47,4:55:05,,,11:46:21,3121,21047,17705,314,193,42381,54,49,9,2,2,1,29,29,3,54,49,9,Finisher,4075
TAIPING,CHOU,TAIPING CHOU,1314,M50-54,Male,台北市,Taipei City,Taiwan,TW,1:26:01,6:01:43,4:07:25,,,11:48:31,5161,21703,14845,451,351,42511,55,50,6,97,90,12,86,79,11,55,50,6,Finisher,4078
Chin Ping,Chang,Chin Ping Chang,1333,M50-54,Male,新店區,New Taipei City,Taiwan,TW,1:20:19,5:50:31,4:26:32,,,11:48:51,4819,21031,15992,408,281,42531,56,51,7,52,49,7,61,58,7,56,51,7,Finisher,4074
Tai Jung,Kao,Tai Jung Kao,1192,M40-44,Male,台北市,Taipei City,Taiwan,TW,1:15:53,5:45:01,4:40:15,,,11:55:53,4553,20701,16815,411,473,42953,57,52,12,35,32,8,50,48,12,57,52,12,Finisher,3269
Ming Kuei,Lien,Ming Kuei Lien,1294,M45-49,Male,New Taipei City,New Taipei City,Taiwan,TW,1:25:30,6:01:36,4:20:01,,,11:57:09,5130,21696,15601,306,296,43029,58,53,13,93,86,24,81,75,20,58,53,13,Finisher,3206
Edward,Ni,Edward Ni,1161,M40-44,Male,Taipei city,Taipei City,Taiwan,TW,1:32:26,6:06:07,4:10:48,,,11:58:25,5546,21967,15048,343,201,43105,59,54,13,149,135,34,97,89,23,59,54,13,Finisher,3238
CHI CHUAN,KUO,CHI CHUAN KUO,1140,M40-44,Male,屏東市,,Taiwan,TW,1:22:41,5:58:03,4:25:51,,,11:58:30,4961,21483,15951,449,267,43110,60,55,14,69,65,20,74,69,17,60,55,14,Finisher,3237
JEN WEI,PAN,JEN WEI PAN,1195,M40-44,Male,台中市,Taichung City,Taiwan,TW,1:18:38,5:50:13,4:37:05,,,11:58:51,4718,21013,16625,440,335,43131,61,56,15,45,42,13,59,56,14,61,56,15,Finisher,3233
Jen-Hung,Liang,Jen-Hung Liang,1088,M35-39,Male,桃園市,Taoyuan City,Taiwan,TW,1:20:41,5:48:08,4:39:36,,,12:07:16,4841,20888,16776,864,267,43636,62,57,10,57,54,8,68,64,13,62,57,10,Finisher,3824
WEILING,HUANG,WEILING HUANG,1255,M45-49,Male,DIST.7,Ho Chi Minh City,Taiwan,TW,1:34:19,5:32:03,4:52:27,,,12:07:37,5659,19923,17547,340,188,43657,63,58,14,162,144,46,55,53,15,63,58,14,Finisher,3081
Eugene,Huang,Eugene Huang,1169,M40-44,Male,新北市,New Taipei City,Taiwan,TW,1:28:13,6:12:44,4:18:13,,,12:09:29,5293,22364,15493,391,228,43769,64,59,16,118,109,28,106,97,25,64,59,16,Finisher,3106
Meng Hua,Chiu,Meng Hua Chiu,1323,M50-54,Male,新北市,New Taipei City,Taiwan,TW,1:26:39,5:48:26,4:44:25,,,12:09:54,5199,20906,17065,317,307,43794,65,60,8,106,98,15,64,60,8,65,60,8,Finisher,3821
shih-chang,chou,shih-chang chou,1178,M40-44,Male,新北市,New Taipei City,Taiwan,TW,1:34:25,6:00:42,4:26:50,,,12:12:17,5665,21642,16010,367,253,43937,66,61,17,163,145,36,94,86,22,66,61,17,Finisher,3072
Chih-Yi,Kuo,Chih-Yi Kuo,1152,M40-44,Male,台北市內湖區,Taipei City,Taiwan,TW,1:22:58,6:17:04,4:23:26,,,12:15:37,4978,22624,15806,437,292,44137,67,62,18,70,66,21,103,95,24,67,62,18,Finisher,3032
Philip,Tiffin,Philip Tiffin,1273,M45-49,Male,Taipei,Taipei City,Australia,AU,1:03:12,5:54:28,5:09:27,,,12:16:01,3792,21268,18567,256,277,44161,68,63,15,9,9,3,43,41,13,68,63,15,Finisher,2980
Chia-Ching,Wu,Chia-Ching Wu,1279,M45-49,Male,Taipei City,TW-TPE,Taiwan,TW,1:17:08,5:30:42,5:19:23,,,12:17:49,4628,19842,19163,340,297,44269,69,64,16,39,36,10,35,35,12,69,64,16,Finisher,2958
Jen Hui,Fu,Jen Hui Fu,1387,M60-64,Male,新北市/五股區,New Taipei City,Taiwan,TW,1:21:32,6:15:52,4:33:46,,,12:20:38,4892,22552,16426,425,143,44438,70,65,1,61,58,1,98,90,1,70,65,1,Finisher,5000
Yu Shen,Shih,Yu Shen Shih,1076,M30-34,Male,新北市,New Taipei City,Taiwan,TW,1:41:26,5:44:30,4:45:20,,,12:21:06,6086,20670,17120,369,221,44466,71,66,9,192,174,12,80,74,9,71,66,9,Finisher,3069
Cheng Hsiung,Chien,Cheng Hsiung Chien,1322,M50-54,Male,三峽區,New Taipei City,Taiwan,TW,1:25:19,6:15:14,4:29:49,,,12:23:04,5119,22514,16189,454,308,44584,72,67,9,91,85,10,107,98,12,72,67,9,Finisher,3663
Shao-Ping,Lo,Shao-Ping Lo,1015,F35-39,Female,Taichung City,Taichung City,Taiwan,TW,1:50:26,5:39:04,4:40:01,,,12:25:56,6626,20344,16801,532,452,44756,73,6,1,229,24,5,88,8,2,73,6,1,Finisher,5000
CHIN PIN,HO,CHIN PIN HO,1233,M45-49,Male,台北市,Taipei City,Taiwan,TW,1:27:39,6:15:46,4:29:13,,,12:26:07,5259,22546,16153,485,324,44767,74,68,17,113,104,30,110,101,30,74,68,17,Finisher,2859
Chenhao,Chien,Chenhao Chien,1118,M35-39,Male,士林,Taipei City,Taiwan,TW,1:29:14,6:01:01,4:44:38,,,12:26:13,5354,21661,17078,504,176,44773,75,69,11,125,115,16,90,82,15,75,69,11,Finisher,3596
Yu-Ting,Cheng,Yu-Ting Cheng,1068,M30-34,Male,新城鄉,TW-HUA,Taiwan,TW,1:23:28,6:17:56,4:37:32,,,12:26:28,5008,22676,16652,261,191,44788,76,70,10,74,70,7,101,93,10,76,70,10,Finisher,3004
Walto,Yssel,Walto Yssel,1206,M45-49,Male,New Taipei,New Taipei City,South Africa,ZA,1:05:45,5:42:24,5:30:06,,,12:27:42,3945,20544,19806,274,293,44862,77,71,18,12,12,4,33,33,11,77,71,18,Finisher,2840
"Kenny, Hsuan Wei",Chen,"Kenny, Hsuan Wei Chen",1159,M40-44,Male,Taipei City,Taipei City,Taiwan,TW,1:17:21,5:54:57,4:45:50,,,12:29:11,4641,21297,17150,434,1430,44951,78,72,19,40,37,11,63,59,15,78,72,19,Finisher,2869
HSU,PAN,HSU PAN,1182,M40-44,Male,Taipei,Taipei City,Taiwan,TW,1:24:47,5:59:10,4:53:53,,,12:29:24,5087,21550,17633,386,308,44964,79,73,20,84,79,24,76,71,19,79,73,20,Finisher,2867
Miguel,Torres,Miguel Torres,1299,M50-54,Male,Taipei,71,Mexico,MX,1:25:37,6:16:57,4:37:10,,,12:31:05,5137,22617,16630,426,256,45065,80,74,10,95,88,11,109,100,13,80,74,10,Finisher,3567
Minghua,Liu,Minghua Liu,1362,M55-59,Male,新北市,New Taipei City,Taiwan,TW,1:46:25,6:01:58,4:30:36,,,12:36:20,6385,21718,16236,576,465,45380,81,75,2,217,196,8,122,112,3,81,75,2,Finisher,4229
Hsueh Fu,Lu,Hsueh Fu Lu,1332,M50-54,Male,新北市,NEW TAIPEI,Taiwan,TW,1:21:28,5:55:33,5:06:58,,,12:36:57,4888,21333,18418,435,343,45417,82,76,11,59,56,8,71,66,9,82,76,11,Finisher,3497
YU DE,SU,YU DE SU,1096,M35-39,Male,高雄市,TW-KHH,Taiwan,TW,1:40:24,5:59:40,4:46:07,,,12:37:06,6024,21580,17167,443,212,45426,83,77,12,188,170,26,105,96,17,83,77,12,Finisher,3466
Cheng,Yuan-Wen,Cheng Yuan-Wen,1275,M45-49,Male,Taipei City,TAIPEI,Taiwan,TW,1:25:12,6:01:16,5:03:12,,,12:37:32,5112,21676,18192,321,152,45452,84,78,19,90,84,23,79,73,19,84,78,19,Finisher,2722
Carl,Blundon,Carl Blundon,1186,M40-44,Male,Taipei,Taipei City,Canada,CA,1:24:42,6:01:05,4:51:53,,,12:38:04,5082,21665,17513,759,466,45484,85,79,21,82,77,23,89,81,21,85,79,21,Finisher,2763
Yu-Tung,Ko,Yu-Tung Ko,1132,M35-39,Male,新竹市,,Taiwan,TW,1:39:07,5:05:23,5:44:33,,,12:38:19,5947,18323,20673,334,222,45499,86,80,13,179,161,24,31,31,5,86,80,13,Finisher,3451
YU FAN,FEI,YU FAN FEI,1010,F30-34,Female,台北市,TW-TPE,Taiwan,TW,1:12:53,6:14:47,4:59:20,,,12:38:35,4373,22487,17960,447,249,45515,87,7,3,23,2,1,84,7,3,87,7,3,Finisher,3542
Tanyi,Chao,Tanyi Chao,1016,F35-39,Female,Taipei,Taipei City,Taiwan,TW,1:32:43,5:44:49,5:09:44,,,12:39:35,5563,20689,18584,399,340,45575,88,8,2,151,16,2,70,5,1,88,8,2,Finisher,4836
Ming-Hong,Tsai,Ming-Hong Tsai,1319,M50-54,Male,Taipei,TW-TPE,Taiwan,TW,1:32:52,6:19:24,4:32:55,,,12:40:06,5572,22764,16375,509,386,45606,89,81,12,153,137,23,123,113,17,89,81,12,Finisher,3459
Chien Chou,Lai,Chien Chou Lai,1326,M50-54,Male,台北市,Taipei City,Taiwan,TW,1:18:42,6:28:25,4:38:14,,,12:40:49,4722,23305,16694,337,590,45649,90,82,13,46,43,5,113,104,15,90,82,13,Finisher,3450
CHIH YU,HUNG,CHIH YU HUNG,1363,M55-59,Male,新北市,New Taipei City,Taiwan,TW,1:36:12,5:59:51,4:56:04,,,12:41:28,5772,21591,17764,305,256,45688,91,83,3,166,148,3,93,85,2,91,83,3,Finisher,4167
Yu Chen,Fan,Yu Chen Fan,1230,M45-49,Male,新北市新店區,New Taipei City,Taiwan,TW,1:45:45,6:08:18,4:29:35,,,12:41:31,6345,22098,16175,697,376,45691,92,84,20,211,191,57,131,120,38,92,84,20,Finisher,2674
Chih sheng,Wu,Chih sheng Wu,1222,M45-49,Male,桃園市,TW-TAO,Taiwan,TW,1:17:59,6:11:16,4:58:22,,,12:41:43,4679,22276,17902,300,547,45703,93,85,21,42,39,11,83,77,21,93,85,21,Finisher,2672
Dong An,Chang,Dong An Chang,1133,M35-39,Male,Taichung City,TAICHUNG,Taiwan,TW,1:24:59,6:06:50,5:03:07,,,12:48:54,5099,22010,18187,431,407,46134,94,86,14,86,81,12,91,83,16,94,86,14,Finisher,3324
Chia-Hsien,Hsu,Chia-Hsien Hsu,1175,M40-44,Male,New Taipei City,New Taipei City,Taiwan,TW,1:32:01,5:39:10,5:23:42,,,12:49:06,5521,20350,19422,566,287,46146,95,87,22,147,133,33,65,61,16,95,87,22,Finisher,2630
Chieh Hsiang,Juan,Chieh Hsiang Juan,1207,M45-49,Male,台中市,Taichung City,Taiwan,TW,1:37:32,6:11:00,4:44:09,,,12:50:25,5852,22260,17049,565,500,46225,96,88,22,172,154,50,121,111,34,96,88,22,Finisher,2567
Cian-You,Wang,Cian-You Wang,1007,F18-24,Female,高雄市,Kaohsiung City,Taiwan,TW,1:07:48,6:45:05,4:46:30,,,12:53:39,4068,24305,17190,524,331,46419,97,9,1,14,1,1,126,11,1,97,9,1,Finisher,5000
Wan chen,Hsu,Wan chen Hsu,1019,F35-39,Female,Taiwan,TW-PIF,Taiwan,TW,1:33:40,6:08:15,5:02:30,,,12:53:48,5620,22095,18150,330,233,46428,98,10,3,159,18,3,104,9,3,98,10,3,Finisher,4665
Yi-Chun,Huang,Yi-Chun Huang,1041,F45-49,Female,台中市,Taichung City,Taiwan,TW,1:29:19,6:27:42,4:42:00,,,12:57:21,5359,23262,16920,536,564,46641,99,11,1,127,11,2,133,12,2,99,11,1,Finisher,5000
Yi Fang,Lee,Yi Fang Lee,1032,F40-44,Female,新北市,New Taipei City,Taiwan,TW,1:24:34,6:35:49,4:48:50,,,12:59:45,5074,23749,17330,352,280,46785,100,12,3,80,5,1,134,13,3,100,12,3,Finisher,3816
Wen Chen,Hsiao,Wen Chen Hsiao,1036,F45-49,Female,新北市,TW-NWT,Taiwan,TW,1:27:39,6:16:40,5:03:26,,,13:03:40,5259,22600,18206,515,440,47020,101,13,2,112,9,1,114,10,1,101,13,2,Finisher,4924
Tsungying,Chung,Tsungying Chung,1203,M40-44,Male,新北市,New Taipei City,Taiwan,TW,1:39:42,6:28:22,4:38:31,,,13:04:15,5982,23302,16711,585,474,47055,102,89,23,183,165,41,158,143,36,102,89,23,Finisher,2448
Chun Yuan,Chen,Chun Yuan Chen,1336,M50-54,Male,台中市,TW-TXG,Taiwan,TW,1:26:20,5:56:23,5:25:40,,,13:06:09,5180,21383,19540,626,440,47169,103,90,14,103,95,13,82,76,10,103,90,14,Finisher,3146
銘漢,顏,銘漢 顏,1148,M40-44,Male,花蓮市,TW-HUA,Taiwan,TW,1:15:07,5:25:44,6:19:54,,,13:07:16,4507,19544,22794,254,137,47236,104,91,24,32,30,7,25,25,6,104,91,24,Finisher,2412
Kuan Ling,Chou,Kuan Ling Chou,1037,F45-49,Female,新北市,New Taipei City,Taiwan,TW,1:44:59,6:25:42,4:44:01,,,13:07:41,6299,23142,17041,432,346,47261,105,14,3,206,20,3,159,16,3,105,14,3,Finisher,4876
Yung-Shu,Chang,Yung-Shu Chang,1354,M50-54,Male,屏東縣東港鎮,TW,Taiwan,TW,1:28:55,6:20:26,5:07:58,,,13:08:42,5335,22826,18478,421,262,47322,106,92,15,122,112,20,120,110,16,106,92,15,Finisher,3116
Li,Wei,Li Wei,1209,M45-49,Male,台北市文山區木柵路四段159巷16弄32號,Taipei City,Taiwan,TW,1:21:26,5:48:44,5:40:28,,,13:10:21,4886,20924,20428,653,531,47421,107,93,23,58,55,17,66,62,16,107,93,23,Finisher,2328
Hung-Wen,Chen,Hung-Wen Chen,1179,M40-44,Male,花蓮縣,,Taiwan,TW,1:04:21,6:19:56,5:34:42,,,13:10:31,3861,22796,20082,310,381,47431,108,94,25,11,11,2,75,70,18,108,94,25,Finisher,2373
Eddie,Hou,Eddie Hou,1257,M45-49,Male,左營區,Kaohsiung City,Taiwan,TW,1:25:32,6:03:15,5:29:38,,,13:13:11,5132,21795,19778,472,415,47591,109,95,24,94,87,25,87,80,22,109,95,24,Finisher,2294
Chih-Jen,Wang,Chih-Jen Wang,1125,M35-39,Male,新北市林口區,New Taipei City,Taiwan,TW,1:23:17,5:48:38,5:40:06,,,13:14:12,4997,20918,20406,667,665,47652,110,96,15,72,68,11,67,63,12,110,96,15,Finisher,3021
Tzong-Sheng,Chiou,Tzong-Sheng Chiou,1375,M55-59,Male,New Taipei City,New Taipei City,Taiwan,TW,1:46:23,6:11:33,5:00:44,,,13:15:24,6383,22293,18044,733,271,47724,111,97,4,216,195,7,139,126,4,111,97,4,Finisher,3760
CHUN YU,CHEN,CHUN YU CHEN,1168,M40-44,Male,桃園市,TW-TAO,Taiwan,TW,1:54:11,6:12:11,4:52:20,,,13:16:56,6851,22331,17540,567,527,47816,112,98,26,242,218,50,155,140,34,112,98,26,Finisher,2296
Filip,Grzegorzewski,Filip Grzegorzewski,1244,M45-49,Male,Brussels,,Poland,PL,1:27:43,6:19:39,5:16:37,,,13:17:33,5263,22779,18997,441,373,47853,113,99,25,115,106,32,117,107,32,113,99,25,Finisher,2242
Yenkuang,Chen,Yenkuang Chen,1271,M45-49,Male,臺北巿,Taipei City,Taiwan,TW,1:20:15,5:21:55,6:21:41,,,13:17:35,4815,19315,22901,342,482,47855,114,100,26,51,48,14,28,28,9,114,100,26,Finisher,2241
Yen Chang,Su,Yen Chang Su,1307,M50-54,Male,新店區,TW-NWT,Taiwan,TW,1:45:13,6:24:10,4:51:23,,,13:18:06,6313,23050,17483,623,416,47886,115,101,16,207,187,31,161,145,23,115,101,16,Finisher,3003
LEOHUD,LIU,LEOHUD LIU,1265,M45-49,Male,文山區,Taipei City,Taiwan,TW,1:29:32,6:12:13,5:22:09,,,13:18:26,5372,22333,19329,440,431,47906,116,102,27,130,119,34,108,99,29,116,102,27,Finisher,2231
Shihchang,Huang,Shihchang Huang,1330,M50-54,Male,鳳山區,Kaohsiung City,Taiwan,TW,1:38:57,6:20:49,5:08:07,,,13:18:43,5937,22849,18487,429,222,47923,117,103,17,178,160,26,135,122,18,117,103,17,Finisher,2996
CHING-HUNG,LI,CHING-HUNG LI,1306,M50-54,Male,Taipei,New Taipei City,Taiwan,TW,1:26:51,6:36:24,5:00:43,,,13:18:54,5211,23784,18043,528,369,47934,118,104,18,108,100,17,146,132,19,118,104,18,Finisher,2993
Tony,Chia,Tony Chia,1099,M35-39,Male,"新竹市, 台北市",,Taiwan,TW,1:27:38,5:53:25,5:49:13,,,13:20:16,5258,21205,20953,339,262,48016,119,105,16,111,103,14,73,68,14,119,105,16,Finisher,2948
Hsiang Ta,Chiang,Hsiang Ta Chiang,1157,M40-44,Male,台中市,Taichung City,Taiwan,TW,1:29:07,5:56:18,5:38:20,,,13:20:31,5347,21378,20300,583,423,48031,120,106,27,123,113,29,85,78,20,120,106,27,Finisher,2253
Cheng Chieh,Yang,Cheng Chieh Yang,1121,M35-39,Male,樹林區,New Taipei City,Taiwan,TW,1:46:05,6:22:42,4:54:15,,,13:20:57,6365,22962,17655,619,456,48057,121,107,17,213,192,29,160,144,24,121,107,17,Finisher,2940
Chu Lin,Hsiao,Chu Lin Hsiao,1304,M50-54,Male,桃園市,Taoyuan City,Taiwan,TW,1:48:50,6:38:34,4:26:39,,,13:21:03,6530,23914,15999,894,726,48063,122,108,19,223,201,34,191,174,31,122,108,19,Finisher,2968
Mingkai,Yeh,Mingkai Yeh,1240,M45-49,Male,台北市/萬華區,Taipei City,Taiwan,TW,1:27:42,6:07:14,5:29:25,,,13:21:42,5262,22034,19765,612,429,48102,123,109,28,114,105,31,99,91,26,123,109,28,Finisher,2192
Reacher,Lin,Reacher Lin,1236,M45-49,Male,台北市,TW-TPE,Taiwan,TW,1:23:10,6:34:08,5:15:31,,,13:24:36,4990,23648,18931,364,345,48276,124,110,29,71,67,19,128,117,37,124,110,29,Finisher,2157
PING CHEN,CHEN,PING CHEN CHEN,1098,M35-39,Male,台南市,Tainan City,Taiwan,TW,1:40:06,6:10:42,5:18:55,,,13:24:51,6006,22242,19135,638,270,48291,125,111,18,185,167,25,125,115,20,125,111,18,Finisher,2893
Chen,WEITA,Chen WEITA,1213,M45-49,Male,台南市,TW-TNN,Taiwan,TW,1:30:23,6:08:38,5:35:16,,,13:25:50,5423,22118,20116,409,283,48350,126,112,30,138,125,37,102,94,28,126,112,30,Finisher,2142
Chang-Ming,Yeh,Chang-Ming Yeh,1211,M45-49,Male,新北市中和區,New Taipei City,Taiwan,TW,1:24:44,6:28:16,5:16:23,,,13:27:35,5084,23296,18983,530,562,48455,127,113,31,83,78,22,127,116,36,127,113,31,Finisher,2121
Sheng Jay,Chen,Sheng Jay Chen,1094,M35-39,Male,台中市,Taichung City,Taiwan,TW,1:22:00,6:24:58,5:28:10,,,13:28:16,4920,23098,19690,370,418,48496,128,114,19,64,60,9,116,106,18,128,114,19,Finisher,2852
Hung Chin,Wu,Hung Chin Wu,1215,M45-49,Male,Taichung City,TAICHUNG,Taiwan,TW,1:26:13,6:55:08,4:59:28,,,13:32:43,5173,24908,17968,397,316,48763,129,115,32,100,92,27,176,160,43,129,115,32,Finisher,2060
Brett,Coetzee,Brett Coetzee,1347,M50-54,Male,Port Elizabeth,Eastern Cape,Taiwan,TW,1:02:11,6:00:34,6:21:52,,,13:37:38,3731,21634,22912,330,451,49058,130,116,20,7,7,1,51,49,6,130,116,20,Finisher,2769
"Ming,Jun",Liu,"Ming,Jun Liu",1079,M30-34,Male,員林市,,Taiwan,TW,1:51:39,6:22:42,5:10:50,,,13:40:23,6699,22962,18650,521,391,49223,131,117,11,234,210,13,167,151,12,131,117,11,Finisher,2117
Steven,Lang,Steven Lang,1357,M50-54,Male,Taipei,TW-TPE,Taiwan,TW,1:40:49,6:23:32,5:17:01,,,13:40:40,6049,23012,19021,674,483,49240,132,118,21,189,171,29,154,139,21,132,118,21,Finisher,2732
YA FAN,LIN,YA FAN LIN,1092,M35-39,Male,大里區,TW-TXG,Taiwan,TW,1:56:29,6:50:27,4:43:23,,,13:42:35,6989,24627,17003,312,423,49355,133,119,20,248,224,34,211,192,29,133,119,20,Finisher,2680
Terence,Wu,Terence Wu,1253,M45-49,Male,台中市,Taichung City,Taiwan,TW,1:28:04,6:35:56,5:21:32,,,13:43:33,5284,23756,19292,545,536,49413,134,120,33,117,108,33,148,134,40,134,120,33,Finisher,1930
Chen Hua,Sun,Chen Hua Sun,1344,M50-54,Male,高雄市,Kaohsiung City,Taiwan,TW,1:24:59,6:38:54,5:28:26,,,13:44:10,5099,23934,19706,505,206,49450,135,121,22,85,80,9,147,133,20,135,121,22,Finisher,2690
Jeff,Huang,Jeff Huang,1122,M35-39,Male,台中市西屯區,Taichung City,Taiwan,TW,1:31:26,5:30:26,6:29:24,,,13:44:39,5486,19826,23364,556,248,49479,136,122,21,143,129,19,54,52,11,136,122,21,Finisher,2655
Tang Chu,Wu,Tang Chu Wu,1264,M45-49,Male,高雄市,Kaohsiung City,Taiwan,TW,1:32:47,6:05:08,5:53:37,,,13:45:26,5567,21908,21217,373,462,49526,137,123,34,152,136,40,96,88,25,137,123,34,Finisher,1907
Koji,Tateno,Koji Tateno,1259,M45-49,Male,Kuala Lumpur,,Japan,JP,1:32:56,6:49:48,5:05:26,,,13:45:42,5576,24588,18326,575,477,49542,138,124,35,154,138,41,182,166,47,138,124,35,Finisher,1904
Peichuan,Hsu,Peichuan Hsu,1382,M60-64,Male,Taipei,TAIPEI,Taiwan,TW,1:30:21,6:35:20,5:30:37,,,13:52:15,5421,23720,19837,486,471,49935,139,125,2,137,124,2,149,135,2,139,125,2,Finisher,3900
HSIA-HSIN,LI,HSIA-HSIN LI,1272,M45-49,Male,Hsinchu City,TW-HSQ,Taiwan,TW,1:49:30,6:43:06,5:10:37,,,13:52:22,6570,24186,18637,402,148,49942,140,126,36,227,204,62,187,170,49,140,126,36,Finisher,1824
Jinshin,Huang,Jinshin Huang,1305,M50-54,Male,高雄市,Kaohsiung City,Taiwan,TW,1:40:08,6:24:59,5:28:10,,,13:52:52,6008,23099,19690,682,494,49972,141,127,23,186,168,28,156,141,22,141,127,23,Finisher,2586
Tsung Po,Hsieh,Tsung Po Hsieh,1239,M45-49,Male,台中市西屯區,TW-TXG,Taiwan,TW,1:49:19,6:35:46,5:15:40,,,13:55:58,6559,23746,18940,506,407,50158,142,128,37,226,203,61,183,167,48,142,128,37,Finisher,1781
SHIHTA,LIANG,SHIHTA LIANG,1177,M40-44,Male,Taipei City,Taipei City,Taiwan,TW,1:29:12,6:13:50,5:56:35,,,13:56:09,5352,22430,21395,534,459,50169,143,129,28,124,114,30,112,103,26,143,129,28,Finisher,1826
Chunwei,Yang,Chunwei Yang,1277,M45-49,Male,New Taipei city,TW-NWT,Taiwan,TW,1:22:26,6:11:14,6:02:27,,,13:57:05,4946,22274,21747,688,570,50225,144,130,38,67,63,18,100,92,27,144,130,38,Finisher,1767
Cian-Cheng,Liang,Cian-Cheng Liang,1136,M40-44,Male,桃園市,Taoyuan City,Taiwan,TW,1:16:19,7:17:08,5:05:55,,,13:57:54,4579,26228,18355,629,483,50274,145,131,29,37,34,9,195,178,43,145,131,29,Finisher,1805
Vincent,Pan,Vincent Pan,1360,M50-54,Male,台北市,Taipei City,Taiwan,TW,1:38:25,6:03:43,5:56:37,,,13:58:34,5905,21823,21397,568,620,50314,146,132,24,176,158,25,111,102,14,146,132,24,Finisher,2517
MENGHSIANG,LAI,MENGHSIANG LAI,1251,M45-49,Male,新北市板橋區,New Taipei City,Taiwan,TW,1:39:32,6:00:43,5:58:08,,,13:59:28,5972,21643,21488,762,503,50368,147,133,39,182,164,52,115,105,31,147,133,39,Finisher,1739
Tze-Ming,Chang,Tze-Ming Chang,1172,M40-44,Male,台北市,Taipei City,Taiwan,TW,1:45:45,7:01:03,4:58:00,,,14:00:43,6345,25263,17880,789,166,50443,148,134,30,210,190,47,219,200,48,148,134,30,Finisher,1771
CHING-CHEN,CHANG,CHING-CHEN CHANG,1145,M40-44,Male,台南市,Tainan City,Taiwan,TW,1:39:30,6:22:33,5:44:39,,,14:03:12,5970,22953,20679,536,454,50592,149,135,31,181,163,40,141,128,29,149,135,31,Finisher,1741
Ching Hsun,Liang,Ching Hsun Liang,1053,M25-29,Male,桃園市桃園區,Taoyuan City,Taiwan,TW,1:16:16,6:48:19,5:45:17,,,14:03:26,4576,24499,20717,390,424,50606,150,136,4,36,33,2,143,130,4,150,136,4,Finisher,2251
Ting Pin,Tseng,Ting Pin Tseng,1394,M65-69,Male,台中市,Taichung City,Taiwan,TW,1:42:56,6:11:00,5:52:06,,,14:04:48,6176,22260,21126,637,488,50688,151,137,1,199,181,1,129,118,1,151,137,1,Finisher,5000
Zheng Liang,Xu,Zheng Liang Xu,1285,M45-49,Male,新北市/板橋區,New Taipei City,Taiwan,TW,1:23:22,6:32:51,5:54:08,,,14:07:27,5002,23571,21248,664,362,50847,152,138,40,73,69,20,136,123,39,152,138,40,Finisher,1643
Albert,Yu,Albert Yu,1193,M40-44,Male,Boondall,AU-QLD,Taiwan,TW,1:25:09,6:35:38,5:52:45,,,14:08:46,5109,23738,21165,477,435,50926,153,139,32,88,82,25,137,124,27,153,139,32,Finisher,1674
Ming Hua,Lin,Ming Hua Lin,1204,M40-44,Male,台北市,AK,Taiwan,TW,1:34:42,6:37:25,5:43:46,,,14:11:40,5682,23845,20626,614,332,51100,154,140,33,165,147,37,165,149,37,154,140,33,Finisher,1639
YuFeng,Sun,YuFeng Sun,1316,M50-54,Male,高雄市,TW-KHH,Taiwan,TW,1:44:00,6:29:15,5:44:41,,,14:14:37,6240,23355,20681,508,493,51277,155,141,25,202,184,30,163,147,25,155,141,25,Finisher,2325
Wen Hsuan,Lan,Wen Hsuan Lan,1005,F30-34,Female,桃園市,Taoyuan City,Taiwan,TW,1:25:27,6:34:24,5:55:49,,,14:15:51,5127,23664,21349,718,493,51351,156,15,4,92,7,3,145,14,4,156,15,4,Finisher,2375
CHIH YUAN,HUANG,CHIH YUAN HUANG,1112,M35-39,Male,台北市,Taipei City,Taiwan,TW,1:34:29,6:40:37,5:42:08,,,14:17:41,5669,24037,20528,616,611,51461,157,142,22,164,146,22,173,157,25,157,142,22,Finisher,2259
Hsih Hsien,Hsieh,Hsih Hsien Hsieh,1315,M50-54,Male,高雄市,Kaohsiung City,Taiwan,TW,1:57:35,6:13:34,5:51:02,,,14:18:59,7055,22414,21062,585,423,51539,158,143,26,252,228,41,162,146,24,158,143,26,Finisher,2272
Chih Lung,Wang,Chih Lung Wang,1355,M50-54,Male,新北市,TW-NWT,Taiwan,TW,1:50:50,6:25:25,5:48:02,,,14:19:20,6650,23125,20882,510,393,51560,159,144,27,231,207,35,171,155,27,159,144,27,Finisher,2268
Wen-Chueh,Li ,Wen-Chueh Li,1049,F55-59,Female,高雄市,TW-KHH,Taiwan,TW,1:29:45,7:06:55,5:30:17,,,14:20:33,5385,25615,19817,459,356,51633,160,16,1,134,13,1,196,18,1,160,16,1,Finisher,5000
Chia-Hsien,Hsu,Chia-Hsien Hsu,1345,M50-54,Male,彰化縣秀水鄉,,Taiwan,TW,1:37:21,6:57:45,5:37:04,,,14:27:37,5841,25065,20224,454,473,52057,161,145,28,170,152,24,192,175,32,161,145,28,Finisher,2169
Alex,Chen,Alex Chen,1284,M45-49,Male,Taipei,Taipei City,Taiwan,TW,1:20:32,6:08:51,6:35:47,,,14:29:11,4832,22131,23747,739,702,52151,162,146,41,55,52,16,95,87,24,162,146,41,Finisher,1382
Hao,Hsiung,Hao Hsiung,1131,M35-39,Male,New Taipei City,Xindian District,Taiwan,TW,1:51:33,6:10:48,6:11:49,,,14:29:41,6693,22248,22309,431,501,52181,163,147,23,232,208,32,138,125,22,163,147,23,Finisher,2115
David,Hsiao,David Hsiao,1081,M30-34,Male,新北市,New Taipei City,Taiwan,TW,1:29:20,6:27:27,6:17:15,,,14:30:16,5360,23247,22635,545,428,52216,164,148,12,128,117,10,132,121,11,164,148,12,Finisher,1519
Wenhsiu,Kung,Wenhsiu Kung,1026,F40-44,Female,Taipei City,Taipei City,Taiwan,TW,1:48:20,6:38:30,5:44:06,,,14:31:35,6500,23910,20646,606,633,52295,165,17,4,222,22,6,186,17,4,165,17,4,Finisher,2714
Wei-Jen,Huang,Wei-Jen Huang,1095,M35-39,Male,屏東縣內埔鄉,,Taiwan,TW,1:46:56,6:31:51,5:54:21,,,14:32:26,6416,23511,21261,628,530,52346,166,149,24,219,198,30,178,162,26,166,149,24,Finisher,2082
Si-Yan,Kuo,Si-Yan Kuo,1199,M40-44,Male,???,,Taiwan,TW,1:24:39,6:38:04,6:19:11,,,14:32:56,5079,23884,22751,500,162,52376,167,150,34,81,76,22,142,129,30,167,150,34,Finisher,1384
Ching-Yuan,Tseng,Ching-Yuan Tseng,1113,M35-39,Male,高雄市,Kaohsiung City,Taiwan,TW,1:36:41,6:22:29,6:24:02,,,14:34:25,5801,22949,23042,349,325,52465,168,151,25,167,149,23,130,119,21,168,151,25,Finisher,2058
Chun Hsien,Wu,Chun Hsien Wu,1337,M50-54,Male,台南市佳里區,TW-TNN,Taiwan,TW,1:46:08,6:58:49,5:32:21,,,14:36:51,6368,25129,19941,580,593,52611,169,152,29,214,193,33,213,194,37,169,152,29,Finisher,2058
Yan-Ching,Li,Yan-Ching Li,1060,M25-29,Male,臺中市,Taichung City,Taiwan,TW,1:44:01,6:35:29,5:54:31,,,14:38:29,6241,23729,21271,638,829,52709,170,153,5,203,185,6,180,164,5,170,153,5,Finisher,1830
I-TSUN,CHIANG,I-TSUN CHIANG,1310,M50-54,Male,新北市,New Taipei City,Taiwan,TW,1:28:48,7:08:31,5:27:44,,,14:38:49,5328,25711,19664,924,1102,52729,171,154,30,120,111,19,212,193,36,171,154,30,Finisher,2034
Renny,Ling,Renny Ling,1295,M45-49,Male,New Taipei City,TAIWAN,Taiwan,TW,1:20:25,6:13:00,6:55:14,,,14:39:46,4825,22380,24914,387,280,52786,172,155,42,53,50,15,92,84,23,172,155,42,Finisher,1255
Kevin,Tan,Kevin Tan,1297,M45-49,Male,New Taipei City,CA,Taiwan,TW,1:33:51,7:21:45,5:34:33,,,14:40:56,5631,26505,20073,472,175,52856,173,156,43,161,143,45,223,204,59,173,156,43,Finisher,1241
Ching Feng,Kao,Ching Feng Kao,1185,M40-44,Male,New Taipei City,New Taipei City,Taiwan,TW,1:51:36,6:36:09,5:51:45,,,14:41:51,6696,23769,21105,770,571,52911,174,157,35,233,209,48,190,173,42,174,157,35,Finisher,1277
Yan Teng,Lai,Yan Teng Lai,1238,M45-49,Male,台中市,Taichung City,Taiwan,TW,1:31:08,6:49:09,6:01:10,,,14:42:56,5468,24549,21670,470,819,52976,175,158,44,142,128,39,177,161,44,175,158,44,Finisher,1217
Chiahsiang,Shen,Chiahsiang Shen,1291,M45-49,Male,高雄市,TW-KHH,Taiwan,TW,2:11:44,6:47:04,5:28:19,,,14:43:36,7904,24424,19699,626,363,53016,176,159,45,272,247,71,234,213,61,176,159,45,Finisher,1209
Harry,Chen,Harry Chen,1208,M45-49,Male,台北市,TW-TPE,Taiwan,TW,1:26:58,6:52:13,6:04:24,,,14:44:21,5218,24733,21864,638,607,53061,177,160,46,109,101,28,179,163,45,177,160,46,Finisher,1200
Lu-Chun,Wang,Lu-Chun Wang,1234,M45-49,Male,雲林縣斗六市,,Taiwan,TW,1:49:56,6:52:18,5:51:23,,,14:47:08,6596,24738,21083,546,265,53228,178,161,47,228,205,63,208,189,54,178,161,47,Finisher,1167
Josh,Yang,Josh Yang,1292,M45-49,Male,高雄市,Kaohsiung City,Taiwan,TW,1:54:10,6:59:55,5:27:39,,,14:50:37,6850,25195,19659,997,737,53437,179,162,48,241,217,66,235,214,62,179,162,48,Finisher,1125
Chun An,Lin,Chun An Lin,1135,M40-44,Male,新北市,New Taipei City,Taiwan,TW,1:22:11,6:40:38,6:30:02,,,14:50:58,4931,24038,23402,714,372,53458,180,163,36,66,62,19,151,137,32,180,163,36,Finisher,1168
Hsiao-Chen,Lai,Hsiao-Chen Lai,1216,M45-49,Male,台北市,Taipei City,Taiwan,TW,1:18:03,6:33:15,6:48:53,,,14:51:04,4683,23595,24533,223,430,53464,181,164,49,43,40,12,118,108,33,181,164,49,Finisher,1119
Chunchi,Wu,Chunchi Wu,1166,M40-44,Male,Strasbourg,Grand Est,Taiwan,TW,1:54:18,6:40:53,5:46:30,,,14:51:19,6858,24053,20790,784,994,53479,182,165,37,245,221,51,203,184,45,182,165,37,Finisher,1164
Tingwei,Lin,Tingwei Lin,1196,M40-44,Male,桃園市中壢區,Taoyuan City,Taiwan,TW,1:42:16,6:30:29,6:23:33,,,14:51:56,6136,23429,23013,577,361,53516,183,166,38,196,178,43,166,150,38,183,166,38,Finisher,1156
Shuo-Wei,Chen,Shuo-Wei Chen,1223,M45-49,Male,台北市內湖區,Taipei City,Taiwan,TW,1:37:27,7:14:21,5:46:08,,,14:52:05,5847,26061,20768,556,293,53525,184,167,50,171,153,49,220,201,57,184,167,50,Finisher,1107
Yu-Ling,Chen,Yu-Ling Chen,1020,F35-39,Female,太保市,,Taiwan,TW,1:45:59,7:11:10,5:40:52,,,14:54:39,6359,25870,20452,495,503,53679,185,18,4,212,21,4,227,20,5,185,18,4,Finisher,3215
Ming-Yuan,Liao,Ming-Yuan Liao,1325,M50-54,Male,臺中市,Taichung City,Taiwan,TW,2:08:10,6:26:53,6:01:59,,,14:55:18,7690,23213,21719,568,528,53718,186,168,31,266,241,43,197,179,33,186,168,31,Finisher,1837
Michel,Lokhorst,Michel Lokhorst,1313,M50-54,Male,Kaohsiung,Kaohsiung City,Taiwan,TW,1:29:44,7:07:51,5:59:48,,,14:56:13,5384,25671,21588,746,384,53773,187,169,32,133,121,22,206,187,34,187,169,32,Finisher,1826
HSIAO TUNG,CHANG,HSIAO TUNG CHANG,1293,M45-49,Male,台北市,Taipei City,Taiwan,TW,1:59:04,6:53:43,5:48:58,,,14:57:06,7144,24823,20938,551,370,53826,188,170,51,253,229,68,221,202,58,188,170,51,Finisher,1047
Hsien chiang,Chiu,Hsien chiang Chiu,1151,M40-44,Male,基隆市,TW-KEE,Taiwan,TW,1:38:17,6:45:39,6:14:46,,,14:57:22,5897,24339,22486,608,512,53842,189,171,39,174,156,38,184,168,41,189,171,39,Finisher,1091
Clock,Kao,Clock Kao,1282,M45-49,Male,台中市,Taichung City,Taiwan,TW,1:37:46,6:51:41,5:56:29,,,14:58:13,5866,24701,21389,1109,828,53893,190,172,52,173,155,51,201,182,53,190,172,52,Finisher,1034
SHU TING,LIN,SHU TING LIN,1030,F40-44,Female,台中市,TW-TXG,Taiwan,TW,1:44:48,7:19:50,5:27:06,,,14:58:20,6288,26390,19626,944,651,53900,191,19,5,205,19,5,241,24,6,191,19,5,Finisher,2393
Weiting,Liu,Weiting Liu,1021,F35-39,Female,New Taipei City,New Taipei City,Taiwan,TW,1:29:42,6:38:17,6:36:29,,,15:00:05,5382,23897,23789,434,504,54005,192,20,5,131,12,1,153,15,4,192,20,5,Finisher,3150
CHEN CHOU,CHEN,CHEN CHOU CHEN,1065,M30-34,Male,縣府路3號4樓,NY,Taiwan,TW,1:59:18,6:54:49,5:55:59,,,15:04:11,7158,24889,21359,577,269,54251,193,173,13,254,230,17,224,205,14,193,173,13,Finisher,1112
Chiu Sheng,Lan,Chiu Sheng Lan,1126,M35-39,Male,台灣,Taichung City,Taiwan,TW,1:13:03,6:35:00,7:00:20,,,15:04:47,4383,23700,25220,486,497,54287,194,174,26,26,24,5,119,109,19,194,174,26,Finisher,1694
Pei Chun,Chorng,Pei Chun Chorng,1023,F40-44,Female,臺北市,Taipei City,Taiwan,TW,1:28:52,7:25:02,5:50:50,,,15:05:06,5332,26702,21050,740,482,54306,195,21,6,121,10,2,229,21,5,195,21,6,Finisher,2311
溪村,賴,溪村 賴,1341,M50-54,Male,台北市,Taipei City,Taiwan,TW,1:28:41,7:25:53,5:55:28,,,15:05:24,5321,26753,21328,594,328,54324,196,175,33,119,110,18,225,206,38,196,175,33,Finisher,1715
Allen,Yeh,Allen Yeh,1184,M40-44,Male,New Taipei City,New Taipei City,Taiwan,TW,1:42:40,7:21:14,5:10:56,,,15:10:58,6160,26474,18656,1692,1675,54658,197,176,40,198,180,45,251,227,52,197,176,40,Finisher,1000
Kuo-Chih,Chen,Kuo-Chih Chen,1278,M45-49,Male,台北市,Taipei City,Taiwan,TW,1:50:31,6:02:32,7:05:40,,,15:12:19,6631,21752,25540,477,339,54739,198,177,53,230,206,64,124,114,35,198,177,53,Finisher,1000
Edward Jay P,Sarmiento,Edward Jay P Sarmiento,1269,M45-49,Male,,,Philippines,PH,1:49:04,6:25:02,6:39:22,,,15:14:23,6544,23102,23962,570,684,54863,199,178,54,224,202,60,168,152,42,199,178,54,Finisher,1000
振華,呂,振華 呂,1300,M50-54,Male,台北市,Taipei City,Taiwan,TW,1:29:23,6:50:03,6:38:40,,,15:15:58,5363,24603,23920,493,577,54958,200,179,34,129,118,21,175,159,28,200,179,34,Finisher,1589
Hsin Te,Huang,Hsin Te Huang,1321,M50-54,Male,Taipei City,Taipei City,Taiwan,TW,1:53:22,6:38:14,6:30:24,,,15:16:04,6802,23894,23424,494,350,54964,201,180,35,239,215,36,189,172,30,201,180,35,Finisher,1587
John Chiahung,Chu,John Chiahung Chu,1367,M55-59,Male,台中市,BC,Taiwan,TW,1:43:29,7:02:09,6:11:51,,,15:17:20,6209,25329,22311,758,432,55040,202,181,5,201,183,5,218,199,8,202,181,5,Finisher,2297
Ying Hua,Weng,Ying Hua Weng,1047,F50-54,Female,台北市,Taipei City,Taiwan,TW,1:26:07,7:30:21,5:55:48,,,15:17:27,5167,27021,21348,936,575,55047,203,22,1,99,8,1,236,22,1,203,22,1,Finisher,5000
Hsin-Tso,Yang,Hsin-Tso Yang,1173,M40-44,Male,台北市,Taipei City,Taiwan,TW,1:19:20,6:46:30,7:00:23,,,15:17:38,4760,24390,25223,298,387,55058,204,182,41,48,45,14,140,127,28,204,182,41,Finisher,1000
Chu-Chuan,Lin,Chu-Chuan Lin,1397,M70-74,Male,,TXG,Taiwan,TW,2:07:20,6:52:02,6:05:06,,,15:18:12,7640,24722,21906,510,314,55092,205,183,1,264,239,1,232,211,1,205,183,1,Finisher,5000
Shengpin,Yu,Shengpin Yu,1270,M45-49,Male,斗六市,,Taiwan,TW,1:33:04,6:44:11,6:38:57,,,15:19:09,5584,24251,23937,860,517,55149,206,184,55,157,140,43,181,165,46,206,184,55,Finisher,1000
Pj,Cheng,Pj Cheng,1254,M45-49,Male,新北市,New Taipei City,Taiwan,TW,1:45:43,6:29:05,6:46:35,,,15:19:19,6343,23345,24395,444,633,55159,207,185,56,208,188,56,164,148,41,207,185,56,Finisher,1000
Ying Chi,Huang,Ying Chi Huang,1170,M40-44,Male,高雄市,Kaohsiung City,Taiwan,TW,1:42:17,6:24:14,6:55:37,,,15:19:21,6137,23054,24937,501,533,55161,208,186,42,197,179,44,152,138,33,208,186,42,Finisher,1000
Eric,Lu,Eric Lu,1281,M45-49,Male,東區,,Taiwan,TW,1:47:47,6:47:30,6:33:44,,,15:23:56,6467,24450,23624,465,430,55436,209,187,57,221,200,59,193,176,51,209,187,57,Finisher,1000
Chun-I,Yang,Chun-I Yang,1260,M45-49,Male,新北市,New Taipei City,Taiwan,TW,1:30:44,6:49:40,6:25:13,,,15:24:15,5444,24580,23113,1382,935,55455,210,188,58,140,127,38,194,177,52,210,188,58,Finisher,1000
文賢,梁,文賢 梁,1183,M40-44,Male,屏東市,,Taiwan,TW,1:26:15,6:35:33,6:53:02,,,15:25:18,5175,23733,24782,943,885,55518,211,189,43,102,94,26,157,142,35,211,189,43,Finisher,1000
Yung Hsiang,Yen,Yung Hsiang Yen,1376,M55-59,Male,New Taipei City,New Taipei City,Taiwan,TW,2:02:29,6:59:56,6:00:14,,,15:25:54,7349,25196,21614,626,769,55554,212,190,6,258,233,9,238,216,9,212,190,6,Finisher,2194
Tung Ping,Cho,Tung Ping Cho,1243,M45-49,Male,汐止區,New Taipei City,Taiwan,TW,1:41:27,7:05:34,6:15:57,,,15:27:00,6087,25534,22557,658,784,55620,213,191,59,193,175,54,217,198,56,213,191,59,Finisher,1000
Hsueh Hung,Chu,Hsueh Hung Chu,1353,M50-54,Male,高雄市,Kaohsiung City,Taiwan,TW,2:02:46,7:20:53,5:37:57,,,15:27:49,7366,26453,20277,815,758,55669,214,192,36,260,235,42,257,232,41,214,192,36,Finisher,1446
Chingwan,Lin,Chingwan Lin,1389,M60-64,Male,新竹縣湖口鄉,,Taiwan,TW,1:54:23,7:27:10,5:46:29,,,15:28:32,6863,26830,20789,701,530,55712,215,193,3,246,222,3,253,229,3,215,193,3,Finisher,2745
Jin Mao,Ye,Jin Mao Ye,1373,M55-59,Male,高雄市,Kaohsiung City,Taiwan,TW,1:24:23,6:49:39,6:52:39,,,15:30:08,5063,24579,24759,662,745,55808,216,194,7,79,75,2,172,156,5,216,194,7,Finisher,2143
CHUN-CHIANG,WANG,CHUN-CHIANG WANG,1380,M55-59,Male,台中市西區,Taichung City,Taiwan,TW,1:46:12,7:24:03,5:58:39,,,15:30:33,6372,26643,21519,771,528,55833,217,195,8,215,194,6,242,218,10,217,195,8,Finisher,2138
Cheng-En,Lin,Cheng-En Lin,1128,M35-39,Male,馬公市,,Taiwan,TW,1:31:30,7:12:09,6:28:45,,,15:30:50,5490,25929,23325,661,445,55850,218,196,27,144,130,20,214,195,30,218,196,27,Finisher,1381
Tzu Min,Lin,Tzu Min Lin,1097,M35-39,Male,台南市,Tainan City,Taiwan,TW,1:27:46,7:08:59,6:35:32,,,15:31:13,5266,25739,23732,667,469,55873,219,197,28,116,107,15,200,181,27,219,197,28,Finisher,1376
TENG-YU,WANG,TENG-YU WANG,1235,M45-49,Male,Hsinchu City,HSINCHU,Taiwan,TW,1:30:19,7:36:39,6:00:59,,,15:33:26,5419,27399,21659,653,877,56006,220,198,60,136,123,36,239,217,64,220,198,60,Finisher,1000
Cheng-Yu,Chuang,Cheng-Yu Chuang,1072,M30-34,Male,新北市,New Taipei City,Taiwan,TW,1:56:50,7:22:10,5:47:28,,,15:34:40,7010,26530,20848,1175,518,56080,221,199,14,250,226,16,259,234,18,221,199,14,Finisher,1000
Ying Ling,Sun,Ying Ling Sun,1042,F45-49,Female,Taipei,Taipei City,Taiwan,TW,2:13:13,7:12:10,5:51:16,,,15:35:34,7993,25930,21076,583,552,56134,222,23,4,274,26,5,255,25,5,222,23,4,Finisher,3101
Shiu Hung,Chen,Shiu Hung Chen,1312,M50-54,Male,新北市土城區,New Taipei City,Taiwan,TW,1:39:55,6:33:16,7:08:01,,,15:39:48,5995,23596,25681,634,482,56388,223,200,37,184,166,27,169,153,26,223,200,37,Finisher,1303
Steven,Lo,Steven Lo,1062,M30-34,Male,新北市,New Taipei City,Taiwan,TW,1:51:49,6:45:56,6:36:16,,,15:41:19,6709,24356,23776,798,839,56479,224,201,15,235,211,14,207,188,13,224,201,15,Finisher,1000
HUNGSHENG,CHANG,HUNGSHENG CHANG,1110,M35-39,Male,New Taipei City ,TW-NWT,Taiwan,TW,1:40:49,6:23:49,7:18:45,,,15:43:19,6049,23029,26325,556,639,56599,225,202,29,190,172,27,150,136,23,225,202,29,Finisher,1231
Chiu Lung,Chen,Chiu Lung Chen,1248,M45-49,Male,新北市三重市神農街369號31樓,New Taipei City,Taiwan,TW,1:33:11,7:44:31,6:07:12,,,15:46:23,5591,27871,22032,699,589,56783,226,203,61,158,141,44,247,223,65,226,203,61,Finisher,1000
Tony,Lee,Tony Lee,1250,M45-49,Male,桃園市,Taoyuan City,Taiwan,TW,1:46:44,8:12:00,5:25:33,,,15:46:25,6404,29520,19533,845,483,56785,227,204,62,218,197,58,273,246,71,227,204,62,Finisher,1000
YITE,WU,YITE WU,1147,M40-44,Male,板橋,TW-NWT,Taiwan,TW,2:08:11,7:29:50,5:47:46,,,15:49:28,7691,26990,20866,646,775,56968,228,205,44,267,242,55,266,240,55,228,205,44,Finisher,1000
Yen Yang,Chen,Yen Yang Chen,1141,M40-44,Male,大安區,Taipei City,Taiwan,TW,1:40:52,7:44:07,6:05:44,,,15:49:55,6052,27847,21944,628,524,56995,229,206,45,191,173,42,256,231,53,229,206,45,Finisher,1000
Po-Ching,Huang,Po-Ching Huang,1262,M45-49,Male,Taipei,Taipei City,Taiwan,TW,1:40:15,7:01:44,6:52:16,,,15:50:14,6015,25304,24736,591,367,57014,230,207,63,187,169,53,210,191,55,230,207,63,Finisher,1000
Chi-Wei,Chan,Chi-Wei Chan,1080,M30-34,Male,中和區,New Taipei City,Taiwan,TW,1:54:12,6:56:40,6:35:18,,,15:51:42,6852,25000,23718,942,590,57102,231,208,16,243,219,15,231,210,15,231,208,16,Finisher,1000
Yung-Kai,Jhung,Yung-Kai Jhung,1201,M40-44,Male,花蓮縣,,Taiwan,TW,2:04:12,6:32:31,6:59:00,,,15:53:27,7452,23551,25140,494,569,57207,232,209,46,262,237,54,198,180,44,232,209,46,Finisher,1000
Ben,Allison,Ben Allison,1190,M40-44,Male,Hualien,AU-NSW,Australia,AU,1:29:16,7:49:17,6:13:52,,,15:53:56,5356,28157,22432,798,492,57236,233,210,47,126,116,31,250,226,51,233,210,47,Finisher,1000
Chia-Yi,Chang,Chia-Yi Chang,1034,F45-49,Female,桃園市,Taoyuan City,Taiwan,TW,1:49:05,7:19:56,6:27:28,,,15:55:05,6545,26396,23248,658,457,57305,234,24,5,225,23,4,240,23,4,234,24,5,Finisher,2867
Gy,Huang,Gy Huang,1189,M40-44,Male,大安區,Taipei City,Taiwan,TW,1:16:23,6:57:51,7:11:37,,,15:56:04,4583,25071,25897,675,1137,57364,235,211,48,38,35,10,174,158,40,235,211,48,Finisher,1000
Tung-Yuan,Pan,Tung-Yuan Pan,1370,M55-59,Male,台北市,Taipei City,Taiwan,TW,1:38:19,6:59:44,6:55:43,,,15:56:15,5899,25184,24943,598,751,57375,236,212,9,175,157,4,202,183,6,236,212,9,Finisher,1830
Yumin,Lin,Yumin Lin,1191,M40-44,Male,太保市,,Taiwan,TW,1:44:36,6:52:22,6:53:21,,,15:58:58,6276,24742,24801,733,985,57538,237,213,49,204,186,46,205,186,46,237,213,49,Finisher,1000
Roger,Chen,Roger Chen,1302,M50-54,Male,台北市,Taipei City,Taiwan,TW,1:56:45,6:43:27,6:52:00,,,16:07:20,7005,24207,24720,694,1412,58040,238,214,38,249,225,40,209,190,35,238,214,38,Finisher,1000
Greg,Chen,Greg Chen,1227,M45-49,Male,台北市,Taipei City,Taiwan,TW,2:07:56,6:48:26,6:38:46,,,16:07:24,7676,24506,23926,961,974,58044,239,215,64,265,240,70,237,215,63,239,215,64,Finisher,1000
Po Yu,Wu,Po Yu Wu,1055,M25-29,Male,湖西鄉成功村126號,,Taiwan,TW,1:39:24,7:13:41,6:50:11,,,16:07:50,5964,26021,24611,791,683,58070,240,216,6,180,162,5,230,209,6,240,216,6,Finisher,1000
Chun,Ku,Chun Ku,1046,F50-54,Female,新北市,New Taipei City,Taiwan,TW,2:01:39,7:25:10,6:05:02,,,16:07:56,7299,26710,21902,932,1233,58076,241,25,2,256,25,2,263,26,2,241,25,2,Finisher,4394
PIN-RUI,SU,PIN-RUI SU,1114,M35-39,Male,桃園市,Taoyuan City,Taiwan,TW,2:08:22,7:13:10,6:31:08,,,16:09:46,7702,25990,23468,555,470,58186,242,217,30,268,243,36,248,224,33,242,217,30,Finisher,1000
Sheng-Feng,Lin,Sheng-Feng Lin,1287,M45-49,Male,新北市`,New Taipei City,Taiwan,TW,1:52:44,7:31:30,6:20:22,,,16:10:49,6764,27090,22822,933,641,58249,243,218,65,238,214,65,261,236,68,243,218,65,Finisher,1000
Ching Cheah,Lee,Ching Cheah Lee,1280,M45-49,Male,台南市,Tainan City,Malaysia,MY,1:37:15,6:56:12,7:20:26,,,16:13:05,5835,24972,26426,368,785,58385,244,219,66,169,151,48,188,171,50,244,219,66,Finisher,1000
Ching-Lun,Chien,Ching-Lun Chien,1372,M55-59,Male,新北市,New Taipei City,Taiwan,TW,2:05:15,6:43:04,7:10:38,,,16:17:15,7515,24184,25838,561,537,58635,245,220,10,263,238,10,215,196,7,245,220,10,Finisher,1578
Kuanchih,Chen,Kuanchih Chen,1350,M50-54,Male,高雄市,Kaohsiung City,Taiwan,TW,1:54:13,7:27:17,6:30:49,,,16:18:08,6853,26837,23449,961,588,58688,246,221,39,244,220,38,258,233,42,246,221,39,Finisher,1000
Chunhsien,Chiu,Chunhsien Chiu,1324,M50-54,Male,高雄市,Kaohsiung City,Taiwan,TW,1:54:48,7:03:42,6:55:12,,,16:18:18,6888,25422,24912,637,838,58698,247,222,40,247,223,39,233,212,39,247,222,40,Finisher,1000
Shao-Fu,Chang,Shao-Fu Chang,1105,M35-39,Male,新北市永和區,New Taipei City,Taiwan,TW,1:32:13,8:10:14,6:10:47,,,16:19:49,5533,29414,22247,806,788,58789,248,223,31,148,134,21,270,243,35,248,223,31,Finisher,1000
Jonathan,Guo,Jonathan Guo,1349,M50-54,Male,台北市,Taipei City,Taiwan,TW,1:26:21,6:58:02,7:34:01,,,16:24:04,5181,25082,27241,717,823,59044,249,224,41,104,96,14,185,169,29,249,224,41,Finisher,1000
Fang Yi,Chou,Fang Yi Chou,1335,M50-54,Male,新北市中和區民利街132號4樓,New Taipei City,Taiwan,TW,1:54:02,7:50:05,6:20:25,,,16:24:15,6842,28205,22825,717,465,59055,250,225,42,240,216,37,271,244,43,250,225,42,Finisher,1000
Chia Feng,Chen,Chia Feng Chen,1383,M60-64,Male,新北市板橋區,New Taipei City,Taiwan,TW,2:09:24,7:27:43,6:20:53,,,16:25:09,7764,26863,22853,973,656,59109,251,226,4,270,245,4,268,242,4,251,226,4,Finisher,2065
TA TENG,PENG,TA TENG PENG,1308,M50-54,Male,新北市,TW-NWT,Taiwan,TW,1:45:43,7:26:36,6:53:10,,,16:29:37,6343,26796,24790,823,624,59377,252,227,43,209,189,32,245,221,40,252,227,43,Finisher,1000
Wei Po,Lin,Wei Po Lin,1089,M35-39,Male,台北市文山區,Taipei City,Taiwan,TW,1:22:37,7:28:32,7:14:47,,,16:30:25,4957,26912,26087,684,784,59425,253,228,32,68,64,10,222,203,31,253,228,32,Finisher,1000
YEN WEN,CHEN,YEN WEN CHEN,1051,M18-24,Male,馬公市,,Taiwan,TW,1:43:21,7:36:59,6:53:16,,,16:34:15,6201,27419,24796,759,481,59655,254,229,1,200,182,1,252,228,1,254,229,1,Finisher,5000
Yi Hsiao,Shih,Yi Hsiao Shih,1156,M40-44,Male,台東縣台東市,,Taiwan,TW,2:00:03,7:16:20,6:57:07,,,16:36:03,7203,26180,25027,707,647,59763,255,230,50,255,231,52,246,222,50,255,230,50,Finisher,1000
Chung Ho,Liu,Chung Ho Liu,1160,M40-44,Male,澎湖縣馬公市,,Taiwan,TW,2:08:34,7:22:00,6:45:19,,,16:37:17,7714,26520,24319,597,687,59837,256,231,51,269,244,56,262,237,54,256,231,51,Finisher,1000
Ming Huang,weng,Ming Huang weng,1274,M45-49,Male,馬公市朝陽路142-1號,,Taiwan,TW,1:57:29,7:30:07,6:44:08,,,16:38:25,7049,27007,24248,697,904,59905,257,232,67,251,227,67,260,235,67,257,232,67,Finisher,1000
Hung Wei,Wang,Hung Wei Wang,1070,M30-34,Male,新北市,New Taipei City,Taiwan,TW,1:21:37,7:58:13,7:00:03,,,16:40:52,4897,28693,25203,672,588,60052,258,233,17,62,59,6,249,225,17,258,233,17,Finisher,1000
Corey,Chang,Corey Chang,1106,M35-39,Male,Taipei,TW-TPE,Taiwan,TW,1:52:17,8:10:26,6:20:40,,,16:41:03,6737,29426,22840,797,263,60063,259,234,33,237,213,33,275,248,36,259,234,33,Finisher,1000
Hung Ting,Cheng,Hung Ting Cheng,1103,M35-39,Male,屏東市,,Taiwan,TW,1:42:14,6:53:05,7:44:51,,,16:41:59,6134,24785,27891,780,530,60119,260,235,34,194,176,28,204,185,28,260,235,34,Finisher,1000
Pin-Jen,Chen,Pin-Jen Chen,1181,M40-44,Male,台中市,Taichung City,Taiwan,TW,1:38:54,6:23:00,8:21:54,,,16:42:38,5934,22980,30114,557,573,60158,261,236,52,177,159,39,144,131,31,261,236,52,Finisher,1000
Jeff,Pu,Jeff Pu,1153,M40-44,Male,Taipei,Taipei City,Taiwan,TW,1:31:54,6:41:07,8:04:51,,,16:43:17,5514,24067,29091,696,828,60197,262,237,53,146,132,32,170,154,39,262,237,53,Finisher,1000
Chi Wen,Chung,Chi Wen Chung,1197,M40-44,Male,台北市,Taipei City,Taiwan,TW,1:33:50,7:14:38,7:32:54,,,16:43:57,5630,26078,27174,554,800,60237,263,238,54,160,142,35,216,197,47,263,238,54,Finisher,1000
Rex,Huang,Rex Huang,1130,M35-39,Male,雲林縣東勢鄉富農南路26巷36號,,Taiwan,TW,2:02:23,7:27:18,6:49:53,,,16:45:59,7343,26838,24593,984,602,60359,264,239,35,257,232,35,264,238,34,264,239,35,Finisher,1000
Mark,Ku,Mark Ku,1085,M30-34,Male,楊梅市,TW-TAO,Taiwan,TW,2:11:30,7:05:04,7:07:27,,,16:47:58,7890,25504,25647,517,920,60478,265,240,18,271,246,18,243,219,16,265,240,18,Finisher,1000
William,Lee,William Lee,1229,M45-49,Male,中山區,Taipei City,Taiwan,TW,2:02:55,7:35:54,6:45:52,,,16:48:19,7375,27354,24352,702,715,60499,266,241,68,261,236,69,267,241,70,266,241,68,Finisher,1000
Steven,Kuo,Steven Kuo,1102,M35-39,Male,New Taipei City,New Taipei City,Taiwan,TW,1:47:21,7:13:11,7:37:22,,,16:51:33,6441,25991,27442,333,486,60693,267,242,36,220,199,31,228,208,32,267,242,36,Finisher,1000
Hsiang-Ling,Hsieh,Hsiang-Ling Hsieh,1038,F45-49,Female,竹北市,TW-HSQ,Taiwan,TW,2:17:33,7:30:34,6:43:17,,,16:52:46,8253,27034,24197,431,851,60766,268,26,6,276,27,6,269,27,6,268,26,6,Finisher,2175
Jeremy,Chen,Jeremy Chen,1171,M40-44,Male,台北市大安區,Taipei City,Taiwan,TW,1:52:13,7:51:51,6:42:48,,,16:53:46,6733,28311,24168,1016,598,60826,269,243,55,236,212,49,272,245,56,269,243,55,Finisher,1000
Pin Jie,Chen,Pin Jie Chen,1241,M45-49,Male,Taoyuan,TW-TAO,Taiwan,TW,1:42:16,7:12:27,7:35:55,,,16:53:49,6136,25947,27355,605,787,60829,270,244,69,195,177,55,226,207,60,270,244,69,Finisher,1000
Pin-Chao,Hsu,Pin-Chao Hsu,1327,M50-54,Male,台中市,Taichung City,Taiwan,TW,2:11:50,7:52:25,6:33:50,,,16:54:05,7910,28345,23630,568,392,60845,271,245,44,273,248,44,274,247,44,271,245,44,Finisher,1000
Shuowei,Su,Shuowei Su,1188,M40-44,Male,竹北市,TW-HSQ,Taiwan,TW,2:02:30,7:14:27,7:44:15,,,17:15:46,7350,26067,27855,542,332,62146,272,246,56,259,234,53,244,220,49,272,246,56,Finisher,1000
Ming Hung,Chen,Ming Hung Chen,1352,M50-54,Male,屏東縣內埔鄉,,Taiwan,TW,,,,,,,0,0,0,0,0,0,99999,99999,99999,99999,99999,99999,99999,99999,99999,99999,99999,99999,DNS,0
Chung Chi,Chen,Chung Chi Chen,1232,M45-49,Male,臺南市,Tainan City,Taiwan,TW,1:54:20,7:38:34,,,,,6860,27514,0,765,938,0,99999,99999,99999,99999,99999,99999,99999,99999,99999,99999,99999,99999,DNF,0
Sen  Hsien,Huang,Sen  Hsien Huang,1082,M30-34,Male,高雄市,Kaohsiung City,Taiwan,TW,,,,,,,0,0,0,0,0,0,99999,99999,99999,99999,99999,99999,99999,99999,99999,99999,99999,99999,DNS,0
Ingkanont,Pipatpon,Ingkanont Pipatpon,1083,M30-34,Male,Saphan Sung,Bangkok,Thailand,TH,,,,,,,0,0,0,0,0,0,99999,99999,99999,99999,99999,99999,99999,99999,99999,99999,99999,99999,DNS,0
Lei,Hua,Lei Hua,1311,M50-54,Male,SUZHOU,JIANGSU,China,CN,,,,,,,0,0,0,0,0,0,99999,99999,99999,99999,99999,99999,99999,99999,99999,99999,99999,99999,DNS,0
Rie,Sato,Rie Sato,1048,F55-59,Female,Setagaya,JP-13,Taiwan,TW,,,,,,,0,0,0,0,0,0,99999,99999,99999,99999,99999,99999,99999,99999,99999,99999,99999,99999,DNS,0
Hsiao Ting,Hung,Hsiao Ting Hung,1022,F35-39,Female,New Taipei City,TW-TPE,Taiwan,TW,,,,,,,0,0,0,0,0,0,99999,99999,99999,99999,99999,99999,99999,99999,99999,99999,99999,99999,DNS,0
Hsu-Che,Lin,Hsu-Che Lin,1119,M25-29,Male,屏東市,,Taiwan,TW,1:58:15,,,,,,7095,0,0,470,0,0,99999,99999,99999,99999,99999,99999,99999,99999,99999,99999,99999,99999,DNF,0
Huan-Wen,Wang,Huan-Wen Wang,1093,M35-39,Male,台中,TW-TXG,Taiwan,TW,,,,,,,0,0,0,0,0,0,99999,99999,99999,99999,99999,99999,99999,99999,99999,99999,99999,99999,DNS,0
Hui Lin,Duan,Hui Lin Duan,1027,F40-44,Female,新北市,TW-NWT,Taiwan,TW,2:21:18,7:33:04,6:08:48,,,16:29:57,8478,27184,22128,1115,493,59397,99999,99999,99999,99999,99999,99999,99999,99999,99999,99999,99999,99999,DNF,0
Lih-Der,Ho,Lih-Der Ho,1245,M45-49,Male,高雄市,Kaohsiung City,Taiwan,TW,2:10:52,,,,,,7852,0,0,0,0,0,99999,99999,99999,99999,99999,99999,99999,99999,99999,99999,99999,99999,DNF,0
WeiChi,Chang,WeiChi Chang,1025,F40-44,Female,台北市,Taipei City,Taiwan,TW,,,,,,,0,0,0,0,0,0,99999,99999,99999,99999,99999,99999,99999,99999,99999,99999,99999,99999,DNF,0
Toshiya,Honda,Toshiya Honda,1328,M50-54,Male,TAIPEI,TW-NWT,Japan,JP,1:19:45,5:50:58,5:49:57,,,13:10:50,4785,21058,20997,417,193,47450,99999,99999,99999,99999,99999,99999,99999,99999,99999,99999,99999,99999,DNF,0
Yogesh,Satav,Yogesh Satav,1104,M35-39,Male,Pune,Maharashtra,India,IN,,,,,,,0,0,0,0,0,0,99999,99999,99999,99999,99999,99999,99999,99999,99999,99999,99999,99999,DNS,0
Chenwang,Yu,Chenwang Yu,1391,M60-64,Male,高雄市,Kaohsiung City,Taiwan,TW,,,,,,,0,0,0,0,0,0,99999,99999,99999,99999,99999,99999,99999,99999,99999,99999,99999,99999,DNF,0
POI,WU,POI WU,1348,M50-54,Male,台北市,Taipei City,Taiwan,TW,,,,,,,0,0,0,0,0,0,99999,99999,99999,99999,99999,99999,99999,99999,99999,99999,99999,99999,DNS,0
Chuwan,Kao,Chuwan Kao,1063,M30-34,Male,台南市,Tainan City,Taiwan,TW,,,,,,,0,0,0,0,0,0,99999,99999,99999,99999,99999,99999,99999,99999,99999,99999,99999,99999,DNS,0
Ching Hua,Cheng,Ching Hua Cheng,1017,F35-39,Female,新北市淡水區,New Taipei City,Taiwan,TW,2:26:10,,,,,,8770,0,0,0,0,0,99999,99999,99999,99999,99999,99999,99999,99999,99999,99999,99999,99999,DNF,0
Hong-Bin,Liang,Hong-Bin Liang,1066,M30-34,Male,新北市,TW-NWT,Taiwan,TW,1:46:05,,,,,,6365,0,0,547,0,0,99999,99999,99999,99999,99999,99999,99999,99999,99999,99999,99999,99999,DNF,0
Chun-Yuan,Chen,Chun-Yuan Chen,1101,M35-39,Male,新北市,New Taipei City,Taiwan,TW,1:27:12,6:55:44,6:56:53,,,15:46:40,5232,24944,25013,868,743,56800,99999,99999,99999,99999,99999,99999,99999,99999,99999,99999,99999,99999,DNF,0
Chihhsien,Yeh,Chihhsien Yeh,1351,M50-54,Male,高雄市鳳山區,Kaohsiung City,Taiwan,TW,,,,,,,0,0,0,0,0,0,99999,99999,99999,99999,99999,99999,99999,99999,99999,99999,99999,99999,DNF,0
Paul,Redding,Paul Redding,1392,M65-69,Male,Winchester,HAM,United Kingdom,GB,,,,,,,0,0,0,0,0,0,99999,99999,99999,99999,99999,99999,99999,99999,99999,99999,99999,99999,DNS,0
Ronald,Molit,Ronald Molit,1144,M40-44,Male,Cainta,PH-RIZ,Philippines,PH,,,,,,,0,0,0,0,0,0,99999,99999,99999,99999,99999,99999,99999,99999,99999,99999,99999,99999,DNS,0
Dong Han,Lee,Dong Han Lee,1249,M45-49,Male,新北市,New Taipei City,Taiwan,TW,1:27:49,,,,,,5269,0,0,642,0,0,99999,99999,99999,99999,99999,99999,99999,99999,99999,99999,99999,99999,DNF,0
Cheney,Song,Cheney Song,1001,F25-29,Female,三重區,New Taipei City,Taiwan,TW,1:21:41,7:12:38,,,,,4901,25958,0,661,0,0,99999,99999,99999,63,4,2,199,19,2,99999,99999,99999,DNF,0
Ping-Chung,Pang,Ping-Chung Pang,1256,M45-49,Male,臺灣省,Taipei City,Taiwan,TW,,,,,,,0,0,0,0,0,0,99999,99999,99999,99999,99999,99999,99999,99999,99999,99999,99999,99999,DNS,0
Yi Ting,Tsai,Yi Ting Tsai,1002,F25-29,Female,彰化縣彰化市,,Taiwan,TW,,,,,,,0,0,0,0,0,0,99999,99999,99999,99999,99999,99999,99999,99999,99999,99999,99999,99999,DNS,0
Yi Xuan,Li,Yi Xuan Li,1052,M18-24,Male,新北市三重區,New Taipei City,Taiwan,TW,,,,,,,0,0,0,0,0,0,99999,99999,99999,99999,99999,99999,99999,99999,99999,99999,99999,99999,DNS,0
Laurent,Morel,Laurent Morel,1176,M40-44,Male,,,France,FR,,,,,,,0,0,0,0,0,0,99999,99999,99999,99999,99999,99999,99999,99999,99999,99999,99999,99999,DNS,0
Chih Chuan,Lin,Chih Chuan Lin,1263,M45-49,Male,新北市,CA,Taiwan,TW,,,,,,,0,0,0,0,0,0,99999,99999,99999,99999,99999,99999,99999,99999,99999,99999,99999,99999,DQ,0
Scott,Lin,Scott Lin,1142,M40-44,Male,台北市,AS,Taiwan,TW,1:18:25,6:40:14,6:42:22,,,14:50:02,4705,24014,24142,300,241,53402,99999,99999,99999,99999,99999,99999,99999,99999,99999,99999,99999,99999,DNF,0
Wen-Sheng,Feng,Wen-Sheng Feng,1371,M55-59,Male,Zhudong,TW-HSQ,Taiwan,TW,,,,,,,0,0,0,0,0,0,99999,99999,99999,99999,99999,99999,99999,99999,99999,99999,99999,99999,DNS,0
Zongxing,Wang,Zongxing Wang,1187,M40-44,Male,台南市安平區,Tainan City,Taiwan,TW,1:13:05,5:07:53,,,,,4385,18473,0,284,172,0,99999,99999,99999,99999,99999,99999,99999,99999,99999,99999,99999,99999,DNF,0
Tavin,Olarnsakul,Tavin Olarnsakul,1059,M25-29,Male,Wattana,Bangkok,Thailand,TH,,,,,,,0,0,0,0,0,0,99999,99999,99999,99999,99999,99999,99999,99999,99999,99999,99999,99999,DNS,0
Masami,Miyadera,Masami Miyadera,1381,M55-59,Male,ふじみ野市中ノ島,埼玉県,Japan,JP,,,,,,,0,0,0,0,0,0,99999,99999,99999,99999,99999,99999,99999,99999,99999,99999,99999,99999,DNS,0
Kai-Ping,Li,Kai-Ping Li,1039,F45-49,Female," Nankang, Taipei",Taipei City,Taiwan,TW,,,,,,,0,0,0,0,0,0,99999,99999,99999,99999,99999,99999,99999,99999,99999,99999,99999,99999,DNS,0
Chih Shien,Ke,Chih Shien Ke,1247,M45-49,Male,Taichung,TW-TXG,Taiwan,TW,,,,,,,0,0,0,0,0,0,99999,99999,99999,99999,99999,99999,99999,99999,99999,99999,99999,99999,DNS,0
Stefano,Matalucci,Stefano Matalucci,1290,M45-49,Male,Milano,,Italy,IT,,,,,,,0,0,0,0,0,0,99999,99999,99999,99999,99999,99999,99999,99999,99999,99999,99999,99999,DNS,0
William Mark,Snowden,William Mark Snowden,1202,M40-44,Male,Taipei,Taipei City,Canada,CA,1:10:43,5:25:51,,,,,4243,19551,0,362,288,0,99999,99999,99999,99999,99999,99999,99999,99999,99999,99999,99999,99999,DNF,0
Yung Ching,Chen,Yung Ching Chen,1090,M35-39,Male,花蓮市,,Taiwan,TW,,,,,,,0,0,0,0,0,0,99999,99999,99999,99999,99999,99999,99999,99999,99999,99999,99999,99999,DNS,0
Chang,Po Chin,Chang Po Chin,1127,M35-39,Male,臺北市,TW-TPE,Taiwan,TW,2:10:01,7:15:58,,,,,7801,26158,0,525,541,0,99999,99999,99999,99999,99999,99999,99999,99999,99999,99999,99999,99999,DNF,0
Barry,Lee,Barry Lee,1242,M45-49,Male,Dubai,Dubai,United Kingdom,GB,,,,,,,0,0,0,0,0,0,99999,99999,99999,99999,99999,99999,99999,99999,99999,99999,99999,99999,DNS,0
CHIEN-HSUN,CHEN,CHIEN-HSUN CHEN,1320,M50-54,Male,台中市,TW-TXG,Taiwan,TW,,,,,,,0,0,0,0,0,0,99999,99999,99999,99999,99999,99999,99999,99999,99999,99999,99999,99999,DNS,0
Jian,Liu,Jian Liu,1138,M40-44,Male,广州,越秀区,China,CN,,,,,,,0,0,0,0,0,0,99999,99999,99999,99999,99999,99999,99999,99999,99999,99999,99999,99999,DNS,0
Tien Ching,Chung,Tien Ching Chung,1011,F30-34,Female,桃園市,Taoyuan City,Taiwan,TW,1:34:00,,,,,,5640,0,0,444,0,0,99999,99999,99999,99999,99999,99999,99999,99999,99999,99999,99999,99999,DNF,0
Shih  Kuan,Chen,Shih  Kuan Chen,1303,M50-54,Male,新北市,New Taipei City,Taiwan,TW,1:06:47,,,,,,4007,0,0,266,0,0,99999,99999,99999,99999,99999,99999,99999,99999,99999,99999,99999,99999,DNF,0
Marco,Perrella,Marco Perrella,1286,M45-49,Male,Milano,Milano ,Italy,IT,,,,,,,0,0,0,0,0,0,99999,99999,99999,99999,99999,99999,99999,99999,99999,99999,99999,99999,DNS,0
Kuo-Wei,Li,Kuo-Wei Li,1366,M55-59,Male,高雄市,Kaohsiung City,Taiwan,TW,2:37:20,,,,,,9440,0,0,0,0,0,99999,99999,99999,99999,99999,99999,99999,99999,99999,99999,99999,99999,DNF,0
HO YI,LIN,HO YI LIN,1078,M30-34,Male,Taoyuan,TW-TAO,Taiwan,TW,,,,,,,0,0,0,0,0,0,99999,99999,99999,99999,99999,99999,99999,99999,99999,99999,99999,99999,DNS,0
Thomas,Herrmann,Thomas Herrmann,1180,M40-44,Male,"Taipei, Da-an District",Taipei City,Germany,DE,,,,,,,0,0,0,0,0,0,99999,99999,99999,99999,99999,99999,99999,99999,99999,99999,99999,99999,DNS,0
Ming De,Wang,Ming De Wang,1340,M50-54,Male,羅東鎮,,Taiwan,TW,,,,,,,0,0,0,0,0,0,99999,99999,99999,99999,99999,99999,99999,99999,99999,99999,99999,99999,DNS,0
Hideaki,Nakajima,Hideaki Nakajima,1379,M55-59,Male,Tokyo,,Taiwan,TW,,,,,,,0,0,0,0,0,0,99999,99999,99999,99999,99999,99999,99999,99999,99999,99999,99999,99999,DNS,0
Kaopu,Hsiao,Kaopu Hsiao,1361,M50-54,Male,嘉義市,,Taiwan,TW,1:46:37,8:31:50,,,,,6397,30710,0,601,400,0,99999,99999,99999,99999,99999,99999,99999,99999,99999,99999,99999,99999,DNF,0
Wannathep,Hluvijit,Wannathep Hluvijit,1107,M35-39,Male,真岡市上大沼,,Japan,JP,,,,,,,0,0,0,0,0,0,99999,99999,99999,99999,99999,99999,99999,99999,99999,99999,99999,99999,DNS,0
Ming Tsung,Chen,Ming Tsung Chen,1054,M25-29,Male,新北市,New Taipei City,Taiwan,TW,1:15:50,,,,,,4550,0,0,331,0,0,99999,99999,99999,99999,99999,99999,99999,99999,99999,99999,99999,99999,DNF,0
Suet Fan,Wong,Suet Fan Wong,1033,F40-44,Female,Shatin,Hong Kong,Hong Kong,HK,,,,,,,0,0,0,0,0,0,99999,99999,99999,99999,99999,99999,99999,99999,99999,99999,99999,99999,DNS,0
Kaiyueh,Chen,Kaiyueh Chen,1014,F35-39,Female,高雄市鳳山區,Kaohsiung City,Taiwan,TW,,,,,,,0,0,0,0,0,0,99999,99999,99999,99999,99999,99999,99999,99999,99999,99999,99999,99999,DNF,0
Chiu Lan,Chang,Chiu Lan Chang,1043,F50-54,Female,花蓮市,,Taiwan,TW,,,,,,,0,0,0,0,0,0,99999,99999,99999,99999,99999,99999,99999,99999,99999,99999,99999,99999,DNS,0
Hsikun,Li,Hsikun Li,1228,M45-49,Male,新北市,New Taipei City,Taiwan,TW,1:19:22,7:11:28,6:29:53,,,15:40:24,4762,25888,23393,1288,1092,56424,99999,99999,99999,99999,99999,99999,99999,99999,99999,99999,99999,99999,DNF,0
CHIEN CHUN,WANG,CHIEN CHUN WANG,1395,M65-69,Male,台北市,Taipei City,Taiwan,TW,,,,,,,0,0,0,0,0,0,99999,99999,99999,99999,99999,99999,99999,99999,99999,99999,99999,99999,DNS,0
R.Z.,Chen,R.Z. Chen,1224,M45-49,Male,台北市內湖區,Taipei City,Taiwan,TW,2:14:16,7:04:26,,,,,8056,25466,0,978,728,0,99999,99999,99999,275,249,72,254,230,66,99999,99999,99999,DNF,0
Kevin,Tsao,Kevin Tsao,1368,M55-59,Male,新北市,New Taipei City,Taiwan,TW,2:01:45,,,,,,7305,0,0,654,0,0,99999,99999,99999,99999,99999,99999,99999,99999,99999,99999,99999,99999,DNF,0
Tsung-Hung,Lin,Tsung-Hung Lin,1385,M60-64,Male,New Taipei City,New Taipei City,Taiwan,TW,,,,,,,0,0,0,0,0,0,99999,99999,99999,99999,99999,99999,99999,99999,99999,99999,99999,99999,DNS,0
Yiming,Chang,Yiming Chang,1045,F50-54,Female,台北市,Taipei City,Taiwan,TW,2:33:02,,,,,,9182,0,0,0,0,0,99999,99999,99999,99999,99999,99999,99999,99999,99999,99999,99999,99999,DNF,0
Hung-Chun,Tang,Hung-Chun Tang,1219,M45-49,Male,新北市,New Taipei City,Taiwan,TW,,,,,,,0,0,0,0,0,0,99999,99999,99999,99999,99999,99999,99999,99999,99999,99999,99999,99999,DNS,0
Wan Kwong,Wong,Wan Kwong Wong,1393,M65-69,Male,,,Hong Kong,HK,,,,,,,0,0,0,0,0,0,99999,99999,99999,99999,99999,99999,99999,99999,99999,99999,99999,99999,DNS,0
Chen Ghang,Ting,Chen Ghang Ting,1221,M45-49,Male,花蓮市,,Taiwan,TW,,,,,,,0,0,0,0,0,0,99999,99999,99999,99999,99999,99999,99999,99999,99999,99999,99999,99999,DNS,0
Chunmin,Hsu,Chunmin Hsu,1220,M45-49,Male,New Taipei City,New Taipei City,Taiwan,TW,1:00:51,8:21:08,,,,,3651,30068,0,2229,0,0,99999,99999,99999,99999,99999,99999,99999,99999,99999,99999,99999,99999,DNF,0
Jingting,Liu,Jingting Liu,1003,F25-29,Female,厦门市,福建省厦门市,China,CN,,,,,,,0,0,0,0,0,0,99999,99999,99999,99999,99999,99999,99999,99999,99999,99999,99999,99999,DNS,0
Shen Yen,Hsieh,Shen Yen Hsieh,1111,M35-39,Male,高雄,Kaohsiung City,Taiwan,TW,0:49:24,4:41:19,,,,,2964,16879,0,169,162,0,99999,99999,99999,99999,99999,99999,99999,99999,99999,99999,99999,99999,DNF,0
Tee Yao,Yeo,Tee Yao Yeo,1301,M50-54,Male,Taipei,Taipei City,Singapore,SG,2:19:54,7:26:30,,,,,8394,26790,0,550,461,0,99999,99999,99999,99999,99999,99999,99999,99999,99999,99999,99999,99999,DNF,0
Kun-Chung,Yang,Kun-Chung Yang,1339,M50-54,Male,台北市,Taipei City,Taiwan,TW,,,,,,,0,0,0,0,0,0,99999,99999,99999,99999,99999,99999,99999,99999,99999,99999,99999,99999,DNF,0
KAI CHUNG,WANG,KAI CHUNG WANG,1359,M50-54,Male,台中市,TW-TXG,Taiwan,TW,2:23:14,,,,,,8594,0,0,0,0,0,99999,99999,99999,99999,99999,99999,99999,99999,99999,99999,99999,99999,DNF,0
Hitone,Hoshino,Hitone Hoshino,1050,F65-69,Female,"FUNABORI,EDOGAWA-KU",TOKYO,Japan,JP,,,,,,,0,0,0,0,0,0,99999,99999,99999,99999,99999,99999,99999,99999,99999,99999,99999,99999,DNS,0
Katsuhiko,Yoshida,Katsuhiko Yoshida,1388,M60-64,Male,大阪狭山市ぐみの木2-312,大阪府,Japan,JP,,,,,,,0,0,0,0,0,0,99999,99999,99999,99999,99999,99999,99999,99999,99999,99999,99999,99999,DNS,0
Chia-Ching,Lin,Chia-Ching Lin,1283,M45-49,Male,Luzhu Dist.,TW-TAO,Taiwan,TW,2:22:12,7:42:53,5:47:49,,,16:12:04,8532,27773,20869,771,379,58324,99999,99999,99999,99999,99999,99999,99999,99999,99999,99999,99999,99999,DNF,0
Cola,Hsu,Cola Hsu,1117,M35-39,Male,台中市,Taichung City,Taiwan,TW,,,,,,,0,0,0,0,0,0,99999,99999,99999,99999,99999,99999,99999,99999,99999,99999,99999,99999,DNS,0
Janet,Su,Janet Su,1024,F40-44,Female,三重區,New Taipei City,Taiwan,TW,,,,,,,0,0,0,0,0,0,99999,99999,99999,99999,99999,99999,99999,99999,99999,99999,99999,99999,DNS,0
Liu,Maodi,Liu Maodi,1116,M35-39,Male,Beijing,CN-BJ,China,CN,,,,,,,0,0,0,0,0,0,99999,99999,99999,99999,99999,99999,99999,99999,99999,99999,99999,99999,DNS,0
Chichong,Chen,Chichong Chen,1165,M40-44,Male,Kaohsiung,TW-KHH,Taiwan,TW,1:24:00,6:06:26,,,,,5040,21986,0,289,0,0,99999,99999,99999,99999,99999,99999,99999,99999,99999,99999,99999,99999,DNF,0
Jun Fu,Chen,Jun Fu Chen,1091,M35-39,Male,林內鄉,,Taiwan,TW,,,,,,,0,0,0,0,0,0,99999,99999,99999,99999,99999,99999,99999,99999,99999,99999,99999,99999,DNS,0
PEI LING,LIAU,PEI LING LIAU,1018,F35-39,Female,Taipei,Taipei City,Taiwan,TW,,,,,,,0,0,0,0,0,0,99999,99999,99999,99999,99999,99999,99999,99999,99999,99999,99999,99999,DNS,0
Li-Shan,Lu,Li-Shan Lu,1194,M40-44,Male,新北市,New Taipei City,Taiwan,TW,,,,,,,0,0,0,0,0,0,99999,99999,99999,99999,99999,99999,99999,99999,99999,99999,99999,99999,DNS,0
Chai Shuan,Cheng,Chai Shuan Cheng,1266,M45-49,Male,台北市,Taipei City,Taiwan,TW,,,,,,,0,0,0,0,0,0,99999,99999,99999,99999,99999,99999,99999,99999,99999,99999,99999,99999,DNS,0
Yi Chuan,Chan,Yi Chuan Chan,1134,M35-39,Male,台北市,Taipei City,Taiwan,TW,,,,,,,0,0,0,0,0,0,99999,99999,99999,99999,99999,99999,99999,99999,99999,99999,99999,99999,DNS,0
Fred,Huang,Fred Huang,1074,M30-34,Male,台北市,Taipei City,Taiwan,TW,,,,,,,0,0,0,0,0,0,99999,99999,99999,99999,99999,99999,99999,99999,99999,99999,99999,99999,DNS,0
HAO YUN,KUO,HAO YUN KUO,1231,M45-49,Male,台北市,HI,Taiwan,TW,,,,,,,0,0,0,0,0,0,99999,99999,99999,99999,99999,99999,99999,99999,99999,99999,99999,99999,DNS,0
Mario,Hsu,Mario Hsu,1329,M50-54,Male,信義區,TW-TPE,Taiwan,TW,,,,,,,0,0,0,0,0,0,99999,99999,99999,99999,99999,99999,99999,99999,99999,99999,99999,99999,DNF,0
Vivian,Huang,Vivian Huang,1035,F45-49,Female,台北市,Taipei City,Taiwan,TW,,,,,,,0,0,0,0,0,0,99999,99999,99999,99999,99999,99999,99999,99999,99999,99999,99999,99999,DNF,0
Pin Shu,Hung,Pin Shu Hung,1296,M45-49,Male,高雄市,高雄市,Taiwan,TW,1:32:58,7:55:49,,,,,5578,28549,0,1044,875,0,99999,99999,99999,156,139,42,265,239,69,99999,99999,99999,DNF,0
Chienchung,Chou,Chienchung Chou,1396,M65-69,Male,高雄市鳥松區,Kaohsiung City,Taiwan,TW,,,,,,,0,0,0,0,0,0,99999,99999,99999,99999,99999,99999,99999,99999,99999,99999,99999,99999,DNS,0
Penghsun,Lu,Penghsun Lu,1069,M30-34,Male,台北市,Taipei City,Taiwan,TW,,,,,,,0,0,0,0,0,0,99999,99999,99999,99999,99999,99999,99999,99999,99999,99999,99999,99999,DNS,0
Ting- Chung,Hsu,Ting- Chung Hsu,1226,M45-49,Male,台北市中山區,Taipei City,Taiwan,TW,1:24:52,,,,,,5092,0,0,707,0,0,99999,99999,99999,99999,99999,99999,99999,99999,99999,99999,99999,99999,DNF,0
Chih Ching,Chung,Chih Ching Chung,1346,M50-54,Male,Taichung,TW-TXG,Taiwan,TW,1:22:36,5:47:15,3:42:38,,,11:03:09,4956,20835,13358,304,336,39789,99999,99999,99999,99999,99999,99999,99999,99999,99999,99999,99999,99999,DNF,0
Cheng Hsiung,Yu,Cheng Hsiung Yu,1369,M55-59,Male,花蓮市,,Taiwan,TW,,,,,,,0,0,0,0,0,0,99999,99999,99999,99999,99999,99999,99999,99999,99999,99999,99999,99999,DNS,0
HIROSHI,SAITO,HIROSHI SAITO,1386,M60-64,Male,Sagamihara,JP-14,Japan,JP,,,,,,,0,0,0,0,0,0,99999,99999,99999,99999,99999,99999,99999,99999,99999,99999,99999,99999,DNS,0
Mongyuan,Jyo,Mongyuan Jyo,1120,M35-39,Male,　,NEW TAIPEI,Taiwan,TW,,,,,,,0,0,0,0,0,0,99999,99999,99999,99999,99999,99999,99999,99999,99999,99999,99999,99999,DNS,0
Rambo,Zhou,Rambo Zhou,1331,M50-54,Male,Taichung,Taichung City,Taiwan,TW,2:27:22,,,,,,8842,0,0,0,0,0,99999,99999,99999,99999,99999,99999,99999,99999,99999,99999,99999,99999,DNF,0
CHONG YIE,CHANG,CHONG YIE CHANG,1258,M45-49,Male,Hsinchu City,,Taiwan,TW,,,,,,,0,0,0,0,0,0,99999,99999,99999,99999,99999,99999,99999,99999,99999,99999,99999,99999,DNS,0
YI-CHUN,TSUI,YI-CHUN TSUI,1317,M50-54,Male,Fongshan Dist,TW-KHH,Taiwan,TW,1:31:00,5:41:36,,,,,5460,20496,0,375,178,0,99999,99999,99999,99999,99999,99999,99999,99999,99999,99999,99999,99999,DNF,0
hsieh lin,yun hsien,hsieh lin yun hsien,1031,F40-44,Female,台北市,TW-TPE,Taiwan,TW,1:58:31,,,,,,7111,0,0,0,0,0,99999,99999,99999,99999,99999,99999,99999,99999,99999,99999,99999,99999,DNF,0
Wenlian,Jiang,Wenlian Jiang,1378,M55-59,Male,台北市,TW-TPE,Taiwan,TW,2:30:56,,,,,,9056,0,0,0,0,0,99999,99999,99999,99999,99999,99999,99999,99999,99999,99999,99999,99999,DNF,0
Tang Pan,Lee,Tang Pan Lee,1343,M50-54,Male,三重區,New Taipei City,Taiwan,TW,,,,,,,0,0,0,0,0,0,99999,99999,99999,99999,99999,99999,99999,99999,99999,99999,99999,99999,DNS,0
Hui An,Hsu,Hui An Hsu,1006,F30-34,Female,彰化縣,TW-CHA,Taiwan,TW,,,,,,,0,0,0,0,0,0,99999,99999,99999,99999,99999,99999,99999,99999,99999,99999,99999,99999,DNS,0
Ming Jen,lin,Ming Jen lin,1365,M55-59,Male,新竹市,,Taiwan,TW,,,,,,,0,0,0,0,0,0,99999,99999,99999,99999,99999,99999,99999,99999,99999,99999,99999,99999,DNF,0
SEAN,CHAN,SEAN CHAN,1146,M40-44,Male,新北市/林口區,TW-TNN,Taiwan,TW,,,,,,,0,0,0,0,0,0,99999,99999,99999,99999,99999,99999,99999,99999,99999,99999,99999,99999,DNS,0
Yi Chun,CHEN,Yi Chun CHEN,1044,F50-54,Female,chai-i,,Taiwan,TW,2:10:24,,,,,,7824,0,0,859,0,0,99999,99999,99999,99999,99999,99999,99999,99999,99999,99999,99999,99999,DNF,0
Tomohisa,Sakashita,Tomohisa Sakashita,1356,M50-54,Male,尾道市東御所町,広島県,Japan,JP,,,,,,,0,0,0,0,0,0,99999,99999,99999,99999,99999,99999,99999,99999,99999,99999,99999,99999,DNS,0
CHENG YEN,WANG,CHENG YEN WANG,1155,M40-44,Male,TAICHUNG CITY,TW-TXG,Taiwan,TW,2:37:27,,,,,,9447,0,0,0,0,0,99999,99999,99999,99999,99999,99999,99999,99999,99999,99999,99999,99999,DNF,0
WEI CHANG,TIEN,WEI CHANG TIEN,1276,M45-49,Male,高雄市,TW-KHH,Taiwan,TW,1:26:04,8:58:20,,,,,5164,32300,0,721,680,0,99999,99999,99999,98,91,26,276,249,72,99999,99999,99999,DNF,0
Dan-Feng,Chen,Dan-Feng Chen,1013,F35-39,Female,新竹縣竹北市,AS,Taiwan,TW,,,,,,,0,0,0,0,0,0,99999,99999,99999,99999,99999,99999,99999,99999,99999,99999,99999,99999,DNS,0
Johnson,Tsai,Johnson Tsai,1384,M60-64,Male,新北市汐止區,New Taipei City,Taiwan,TW,,,,,,,0,0,0,0,0,0,99999,99999,99999,99999,99999,99999,99999,99999,99999,99999,99999,99999,DNF,0
Yuichi,Koto,Yuichi Koto,1318,M50-54,Male,Taichung,Taichung City,Japan,JP,,,,,,,0,0,0,0,0,0,99999,99999,99999,99999,99999,99999,99999,99999,99999,99999,99999,99999,DNS,0
Giorgio,Pappalardo,Giorgio Pappalardo,1267,M45-49,Male,Taipei City,Taipei City,Italy,IT,0:58:33,,,,,,3513,0,0,260,0,0,99999,99999,99999,99999,99999,99999,99999,99999,99999,99999,99999,99999,DNF,0
Yunhsiang,Tseng,Yunhsiang Tseng,1377,M55-59,Male,桃園市,Taoyuan City,Taiwan,TW,,,,,,,0,0,0,0,0,0,99999,99999,99999,99999,99999,99999,99999,99999,99999,99999,99999,99999,DNS,0
Tsung Hsin,Chou,Tsung Hsin Chou,1198,M40-44,Male,台南市,TW-TNN,Taiwan,TW,2:28:18,,,,,,8898,0,0,0,0,0,99999,99999,99999,99999,99999,99999,99999,99999,99999,99999,99999,99999,DNF,0
Ai-Lun,Wang,Ai-Lun Wang,1012,F35-39,Female,新北市,New Taipei City,Taiwan,TW,,,,,,,0,0,0,0,0,0,99999,99999,99999,99999,99999,99999,99999,99999,99999,99999,99999,99999,DNS,0
Wen-Po,Tsai,Wen-Po Tsai,1167,M40-44,Male,中壢市,Taoyuan City,Taiwan,TW,2:05:55,,,,,,7555,0,0,860,0,0,99999,99999,99999,99999,99999,99999,99999,99999,99999,99999,99999,99999,DNF,0
Chin-Hung,Tsai,Chin-Hung Tsai,1289,M45-49,Male,新北市,New Taipei City,Taiwan,TW,,,,,,,0,0,0,0,0,0,99999,99999,99999,99999,99999,99999,99999,99999,99999,99999,99999,99999,DNS,0
