FirstName,LastName,FullName,Bib,AgeGroup,Gender,City,State,Country,CountryISO,SwimTime,BikeTime,RunTime,T1Time,T2Time,FinishTime,SwimSeconds,BikeSeconds,RunSeconds,T1Seconds,T2Seconds,FinishSeconds,OverallRank,GenderRank,AgeGroupRank,SwimRankOverall,SwimRankGender,SwimRankGroup,BikeRankOverall,BikeRankGender,BikeRankGroup,RunRankOverall,RunRankGender,RunRankGroup,Status,Points
Jaime,Davies-Campbell,Jaime Davies-Campbell,2004,M25-29,Male,Hamilton,WKO,New Zealand,NZ,0:30:40,2:26:12,1:21:55,,,4:22:03,1840,8772,4915,152,44,15723,1,1,1,3,2,1,2,2,1,1,1,1,Finisher,3500
Donal,Sheehy,Donal Sheehy,2127,M35-39,Male,Dublin,Dublin,Ireland,IE,0:31:26,2:31:24,1:20:05,,,4:26:32,1886,9084,4805,165,52,15992,2,2,1,8,6,2,3,3,2,2,2,1,Finisher,3500
David,WASHBROOK,David WASHBROOK,2038,M35-39,Male,Balgowlah Heights,AU-NSW,United Kingdom,GB,0:28:52,2:25:52,1:36:05,,,4:34:52,1732,8752,5765,190,53,16492,3,3,2,2,1,1,1,1,1,3,3,2,Finisher,3350
Rebecca,Elliott,Rebecca Elliott,2025,F30-34,Female,Wellington,WGN,New Zealand,NZ,0:31:21,2:37:58,1:30:21,,,4:44:01,1881,9478,5421,215,46,17041,4,1,1,6,2,1,6,1,1,4,1,1,Finisher,3500
Alex,Roberts,Alex Roberts,2144,M25-29,Male,,VIC,Australia,AU,0:32:41,2:36:48,1:32:48,,,4:45:28,1961,9408,5568,159,32,17128,5,4,2,13,9,2,5,5,2,5,4,2,Finisher,3078
Walter,Thorburn,Walter Thorburn,2133,M50-54,Male,Auckland,AUK,New Zealand,NZ,0:31:22,2:36:19,1:34:53,,,4:46:55,1882,9379,5693,199,62,17215,6,5,1,7,5,1,4,4,1,6,5,1,Finisher,3500
Devon,Osborne,Devon Osborne,2020,M30-34,Male,Frankston South,VIC,Australia,AU,0:36:00,2:37:00,1:32:45,,,4:50:09,2160,9420,5565,196,68,17409,7,6,1,21,15,3,7,6,1,7,6,1,Finisher,3500
Ash,Matuschka,Ash Matuschka,2019,M30-34,Male,Auckland,AUK,New Zealand,NZ,0:31:44,2:42:02,1:36:50,,,4:55:18,1904,9722,5810,226,56,17718,8,7,2,10,8,2,8,7,2,8,7,2,Finisher,3407
Reuben,Tucker,Reuben Tucker,2059,M40-44,Male,Auckland,,New Zealand,NZ,0:37:42,2:38:27,1:35:24,,,4:56:21,2262,9507,5724,214,74,17781,9,8,1,28,22,4,10,9,2,9,8,1,Finisher,3500
William,Kelsey,William Kelsey,2018,M30-34,Male,Hastings,HKB,New Zealand,NZ,0:41:12,2:47:14,1:27:03,,,4:59:34,2472,10034,5223,193,52,17974,10,9,3,51,38,7,28,23,6,10,9,3,Finisher,3330
Katherine,Reardon,Katherine Reardon,2124,F25-29,Female,Christchurch,CAN,New Zealand,NZ,0:32:18,2:47:54,1:36:44,,,5:01:43,1938,10074,5804,204,83,18103,11,2,1,11,3,1,14,2,1,11,2,1,Finisher,3500
Tim,Brenton-Rule,Tim Brenton-Rule,2092,M50-54,Male,Auckland,AUK,New Zealand,NZ,0:39:49,2:43:01,1:35:51,,,5:04:11,2389,9781,5751,223,107,18251,12,10,2,42,32,6,18,16,5,12,10,2,Finisher,3189
Scott,Cresswell,Scott Cresswell,2048,M40-44,Male,Auckland,AUK,New Zealand,NZ,0:31:21,2:42:49,1:46:04,,,5:05:01,1881,9769,6364,221,66,18301,13,11,2,5,4,1,9,8,1,13,11,2,Finisher,3344
Andrew,Miller,Andrew Miller,2126,M30-34,Male,,NSW,Australia,AU,0:31:29,2:48:46,1:39:40,,,5:05:30,1889,10126,5980,229,106,18330,14,12,4,9,7,1,16,14,3,14,12,4,Finisher,3223
Patrick,Mckenna,Patrick Mckenna,2056,M40-44,Male,Wellington,WGN,New Zealand,NZ,0:47:52,2:43:43,1:28:25,,,5:07:20,2872,9823,5305,318,122,18440,15,13,3,88,63,11,38,31,6,15,13,3,Finisher,3302
Mike,Bond,Mike Bond,2091,M50-54,Male,Hastings,HKB,New Zealand,NZ,0:36:29,2:42:54,1:44:26,,,5:07:39,2189,9774,6266,187,43,18459,16,14,3,24,18,3,13,12,3,16,14,3,Finisher,3126
Iain,Wood,Iain Wood,2084,M45-49,Male,,CAN,New Zealand,NZ,0:41:33,2:43:34,1:37:57,,,5:08:11,2493,9814,5877,230,77,18491,17,15,1,54,41,4,26,21,1,17,15,1,Finisher,3500
Wiremu,Wineera,Wiremu Wineera,2039,M35-39,Male,Porirua,WGN,New Zealand,NZ,0:37:44,2:42:25,1:43:27,,,5:08:36,2264,9745,6207,209,91,18516,18,16,3,29,23,3,15,13,3,18,16,3,Finisher,2742
Brian,Draganic,Brian Draganic,2093,M50-54,Male,Newcastle,AU-NSW,Australia,AU,0:37:54,2:44:22,1:41:15,,,5:09:26,2274,9862,6075,257,98,18566,19,17,4,33,26,4,17,15,4,19,17,4,Finisher,3094
Kevin,Thompson,Kevin Thompson,2099,M50-54,Male,Upper Hutt,NTL,New Zealand,NZ,0:39:32,2:43:23,1:40:33,,,5:09:44,2372,9803,6033,304,72,18584,20,18,5,41,31,5,22,19,6,20,18,5,Finisher,3089
Hayden,Harper,Hayden Harper,2128,M40-44,Male,Wanaka,Otago,New Zealand,NZ,0:33:40,2:43:21,1:50:47,,,5:14:21,2020,9801,6647,256,137,18861,21,19,4,17,11,2,12,11,3,21,19,4,Finisher,3176
Fleur,Bromley,Fleur Bromley,2040,F35-39,Female,taupo,WKO,New Zealand,NZ,0:33:29,3:00:16,1:36:42,,,5:14:57,2009,10816,5802,211,59,18897,22,3,1,15,5,2,39,8,3,22,3,1,Finisher,3500
Brett,Mcphedran,Brett Mcphedran,2142,M35-39,Male,,VIC,Australia,AU,0:44:29,2:49:22,1:35:32,,,5:15:51,2669,10162,5732,253,135,18951,23,20,4,69,50,6,42,33,6,23,20,4,Finisher,2612
Victoria,Wiltshire,Victoria Wiltshire,2027,F30-34,Female,Hamilton,,United Kingdom,GB,0:32:26,2:52:16,1:46:07,,,5:16:27,1946,10336,6367,248,90,18987,24,4,2,12,4,2,25,5,2,24,4,2,Finisher,2916
Mark,Sissons,Mark Sissons,2057,M40-44,Male,Pegasus,CANTERBURY,New Zealand,NZ,0:39:17,2:44:28,1:48:15,,,5:17:01,2357,9868,6495,244,57,19021,25,21,5,40,30,6,20,17,4,25,21,5,Finisher,3128
Anna,Francis,Anna Francis,2043,F35-39,Female,Elwood,VIC,Australia,AU,0:33:35,2:49:25,1:51:51,,,5:20:16,2015,10165,6711,268,57,19216,26,5,2,16,6,3,19,3,1,26,5,2,Finisher,3404
Dave,Scott,Dave Scott,2108,M55-59,Male,Palmerston North,North Island,New Zealand,NZ,0:37:41,2:57:05,1:40:48,,,5:21:09,2261,10625,6048,214,121,19269,27,22,1,27,21,1,43,34,2,27,22,1,Finisher,3500
Brett,Mudgway,Brett Mudgway,2117,M60-64,Male,BURLEIGH HEADS,QLD,New Zealand,NZ,0:39:53,2:44:32,1:51:58,,,5:21:21,2393,9872,6718,229,69,19281,28,23,1,43,33,3,24,20,1,28,23,1,Finisher,3500
Theo,Matsas,Theo Matsas,2077,M45-49,Male,Brighton-le-sands,NSW,Australia,AU,0:53:20,2:38:35,1:42:01,,,5:22:12,3200,9515,6121,367,129,19332,29,24,2,104,73,13,41,32,2,29,24,2,Finisher,3247
Jacquelyn,Foley,Jacquelyn Foley,2042,F35-39,Female,LEESBURG,VA,United States,US,0:28:35,2:56:02,1:54:02,,,5:23:32,1715,10562,6842,212,81,19412,30,6,3,1,1,1,23,4,2,30,6,3,Finisher,3345
Paredes,Alejandro,Paredes Alejandro,2036,M35-39,Male,Auckland,AUK,Chile,CL,0:41:00,2:50:20,1:47:08,,,5:24:18,2460,10220,6428,291,59,19458,31,25,5,50,37,4,35,29,5,31,25,5,Finisher,2460
David,Knowles,David Knowles,2104,M55-59,Male,Auckland,AUK,New Zealand,NZ,0:39:56,2:51:54,1:46:24,,,5:24:26,2396,10314,6384,263,109,19466,32,26,2,44,34,2,36,30,1,32,26,2,Finisher,3440
Phillip,Seys,Phillip Seys,2007,M25-29,Male,Auckland,AUK,New Zealand,NZ,0:35:42,2:55:59,1:48:17,,,5:24:55,2142,10559,6497,229,68,19495,33,27,3,20,14,4,32,27,4,33,27,3,Finisher,2368
Daniel,Dodig,Daniel Dodig,2016,M30-34,Male,Willagee,WA,Croatia,HR,0:36:12,2:50:37,1:54:31,,,5:26:30,2172,10237,6871,220,90,19590,34,28,5,22,16,4,27,22,5,34,28,5,Finisher,2845
Cam,Langsford,Cam Langsford,2053,M40-44,Male,Auckland,AUK,New Zealand,NZ,0:41:35,2:48:33,1:50:48,,,5:27:44,2495,10113,6648,312,96,19664,35,29,6,55,42,8,31,26,5,35,29,6,Finisher,2935
Grant,Clifton,Grant Clifton,2070,M45-49,Male,Tauranga,BOP,New Zealand,NZ,0:47:00,2:52:01,1:44:44,,,5:29:24,2820,10321,6284,280,59,19764,36,30,3,83,59,8,52,43,5,36,30,3,Finisher,3118
John,Read,John Read,2118,M60-64,Male,Tauranga,BOP,New Zealand,NZ,0:39:15,2:55:52,1:49:28,,,5:30:31,2355,10552,6568,261,95,19831,37,31,2,39,29,2,47,38,3,37,31,2,Finisher,3335
Todd,Sisson,Todd Sisson,2097,M50-54,Male,Hamilton,WKO,New Zealand,NZ,0:46:49,3:02:30,1:37:16,,,5:31:49,2809,10950,5836,263,51,19909,38,32,6,82,58,11,67,57,9,38,32,6,Finisher,2691
Luckie,Kevin,Luckie Kevin,2116,M60-64,Male,Paeroa,WKO,New Zealand,NZ,0:45:47,2:47:08,1:52:15,,,5:32:46,2747,10028,6735,335,121,19966,39,33,3,79,55,5,44,35,2,39,33,3,Finisher,3294
Raffael,Costa,Raffael Costa,2071,M45-49,Male,NEWTOWN,VIC,Australia,AU,0:50:18,2:53:03,1:44:09,,,5:34:02,3018,10383,6249,325,67,20042,40,34,4,96,68,9,57,48,6,40,34,4,Finisher,3034
Tracey,Kelsey,Tracey Kelsey,2023,F30-34,Female,Hastings,HKB,New Zealand,NZ,0:38:55,2:55:01,1:56:50,,,5:35:20,2335,10501,7010,211,63,20120,41,7,3,38,10,4,40,9,3,41,7,3,Finisher,2576
Greg,Spierings,Greg Spierings,2079,M45-49,Male,Harkaway,VIC,Australia,AU,0:42:17,3:00:49,1:43:33,,,5:35:29,2537,10849,6213,343,187,20129,42,35,5,61,45,5,58,49,7,42,35,5,Finisher,3008
Madison,Taylor,Madison Taylor,2012,F25-29,Female,,,Australia,AU,0:37:51,2:54:13,1:58:52,,,5:35:36,2271,10453,7132,209,71,20136,43,8,2,31,7,2,33,6,2,43,8,2,Finisher,2890
Richard,Stieller,Richard Stieller,2021,M30-34,Male,Hawera,TKI,New Zealand,NZ,0:37:54,2:44:48,2:05:31,,,5:35:44,2274,9888,7531,313,138,20144,44,36,6,32,25,6,21,18,4,44,36,6,Finisher,2679
Brent,Stieller,Brent Stieller,2098,M50-54,Male,Stratford,TKI,New Zealand,NZ,0:43:09,3:03:26,1:43:10,,,5:36:26,2589,11006,6190,295,106,20186,45,37,7,65,46,9,62,53,8,45,37,7,Finisher,2608
Mike,Lynch,Mike Lynch,2105,M55-59,Male,Porirua ,WGN,New Zealand,NZ,0:55:32,2:45:26,1:48:20,,,5:37:05,3332,9926,6500,327,140,20225,46,38,3,110,78,5,54,45,3,46,38,3,Finisher,3213
Andrew,Walsh,Andrew Walsh,2009,M25-29,Male,Auckland,AUK,New Zealand,NZ,0:42:12,2:49:53,2:00:43,,,5:37:28,2532,10193,7243,223,57,20248,47,39,4,60,44,5,34,28,5,47,39,4,Finisher,2142
Warrick,Jones,Warrick Jones,2075,M45-49,Male,Auckland,AUK,New Zealand,NZ,0:46:41,3:01:13,1:44:54,,,5:38:08,2801,10873,6294,253,67,20288,48,40,6,81,57,7,64,55,9,48,40,6,Finisher,2960
Paul,Berry,Paul Berry,2137,M65-69,Male,,AUK,New Zealand,NZ,0:47:20,2:59:08,1:43:39,,,5:38:43,2840,10748,6219,352,164,20323,49,41,1,85,61,2,65,56,1,49,41,1,Finisher,3500
Brent,Mckay,Brent Mckay,2078,M45-49,Male,Mount Maunganui,BOP,New Zealand,NZ,0:37:18,2:59:14,1:58:17,,,5:40:17,2238,10754,7097,250,78,20417,50,42,7,25,19,3,51,42,4,50,42,7,Finisher,2922
Sarah,Walker,Sarah Walker,2090,F45-49,Female,Ngaruawahia,NZ,New Zealand,NZ,0:38:21,2:53:41,2:05:11,,,5:42:33,2301,10421,7511,260,60,20553,51,9,1,35,8,1,37,7,1,51,9,1,Finisher,3500
Hernan,Loureiro,Hernan Loureiro,2035,M35-39,Male,Auckland,AUK,Argentina,AR,0:44:12,3:03:10,1:49:36,,,5:42:58,2652,10990,6576,248,112,20578,52,43,6,68,49,5,63,54,9,52,43,6,Finisher,2124
Christine,Mckinlay,Christine Mckinlay,2061,F40-44,Female,Christchurch,CAN,New Zealand,NZ,0:42:58,3:04:00,1:49:50,,,5:44:01,2578,11040,6590,342,91,20641,53,10,1,63,18,2,66,10,1,53,10,1,Finisher,3500
Warwick,Catchpole,Warwick Catchpole,2069,M45-49,Male,,,New Zealand,NZ,0:43:39,2:49:36,2:04:19,,,5:44:31,2619,10176,7459,318,99,20671,54,44,8,67,48,6,45,36,3,54,44,8,Finisher,2846
Kent,Daysh,Kent Daysh,2049,M45-49,Male,Pahiatua,MWT,New Zealand,NZ,0:57:47,2:51:10,1:50:24,,,5:45:13,3467,10270,6624,299,53,20713,55,45,9,116,83,16,68,58,10,55,45,9,Finisher,2833
Daniel,Horton,Daniel Horton,2034,M35-39,Male,Feilding,MWT,New Zealand,NZ,0:49:00,2:45:59,2:03:44,,,5:45:13,2940,9959,7424,286,104,20713,56,46,7,92,66,9,49,40,8,56,46,7,Finisher,2083
Logan,Cowdell,Logan Cowdell,2047,M40-44,Male,Wellington,WGN,New Zealand,NZ,0:36:24,3:03:23,2:00:30,,,5:46:13,2184,11003,7230,282,74,20773,57,47,7,23,17,3,53,44,7,57,47,7,Finisher,2602
Ellen,Waterman,Ellen Waterman,2125,F25-29,Female,Erskineville,NSW,Australia,AU,0:42:18,3:09:22,1:50:29,,,5:48:42,2538,11362,6629,299,94,20922,58,11,3,62,17,4,73,14,3,58,11,3,Finisher,2654
Hiroshi,Sakai,Hiroshi Sakai,2096,M50-54,Male,"Kichijoji-Kitamachi, Musashino-City",Tokyo,Japan,JP,0:40:02,3:03:43,2:01:45,,,5:52:05,2402,11023,7305,307,88,21125,59,48,8,46,35,7,59,50,7,59,48,8,Finisher,2327
Danielle,Audino,Danielle Audino,2000,F18-24,Female,SEATTLE,WA,United States,US,0:39:57,3:10:04,1:55:10,,,5:52:44,2397,11404,6910,298,155,21164,60,12,1,45,11,1,70,12,1,60,12,1,Finisher,3500
Damon,Clark,Damon Clark,2046,M40-44,Male,Pakuranga,AUK,New Zealand,NZ,0:45:12,2:58:28,2:03:36,,,5:53:27,2712,10708,7416,274,97,21207,61,49,8,75,52,9,56,47,8,61,49,8,Finisher,2472
Brendan,Wharehoka,Brendan Wharehoka,2082,M45-49,Male,Porirua,WGN,New Zealand,NZ,0:51:40,2:55:39,1:56:08,,,5:55:03,3100,10539,6968,549,147,21303,62,50,10,101,72,12,71,59,11,62,50,10,Finisher,2656
Michele,Allison,Michele Allison,2136,F60-64,Female,Wellington,AU-NSW,New Zealand,NZ,0:41:48,3:12:06,1:54:40,,,5:55:44,2508,11526,6880,339,91,21344,63,13,1,57,15,1,78,18,1,63,13,1,Finisher,3500
Amy,Ryan,Amy Ryan,2044,F35-39,Female,Mayfeild,AU-NSW,Australia,AU,0:51:07,3:01:10,1:57:09,,,5:55:54,3067,10870,7029,308,80,21354,64,14,4,100,29,5,75,16,4,64,14,4,Finisher,2762
Lewis,Tasker,Lewis Tasker,2008,M25-29,Male,Hamilton,WKO,New Zealand,NZ,0:32:54,2:56:13,2:22:12,,,5:56:54,1974,10573,8532,240,95,21414,65,51,5,14,10,3,29,24,3,65,51,5,Finisher,1792
Francis,Tan,Francis Tan,2022,M30-34,Male,,,Singapore,SG,0:41:22,2:53:02,2:15:28,,,5:56:56,2482,10382,8128,331,93,21416,66,52,7,52,39,8,50,41,8,66,52,7,Finisher,2297
Chris,Ryan,Chris Ryan,2107,M55-59,Male,Mount Maunganui,BOP,New Zealand,NZ,0:44:57,3:00:30,2:06:00,,,5:57:32,2697,10830,7560,296,69,21452,67,53,4,73,51,3,60,51,5,67,53,4,Finisher,2845
Anna,Dickinson,Anna Dickinson,2041,F35-39,Female,Hamilton,WKO,New Zealand,NZ,0:41:58,3:13:15,1:57:31,,,5:58:25,2518,11595,7051,262,79,21505,68,15,5,58,16,4,79,19,5,68,15,5,Finisher,2717
Pernille,Fletcher,Pernille Fletcher,2130,F40-44,Female,Taupo,North Island,New Zealand,NZ,0:52:33,2:58:14,1:55:57,,,5:59:02,3153,10694,6957,388,350,21542,69,16,2,102,30,6,74,15,3,69,16,2,Finisher,3229
Carrie,Murdoch,Carrie Murdoch,2062,F40-44,Female,Wellington,WGN,New Zealand,NZ,0:40:05,3:11:53,2:01:28,,,6:00:28,2405,11513,7288,280,142,21628,70,17,3,47,12,1,72,13,2,70,17,3,Finisher,3203
Mark,Williams,Mark Williams,2083,M50-54,Male,New Plymouth,TKI,New Zealand,NZ,0:43:26,3:18:04,1:50:52,,,6:01:02,2606,11884,6652,336,184,21662,71,54,9,66,47,10,86,66,10,71,54,9,Finisher,2165
Daniel,Gray,Daniel Gray,2073,M45-49,Male,Wellington,WGN,New Zealand,NZ,0:35:18,3:07:50,2:08:03,,,6:01:53,2118,11270,7683,447,195,21713,72,55,11,18,12,2,61,52,8,72,55,11,Finisher,2533
Gareth,Green,Gareth Green,2051,M40-44,Male,Taupo,WKO,New Zealand,NZ,0:50:17,3:04:01,1:59:17,,,6:02:13,3017,11041,7157,363,155,21733,73,56,9,95,67,12,80,61,10,73,56,9,Finisher,2314
Sarah,Good,Sarah Good,2010,F25-29,Female,Uruti,AUC,New Zealand,NZ,0:41:48,3:12:55,2:02:29,,,6:02:42,2508,11575,7349,264,66,21762,74,18,4,56,14,3,77,17,4,74,18,4,Finisher,2402
Hayden,Goldsack,Hayden Goldsack,2050,M40-44,Male,Tauranga,BOP,New Zealand,NZ,0:57:41,2:59:17,1:59:15,,,6:02:54,3461,10757,7155,261,140,21774,75,57,10,115,82,15,81,62,11,75,57,10,Finisher,2302
Glenn,Shortland,Glenn Shortland,2110,M55-59,Male,Auckland,AUK,New Zealand,NZ,0:47:34,2:53:22,2:14:47,,,6:03:28,2854,10402,8087,334,131,21808,76,58,5,87,62,4,55,46,4,76,58,5,Finisher,2738
Melissa,Conder,Melissa Conder,2024,F30-34,Female,Christchurch,CAN,New Zealand,NZ,0:53:14,3:08:58,1:52:17,,,6:03:55,3194,11338,6737,381,185,21835,77,19,4,103,31,5,88,21,5,77,19,4,Finisher,2061
Michael,Buenaflor,Michael Buenaflor,2145,M35-39,Male,Waitakere,AUK,Australia,AU,0:48:04,2:46:11,2:24:14,,,6:06:28,2884,9971,8654,316,163,21988,78,59,8,89,64,8,48,39,7,78,59,8,Finisher,1701
Tony,Manson,Tony Manson,2106,M55-59,Male,Auckland,AUK,New Zealand,NZ,1:07:40,3:02:08,1:50:11,,,6:06:34,4060,10928,6611,290,105,21994,79,60,6,125,91,6,95,72,6,79,60,6,Finisher,2682
Chris,Arnold,Chris Arnold,2014,M30-34,Male,Auckland,AUK,New Zealand,NZ,0:37:36,2:57:10,2:31:42,,,6:11:55,2256,10630,9102,268,59,22315,80,61,8,26,20,5,46,37,7,80,61,8,Finisher,2028
Waitohu,Ngarewa,Waitohu Ngarewa,2003,F18-24,Female,Patea,TKI,New Zealand,NZ,0:44:56,3:37:22,1:49:53,,,6:18:51,2696,13042,6593,271,129,22731,81,20,2,72,22,4,105,26,3,81,20,2,Finisher,3029
Zak,Abdullah,Zak Abdullah,2028,M35-39,Male,Christchurch,CAN,New Zealand,NZ,0:59:53,3:00:54,2:11:29,,,6:20:27,3593,10854,7889,407,84,22827,82,62,9,117,84,10,87,67,10,82,62,9,Finisher,1449
Nicky,Thomas,Nicky Thomas,2065,F40-44,Female,AKL,AUK,New Zealand,NZ,0:48:50,3:16:26,2:07:11,,,6:21:25,2930,11786,7631,326,212,22885,83,21,4,91,26,4,89,22,4,83,21,4,Finisher,2826
Wayne,Regan,Wayne Regan,2095,M50-54,Male,Wellington,WGN,New Zealand,NZ,0:48:48,3:19:06,2:06:49,,,6:23:42,2928,11946,7609,385,154,23022,84,63,10,90,65,12,94,71,12,84,63,10,Finisher,1757
Hayden,Buckley,Hayden Buckley,2015,M30-34,Male,Auckland,AUK,New Zealand,NZ,0:45:14,3:22:05,2:09:39,,,6:25:07,2714,12125,7779,372,117,23107,85,64,9,76,53,9,92,69,9,85,64,9,Finisher,1790
Michael,Stone,Michael Stone,2080,M45-49,Male,Boulder,CO,United States,US,0:54:01,3:20:29,2:01:13,,,6:31:30,3241,12029,7273,657,290,23490,86,65,12,108,76,14,103,78,15,86,65,12,Finisher,2000
Dean,Southey,Dean Southey,2058,M40-44,Male,Taupo,WKO,New Zealand,NZ,0:40:24,3:11:13,2:30:54,,,6:31:42,2424,11473,9054,364,187,23502,87,66,11,49,36,7,76,60,9,87,66,11,Finisher,1783
Isobel,Gibson,Isobel Gibson,2087,F45-49,Female,Hamilton,,New Zealand,NZ,0:43:06,3:14:44,2:22:53,,,6:31:53,2586,11684,8573,517,153,23513,88,22,2,64,19,2,85,20,2,88,22,2,Finisher,2612
Lauren,Hann,Lauren Hann,2140,F60-64,Female,,VIC,Australia,AU,0:45:46,3:41:40,2:02:22,,,6:37:08,2746,13300,7342,350,90,23828,89,23,2,78,24,2,112,30,2,89,23,2,Finisher,2754
Dan,Kalifa,Dan Kalifa,2052,M40-44,Male,South Melbourne,VIC,Australia,AU,0:56:50,3:15:23,2:16:26,,,6:38:09,3410,11723,8186,425,145,23889,90,67,12,113,80,14,99,75,14,90,67,12,Finisher,1667
Kingi,Smiler,Kingi Smiler,2120,M65-69,Male,Wellington,WGN,New Zealand,NZ,0:38:18,3:18:05,2:32:36,,,6:38:23,2298,11885,9156,408,156,23903,91,68,2,34,27,1,83,64,2,91,68,2,Finisher,2426
Mike,Jones,Mike Jones,2132,M50-54,Male,"Takapuna, Auckland",AUK,New Zealand,NZ,0:42:06,3:25:18,2:22:58,,,6:39:20,2526,12318,8578,413,125,23960,92,69,11,59,43,8,93,70,11,92,69,11,Finisher,1476
Vicki,Reardon,Vicki Reardon,2135,F55-59,Female,Taupo,WKO,New Zealand,NZ,0:47:33,3:20:24,2:26:56,,,6:42:06,2853,12024,8816,322,111,24126,93,24,1,86,25,1,91,23,1,93,24,1,Finisher,3500
Elizabeth,Lee,Elizabeth Lee,2002,F18-24,Female,Wellington,,New Zealand,NZ,0:44:47,3:25:31,2:25:59,,,6:42:39,2687,12331,8759,311,71,24159,94,25,3,70,20,3,96,24,2,94,25,3,Finisher,2601
Jacki,Vanderhorst,Jacki Vanderhorst,2067,F40-44,Female,Ormiston,QLD,Australia,AU,0:45:07,3:31:09,2:20:32,,,6:45:20,2707,12669,8432,389,123,24320,95,26,5,74,23,3,101,25,5,95,26,5,Finisher,2396
Brent,Matthews,Brent Matthews,2055,M40-44,Male,Glanville,SA,Australia,AU,1:07:03,3:20:08,2:13:43,,,6:48:12,4023,12008,8023,282,156,24492,96,70,13,124,90,16,111,82,15,96,70,13,Finisher,1486
Thomas,Payne,Thomas Payne,2006,M25-29,Male,Randwick,NSW,Australia,AU,0:47:02,3:33:11,2:21:05,,,6:48:54,2822,12791,8465,341,115,24534,97,71,6,84,60,6,104,79,6,97,71,6,Finisher,856
Grant,Tyrrell,Grant Tyrrell,2129,M40-44,Male,,CAN,New Zealand,NZ,0:38:51,3:17:23,2:44:55,,,6:51:38,2331,11843,9895,388,241,24698,98,72,14,36,28,5,82,63,12,98,72,14,Finisher,1424
George,Massingham,George Massingham,2054,M40-44,Male,Hawkes Bay,HKB,New Zealand,NZ,0:53:28,3:19:42,2:34:42,,,6:55:57,3208,11982,9282,322,163,24957,99,73,15,106,75,13,98,74,13,99,73,15,Finisher,1347
Dave,Dwan,Dave Dwan,2115,M60-64,Male,Pegasus,South Island,New Zealand,NZ,0:41:32,3:23:01,2:44:10,,,6:58:54,2492,12181,9850,470,141,25134,100,74,4,53,40,4,90,68,4,100,74,4,Finisher,1744
Porscha,Pearce,Porscha Pearce,2063,F40-44,Female,Tauranga,BOP,New Zealand,NZ,0:49:43,3:34:43,2:27:16,,,7:01:24,2983,12883,8836,369,213,25284,101,27,6,94,28,5,110,29,6,101,27,6,Finisher,2107
Sarah Lee,Grimes,Sarah Lee Grimes,2088,F45-49,Female,,OTA,New Zealand,NZ,0:53:35,3:56:11,2:05:17,,,7:03:03,3215,14171,7517,366,114,25383,102,28,3,107,32,4,119,34,4,102,28,3,Finisher,2051
Andre,Van Der Walt,Andre Van Der Walt,2081,M45-49,Male,Porirua,WGN,New Zealand,NZ,0:31:01,3:38:59,2:44:41,,,7:03:51,1861,13139,9881,393,157,25431,103,75,13,4,3,1,97,73,13,103,75,13,Finisher,1418
Michael,Lee,Michael Lee,2094,M50-54,Male,Lower Hutt,WGN,New Zealand,NZ,0:56:54,3:18:24,2:37:53,,,7:05:07,3414,11904,9473,532,184,25507,104,76,12,114,81,13,102,77,13,104,76,12,Finisher,1012
Alison,Blyth,Alison Blyth,2085,F45-49,Female,Mount Lofty,QLD,Australia,AU,0:49:41,3:32:30,2:38:00,,,7:11:00,2981,12750,9480,419,230,25860,105,29,4,93,27,3,108,28,3,105,29,4,Finisher,1907
Maria,Jones,Maria Jones,2103,F50-54,Female,Arrowtown,,New Zealand,NZ,0:44:52,3:36:39,2:45:25,,,7:16:09,2692,12999,9925,435,118,26169,106,30,1,71,21,1,106,27,1,106,30,1,Finisher,3500
Lok Yi Annie,Chan,Lok Yi Annie Chan,2001,F18-24,Female,,,Hong Kong,HK,0:40:23,3:54:49,2:36:09,,,7:17:35,2423,14089,9369,298,76,26255,107,31,4,48,13,2,115,31,4,107,31,4,Finisher,1972
Richard,Sweetman,Richard Sweetman,2141,M70-74,Male,Tauranga,BOP,Australia,AU,0:56:25,3:39:45,2:33:22,,,7:18:37,3385,13185,9202,402,143,26317,108,77,1,112,79,2,116,85,2,108,77,1,Finisher,3500
Katie,Black,Katie Black,2101,F50-54,Female,New Plymouth,TKI,New Zealand,NZ,0:56:16,3:44:34,2:33:17,,,7:27:41,3376,13474,9197,419,395,26861,109,32,2,111,33,2,117,32,2,109,32,2,Finisher,3292
Charles,Hwang,Charles Hwang,2017,M30-34,Male,Selwyn,CAN,South Korea,KR,1:02:27,3:20:40,2:52:28,,,7:28:42,3747,12040,10348,636,151,26922,110,78,10,119,86,10,113,83,10,110,78,10,Finisher,700
Alastair,Duhs,Alastair Duhs,2072,M45-49,Male,Auckland,,New Zealand,NZ,0:50:24,3:41:59,2:47:36,,,7:31:46,3024,13319,10056,454,253,27106,111,79,14,97,69,10,114,84,16,111,79,14,Finisher,915
Les,Mcgrath,Les Mcgrath,2121,M70-74,Male,Warrnambool,VIC,Australia,AU,0:50:52,3:29:22,3:16:13,,,7:48:30,3052,12562,11773,527,196,28110,112,80,2,99,71,1,107,80,1,112,80,2,Finisher,2962
Craig,Dent,Craig Dent,2119,M60-64,Male,New Plymouth,TKI,New Zealand,NZ,0:37:45,3:44:21,3:19:41,,,7:52:42,2265,13461,11981,436,219,28362,113,81,5,30,24,1,109,81,5,113,81,5,Finisher,775
James,Robb,James Robb,2037,M35-39,Male,,,Singapore,SG,1:00:43,3:49:18,2:47:17,,,7:54:34,3643,13758,10037,567,469,28474,114,82,10,118,85,11,120,86,11,114,82,10,Finisher,700
Carol,Cunningham,Carol Cunningham,2102,F50-54,Female,Whitby,ON,Canada,CA,1:05:42,3:38:39,2:58:19,,,7:57:28,3942,13119,10699,648,240,28648,115,33,3,121,34,3,118,33,3,115,33,3,Finisher,2756
Rod,Allan,Rod Allan,2068,M45-49,Male,Ponsonby,AUK,New Zealand,NZ,,,,,,,3030,11340,0,354,199,0,99999,99999,99999,98,70,11,84,65,12,99999,99999,99999,DNF,0
Neil,Fleming,Neil Fleming,2138,M80-84,Male,TAUPO,WKO,New Zealand,NZ,,,,,,,0,0,0,0,0,0,99999,99999,99999,99999,99999,99999,99999,99999,99999,99999,99999,99999,DNS,0
Grant,Gaston,Grant Gaston,2143,M45-49,Male,,VIC,Australia,AU,,,,,,,0,0,0,0,0,0,99999,99999,99999,99999,99999,99999,99999,99999,99999,99999,99999,99999,DNS,0
Troy,Turner,Troy Turner,2060,M40-44,Male,Lower Hutt,WGN,New Zealand,NZ,,,,,,,2790,0,0,269,0,0,99999,99999,99999,80,56,10,99999,99999,99999,99999,99999,99999,DNF,0
Matt,Poland,Matt Poland,2131,M45-49,Male,Upper Hutt,WGN,New Zealand,NZ,,,,,,,3263,12113,0,325,0,0,99999,99999,99999,109,77,15,100,76,14,99999,99999,99999,DNF,0
Garth,Barfoot,Garth Barfoot,2123,M80-84,Male,,AUK,New Zealand,NZ,,,,,,,3999,14269,0,592,323,0,99999,99999,99999,123,89,1,122,88,1,99999,99999,99999,DNF,0
Andrew,Stripp,Andrew Stripp,2111,M55-59,Male,brighton,VIC,Australia,AU,,,,,,,0,0,0,0,0,0,99999,99999,99999,99999,99999,99999,99999,99999,99999,99999,99999,99999,DNS,0
Susan,O'Brien,Susan O'Brien,2026,F30-34,Female,Wellington,WGN,New Zealand,NZ,,,,,,,2333,11514,0,250,93,0,99999,99999,99999,37,9,3,69,11,4,99999,99999,99999,DNF,0
Toby,Adams,Toby Adams,2045,M40-44,Male,Paeroa,WKO,New Zealand,NZ,,,,,,,0,0,0,0,0,0,99999,99999,99999,99999,99999,99999,99999,99999,99999,99999,99999,99999,DNS,0
Andrew,Whitford,Andrew Whitford,2134,M50-54,Male,Taupo,WKO,New Zealand,NZ,,,,,,,2141,9627,0,247,0,0,99999,99999,99999,19,13,2,11,10,2,99999,99999,99999,DNF,0
Evelyn,Phang,Evelyn Phang,2089,F45-49,Female,,,Singapore,SG,,,,,,,0,0,0,0,0,0,99999,99999,99999,99999,99999,99999,99999,99999,99999,99999,99999,99999,DNS,0
Saul,Keens,Saul Keens,2076,M45-49,Male,dubai,Dubai,United Kingdom,GB,,,,,,,0,0,0,0,0,0,99999,99999,99999,99999,99999,99999,99999,99999,99999,99999,99999,99999,DNS,0
Michael,Higgins,Michael Higgins,2033,M35-39,Male,Rotorua,BOP,Ireland,IE,,,,,,,0,0,0,0,0,0,99999,99999,99999,99999,99999,99999,99999,99999,99999,99999,99999,99999,DNS,0
Yoshimori,Hirai,Yoshimori Hirai,2122,M75-79,Male,Chiba,JP-12,Japan,JP,,,,,,,3205,14787,0,676,312,0,99999,99999,99999,105,74,1,121,87,1,99999,99999,99999,DNF,0
Joey,Ali,Joey Ali,2029,M35-39,Male,,QLD,Australia,AU,,,,,,,2716,9865,0,268,160,0,99999,99999,99999,77,54,7,30,25,4,99999,99999,99999,DNF,0
Yau Kit,Au,Yau Kit Au,2114,M60-64,Male,,,Hong Kong,HK,,,,,,,3894,0,0,781,0,0,99999,99999,99999,120,87,6,99999,99999,99999,99999,99999,99999,DNF,0
Donna,Distant,Donna Distant,2086,F45-49,Female,,,Singapore,SG,,,,,,,0,0,0,0,0,0,99999,99999,99999,99999,99999,99999,99999,99999,99999,99999,99999,99999,DNS,0
Warren,Ginige,Warren Ginige,2005,M25-29,Male,Auckland,AUK,New Zealand,NZ,,,,,,,3979,0,0,358,0,0,99999,99999,99999,122,88,7,99999,99999,99999,99999,99999,99999,DNF,0
Syed,Shamsuddoha,Syed Shamsuddoha,2109,M55-59,Male,Wellington,WGN,Bangladesh,BD,,,,,,,0,0,0,0,0,0,99999,99999,99999,99999,99999,99999,99999,99999,99999,99999,99999,99999,DNS,0
Marsam,Amigo,Marsam Amigo,2013,M30-34,Male,North Shore,AUK,Philippines,PH,,,,,,,0,0,0,0,0,0,99999,99999,99999,99999,99999,99999,99999,99999,99999,99999,99999,99999,DNS,0
Louise,Rickard,Louise Rickard,2113,F55-59,Female,Pomare,BOP,New Zealand,NZ,,,,,,,4670,0,0,0,0,0,99999,99999,99999,126,35,2,99999,99999,99999,99999,99999,99999,DNF,0
Darren,Hatty,Darren Hatty,2074,M45-49,Male,Yarraville,VIC,Australia,AU,,,,,,,0,0,0,0,0,0,99999,99999,99999,99999,99999,99999,99999,99999,99999,99999,99999,99999,DNS,0
