FirstName,LastName,FullName,Bib,AgeGroup,Gender,City,State,Country,CountryISO,SwimTime,BikeTime,RunTime,T1Time,T2Time,FinishTime,SwimSeconds,BikeSeconds,RunSeconds,T1Seconds,T2Seconds,FinishSeconds,OverallRank,GenderRank,AgeGroupRank,SwimRankOverall,SwimRankGender,SwimRankGroup,BikeRankOverall,BikeRankGender,BikeRankGroup,RunRankOverall,RunRankGender,RunRankGroup,Status,Points
Charles,Legget,Charles Legget,1502,M30-34,Male,Caringbah South,NSW,United Kingdom,GB,0:29:17,2:15:13,1:24:30,,,4:12:30,1757,8113,5070,153,57,15150,1,1,1,11,8,1,3,3,1,1,1,1,Finisher,3500
Sam,Colvin,Sam Colvin,1503,M25-29,Male,Mullaloo,WA,Australia,AU,0:29:45,2:14:34,1:27:16,,,4:15:24,1785,8074,5236,177,52,15324,2,2,1,14,10,5,4,4,2,2,2,1,Finisher,3500
Finn,Nugent,Finn Nugent,1570,M18-24,Male,London,,United Kingdom,GB,0:27:14,2:20:25,1:24:35,,,4:16:15,1634,8425,5075,170,71,15375,3,3,1,2,2,1,6,6,1,3,3,1,Finisher,3500
Mats,Allen,Mats Allen,1537,M25-29,Male,Santa Cruz,CA,United States,US,0:27:34,2:19:31,1:28:27,,,4:20:13,1654,8371,5307,200,81,15613,4,4,2,6,5,1,5,5,3,4,4,2,Finisher,3413
Matthew,Brown,Matthew Brown,1609,M25-29,Male,Auckland,AUK,United Kingdom,GB,0:28:01,2:14:11,1:36:00,,,4:22:02,1681,8051,5760,185,45,15722,5,5,3,7,6,2,2,2,1,5,5,3,Finisher,3380
Gregory,Bassam,Gregory Bassam,1666,M30-34,Male,Tauranga,BOP,United Kingdom,GB,0:30:50,2:17:47,1:30:23,,,4:23:06,1850,8267,5423,179,67,15786,6,6,2,26,20,3,7,7,2,6,6,2,Finisher,3309
Joseph,Rebouillat,Joseph Rebouillat,1739,M35-39,Male,Metabief,,France,FR,0:25:31,2:30:30,1:28:41,,,4:28:14,1531,9030,5321,173,39,16094,7,7,1,1,1,1,17,17,3,7,7,1,Finisher,3500
Josh,Barnett,Josh Barnett,1783,M40-44,Male,Whanganui,MWT,New Zealand,NZ,0:30:42,2:21:29,1:32:28,,,4:28:38,1842,8489,5548,188,51,16118,8,8,1,20,15,1,10,10,1,8,8,1,Finisher,3500
Andy,De Sousa,Andy De Sousa,1501,M30-34,Male,Madrid,,Venezuela,VE,0:31:46,2:21:58,1:31:39,,,4:30:13,1906,8518,5499,214,76,16213,9,9,3,34,27,4,13,13,3,9,9,3,Finisher,3181
Stefan,Fesenbeck,Stefan Fesenbeck,1727,M35-39,Male,Karlsruhe,,Germany,DE,0:32:30,2:21:42,1:31:40,,,4:31:29,1950,8502,5500,213,124,16289,10,10,2,40,33,5,15,15,2,10,10,2,Finisher,3441
Rob,Pouw,Rob Pouw,1661,M30-34,Male,San Rafael,CA,Netherlands,NL,0:32:45,2:24:59,1:30:17,,,4:31:59,1965,8699,5417,188,50,16319,11,11,4,46,38,5,22,21,4,11,11,4,Finisher,3149
Madi,Roberts,Madi Roberts,1545,F18-24,Female,,QLD,Australia,AU,0:29:41,2:26:04,1:32:34,,,4:32:17,1781,8764,5554,194,44,16337,12,1,1,12,4,1,18,1,1,12,1,1,Finisher,3500
Suresh,Muthukumaraswamy,Suresh Muthukumaraswamy,1737,M35-39,Male,Auckland,AUK,New Zealand,NZ,0:37:29,2:16:23,1:35:02,,,4:33:36,2249,8183,5702,211,71,16416,13,12,3,141,100,20,14,14,1,13,12,3,Finisher,3403
Reuben,Tucker,Reuben Tucker,1510,M40-44,Male,Auckland,,New Zealand,NZ,0:32:24,2:22:36,1:34:18,,,4:33:45,1944,8556,5658,204,63,16425,14,13,2,39,32,3,16,16,3,14,13,2,Finisher,3407
Chris,Braithwaite,Chris Braithwaite,1528,M40-44,Male,Auckland,AUK,New Zealand,NZ,0:30:50,2:21:54,1:36:42,,,4:34:04,1850,8514,5802,196,82,16444,15,14,3,26,20,2,12,12,2,15,14,3,Finisher,3402
Kevin,Stanley-Hunt,Kevin Stanley-Hunt,1530,M45-49,Male,Auckland,AUK,New Zealand,NZ,0:30:45,2:21:07,1:37:51,,,4:34:20,1845,8467,5871,203,74,16460,16,15,1,21,16,4,9,9,2,16,15,1,Finisher,3500
Caleb,Kennedy,Caleb Kennedy,1622,M25-29,Male,London,London,New Zealand,NZ,0:30:45,2:25:30,1:35:06,,,4:35:39,1845,8730,5706,191,67,16539,17,16,4,21,16,7,20,19,5,17,16,4,Finisher,3135
Kerry,Weeks,Kerry Weeks,1841,M45-49,Male,,AUK,New Zealand,NZ,0:27:17,2:22:11,1:41:02,,,4:35:52,1637,8531,6062,208,114,16552,18,17,2,3,3,1,8,8,1,18,17,2,Finisher,3472
Daniel,Jones,Daniel Jones,1731,M35-39,Male,Taupo,WKO,New Zealand,NZ,0:32:30,2:28:44,1:30:24,,,4:36:03,1950,8924,5424,192,73,16563,19,18,4,40,33,5,24,23,4,19,18,4,Finisher,3359
Scott,Tyo,Scott Tyo,1839,M45-49,Male,Griffith,ACT,United States,US,0:34:13,2:28:27,1:29:28,,,4:36:58,2053,8907,5368,207,83,16618,20,19,3,72,58,10,29,28,7,20,19,3,Finisher,3452
Jason,Reid,Jason Reid,1819,M45-49,Male,Hamilton,WKO,New Zealand,NZ,0:32:03,2:23:58,1:39:57,,,4:39:47,1923,8638,5997,179,50,16787,21,20,4,37,30,7,19,18,3,21,20,4,Finisher,3401
Will,Clark,Will Clark,1611,M25-29,Male,North Bondi,NSW,United Kingdom,GB,0:33:03,2:27:43,1:33:53,,,4:40:08,1983,8863,5633,261,68,16808,22,21,5,54,43,9,25,24,6,22,21,5,Finisher,3054
Dan,Gampon,Dan Gampon,1525,M18-24,Male,Kailua kona,HI,United States,US,0:33:23,2:31:37,1:32:27,,,4:42:42,2003,9097,5547,201,114,16962,23,22,2,62,51,5,37,34,2,23,22,2,Finisher,3023
Johan,Vanhoovels,Johan Vanhoovels,1799,M40-44,Male,Ngatea,North Island,New Zealand,NZ,0:38:27,2:29:17,1:30:32,,,4:43:50,2307,8957,5432,253,81,17030,24,23,4,162,111,17,45,42,8,24,23,4,Finisher,3226
Shane,Johnston,Shane Johnston,1608,M25-29,Male,Dakabin,QLD,Australia,AU,0:34:04,2:31:46,1:34:31,,,4:44:55,2044,9106,5671,212,62,17095,25,24,6,68,56,11,39,36,8,25,24,6,Finisher,2968
Samuel,Willersdorf,Samuel Willersdorf,1606,M25-29,Male,Belmont,AU-VIC,Australia,AU,0:29:44,2:22:12,1:50:04,,,4:46:27,1784,8532,6604,211,56,17187,26,25,7,13,9,4,11,11,4,26,25,7,Finisher,2941
Michael,Decarli,Michael Decarli,1505,M40-44,Male,KAILUA KONA,HI,United States,US,0:34:38,2:27:27,1:40:06,,,4:46:50,2078,8847,6006,206,73,17210,27,26,5,82,64,8,27,26,4,27,26,5,Finisher,3172
Mike,Crowe,Mike Crowe,1825,M45-49,Male,Nelson,NSN,New Zealand,NZ,0:30:46,2:31:19,1:40:34,,,4:46:51,1846,9079,6034,195,57,17211,28,27,5,24,18,5,26,25,6,28,27,5,Finisher,3274
Tim,Anderson,Tim Anderson,1782,M40-44,Male,,NTL,New Zealand,NZ,0:33:21,2:32:30,1:36:26,,,4:47:53,2001,9150,5786,239,97,17273,29,28,6,60,49,5,40,37,7,29,28,6,Finisher,3153
Attila,Morovian,Attila Morovian,1736,M35-39,Male,Budapest,,Hungary,HU,0:35:36,2:33:19,1:34:45,,,4:48:27,2136,9199,5685,204,83,17307,30,29,5,103,78,16,46,43,8,30,29,5,Finisher,3136
William,Desmond,William Desmond,1726,M35-39,Male,Cork,Cork,Ireland,IE,0:30:53,2:32:21,1:41:43,,,4:49:12,1853,9141,6103,198,57,17352,31,30,6,29,23,2,31,30,5,31,30,6,Finisher,3122
Ryan,Shaw,Ryan Shaw,1685,M30-34,Male,Auckland,AUK,New Zealand,NZ,0:32:50,2:29:59,1:42:08,,,4:49:23,1970,8999,6128,196,70,17363,32,31,5,50,40,6,28,27,5,32,31,5,Finisher,2836
Geoff,Miller,Geoff Miller,1504,M45-49,Male,Grange,AU-QLD,Australia,AU,0:29:55,2:26:13,1:47:57,,,4:49:37,1795,8773,6477,226,106,17377,33,32,6,16,12,3,21,20,4,33,32,6,Finisher,3224
Michael,Turfrey,Michael Turfrey,1687,M30-34,Male,Porirua,WGN,New Zealand,NZ,0:33:04,2:35:04,1:36:11,,,4:49:43,1984,9304,5771,257,67,17383,34,33,6,55,44,8,48,45,8,34,33,6,Finisher,2830
Justin,Marinovich,Justin Marinovich,1553,M40-44,Male,New Plymouth,TKI,New Zealand,NZ,0:35:47,2:27:22,1:42:53,,,4:50:49,2147,8842,6173,211,76,17449,35,34,7,111,80,13,33,32,6,35,34,7,Finisher,3100
Kerri,Dewe,Kerri Dewe,1500,F35-39,Female,Auckland,AUK,New Zealand,NZ,0:34:29,2:30:21,1:42:21,,,4:51:30,2069,9021,6141,209,50,17490,36,2,1,77,16,3,36,3,1,36,2,1,Finisher,3500
Veiko,Termonen,Veiko Termonen,1713,M35-39,Male,,AUK,Estonia,EE,0:31:51,2:34:53,1:40:08,,,4:51:57,1911,9293,6008,213,92,17517,37,35,7,35,28,4,41,38,7,37,35,7,Finisher,3073
Kenneth,Murray,Kenneth Murray,1681,M30-34,Male,,,United Kingdom,GB,0:39:05,2:35:56,1:34:59,,,4:54:20,2345,9356,5699,201,59,17660,38,36,7,180,121,19,66,58,10,38,36,7,Finisher,2747
Timothy,Gibbons,Timothy Gibbons,1617,M25-29,Male,Cardiff,HAM,United Kingdom,GB,0:28:07,2:33:55,1:45:07,,,4:54:23,1687,9235,6307,287,147,17663,39,37,8,9,7,3,34,33,7,39,37,8,Finisher,2798
Molly,Swanson,Molly Swanson,1602,F25-29,Female,Auckland,AUK,New Zealand,NZ,0:27:30,2:36:28,1:46:22,,,4:54:34,1650,9388,6382,187,67,17674,40,3,1,4,1,1,35,2,1,40,3,1,Finisher,3500
Jason,Avery,Jason Avery,1527,M35-39,Male,Kalamunda,AU-WA,Australia,AU,0:36:18,2:28:46,1:44:22,,,4:54:48,2178,8926,6262,253,69,17688,41,38,8,123,88,18,38,35,6,41,38,8,Finisher,3021
Annette,Rogers,Annette Rogers,1526,F30-34,Female,BROOMFIELD,CO,United States,US,0:29:03,2:41:30,1:40:07,,,4:55:40,1743,9690,6007,229,71,17740,42,4,1,10,3,2,54,6,2,42,4,1,Finisher,3500
Grant,Clifton,Grant Clifton,1511,M45-49,Male,Tauranga,BOP,New Zealand,NZ,0:40:34,2:33:44,1:36:35,,,4:55:45,2434,9224,5795,231,61,17745,43,39,7,203,134,23,61,54,10,43,39,7,Finisher,3114
Ben,Tatti,Ben Tatti,1663,M30-34,Male,Woodford,VIC,Australia,AU,0:34:57,2:27:48,1:48:28,,,4:56:27,2097,8868,6508,228,86,17787,44,40,8,91,69,12,32,31,6,44,40,8,Finisher,2708
Tom,Moreton,Tom Moreton,1735,M35-39,Male,Auckland,AUK,United Kingdom,GB,0:39:09,2:34:54,1:37:04,,,4:58:53,2349,9294,5824,296,170,17933,45,41,9,181,122,24,71,63,12,45,41,9,Finisher,2948
Andrea,Pember,Andrea Pember,1633,F30-34,Female,Mosman,NSW,Canada,CA,0:28:03,2:42:02,1:43:58,,,4:58:57,1683,9722,6238,214,80,17937,46,5,2,8,2,1,50,4,1,46,5,2,Finisher,3440
Serena,Hammond,Serena Hammond,1508,F40-44,Female,pokeno,WKO,New Zealand,NZ,0:43:51,2:30:08,1:40:48,,,5:00:25,2631,9008,6048,254,84,18025,47,6,1,240,87,14,63,8,1,47,6,1,Finisher,3500
Callum,Eade,Callum Eade,1828,M45-49,Male,,,New Zealand,NZ,0:32:34,2:27:19,1:56:06,,,5:01:20,1954,8839,6966,234,87,18080,48,42,8,42,35,8,23,22,5,48,42,8,Finisher,3014
Chris,Lang,Chris Lang,1790,M40-44,Male,Auckland,AUK,New Zealand,NZ,0:35:31,2:34:57,1:45:49,,,5:01:50,2131,9297,6349,256,77,18110,49,43,8,102,77,12,56,50,9,49,43,8,Finisher,2902
Roy,Chesters,Roy Chesters,1878,M55-59,Male,Adelaide,SA,Australia,AU,0:36:09,2:39:30,1:39:28,,,5:02:05,2169,9570,5968,287,131,18125,50,44,1,118,84,6,75,67,4,50,44,1,Finisher,3500
Mathew,Hunt,Mathew Hunt,1730,M35-39,Male,Mount Martha,VIC,Australia,AU,0:34:32,2:39:29,1:43:11,,,5:02:30,2072,9569,6191,255,63,18150,51,45,10,79,62,9,65,57,11,51,45,10,Finisher,2883
Kate,Guy,Kate Guy,1766,F40-44,Female,Bradford,ON,Canada,CA,0:38:17,2:41:15,1:37:44,,,5:02:58,2297,9675,5864,255,87,18178,52,7,2,160,50,11,101,18,4,52,7,2,Finisher,3454
Pablo,Fayolle,Pablo Fayolle,1669,M30-34,Male,Mar del Plara,Buenos Aires,Argentina,AR,0:33:22,2:36:48,1:47:44,,,5:02:58,2002,9408,6464,230,74,18178,52,46,9,61,50,10,51,47,9,52,46,9,Finisher,2591
David,Musson,David Musson,1715,M35-39,Male,Waitakere,AUK,United Kingdom,GB,0:34:50,2:37:47,1:46:22,,,5:03:49,2090,9467,6382,233,57,18229,54,47,11,89,68,12,59,52,10,54,47,11,Finisher,2859
Sean,Martin,Sean Martin,1678,M30-34,Male,Blenheim,MBH,New Zealand,NZ,0:37:36,2:30:11,1:51:52,,,5:03:56,2256,9011,6712,189,68,18236,55,48,10,145,102,15,43,40,7,55,48,10,Finisher,2574
Chip,Grizzard,Chip Grizzard,1533,M55-59,Male,LAWRENCEVILLE,GA,United States,US,0:30:51,2:34:40,1:51:42,,,5:04:07,1851,9280,6702,318,96,18247,56,49,2,28,22,1,42,39,2,56,49,2,Finisher,3463
Dave,Scott,Dave Scott,1518,M55-59,Male,Palmerston North,North Island,New Zealand,NZ,0:31:56,2:47:07,1:39:55,,,5:04:21,1916,10027,5995,198,125,18261,57,50,3,36,29,2,88,77,6,57,50,3,Finisher,3459
Jocelyn,Smith,Jocelyn Smith,1690,F35-39,Female,Scarborough,WA,Australia,AU,0:32:37,2:38:17,1:49:27,,,5:04:30,1957,9497,6567,194,55,18270,58,8,2,43,8,1,53,5,2,58,8,2,Finisher,3266
James,Walsh,James Walsh,1513,M45-49,Male,Melbourne,VIC,New Zealand,NZ,0:32:40,2:36:07,1:50:44,,,5:04:46,1960,9367,6644,212,103,18286,59,51,9,44,36,9,46,43,8,59,51,9,Finisher,2952
Katarzyna,Gorlo Olszewska,Katarzyna Gorlo Olszewska,1639,F30-34,Female,Warszawa,,Poland,PL,0:36:14,2:47:57,1:35:26,,,5:04:51,2174,10077,5726,226,88,18291,60,9,3,121,35,10,116,24,5,60,9,3,Finisher,3334
Neil,Sheerin,Neil Sheerin,1875,M55-59,Male,Christchurch,CAN,New Zealand,NZ,0:34:16,2:42:44,1:42:52,,,5:05:25,2056,9764,6172,236,97,18325,61,52,4,74,60,3,78,69,5,61,52,4,Finisher,3440
Oliver,Hopkinson,Oliver Hopkinson,1620,M25-29,Male,Wellington,WGN,New Zealand,NZ,0:36:13,2:33:26,1:50:23,,,5:05:32,2173,9206,6623,267,63,18332,62,53,9,120,86,14,52,48,9,62,53,9,Finisher,2597
David,Knowles,David Knowles,1534,M55-59,Male,Auckland,AUK,New Zealand,NZ,0:34:48,2:46:35,1:38:14,,,5:05:35,2088,9995,5894,279,79,18335,63,54,5,88,67,4,110,90,7,63,54,5,Finisher,3437
Hilary,Meyer,Hilary Meyer,1540,F30-34,Female,Whakatane,BOP,New Zealand,NZ,0:34:30,2:43:06,1:42:38,,,5:06:02,2070,9786,6158,247,101,18362,64,10,4,78,17,4,82,10,3,64,10,4,Finisher,3313
Heynrich,Du Toit,Heynrich Du Toit,1614,M25-29,Male,Wellington,Wellington,South Africa,ZA,0:33:08,2:44:01,1:40:13,,,5:06:45,1988,9841,6013,333,230,18405,65,55,10,56,45,10,92,78,14,65,55,10,Finisher,2575
Neil,Griffiths,Neil Griffiths,1776,M40-44,Male,Auckland,AUK,New Zealand,NZ,0:35:29,2:39:06,1:47:31,,,5:07:14,2129,9546,6451,215,93,18434,66,56,9,100,75,11,62,55,10,66,56,9,Finisher,2805
Michael,Abernethy,Michael Abernethy,1571,M18-24,Male,Wellington,WGN,New Zealand,NZ,0:35:54,2:37:36,1:36:59,,,5:08:19,2154,9456,5819,640,430,18499,67,57,3,113,81,7,103,85,4,67,57,3,Finisher,2562
Timothy,Franklyn,Timothy Franklyn,1616,M25-29,Male,Erindale,SA,Australia,AU,0:32:12,2:39:05,1:51:38,,,5:08:43,1932,9545,6698,232,116,18523,68,58,11,38,31,8,57,51,10,68,58,11,Finisher,2540
Egbert,Müller,Egbert Müller,1624,M25-29,Male,Dresden,,Germany,DE,0:36:19,2:38:48,1:50:14,,,5:11:46,2179,9528,6614,263,122,18706,69,59,12,124,89,15,74,66,11,69,59,12,Finisher,2485
Brandon,Mailhot,Brandon Mailhot,1538,M30-34,Male,KAILUA KONA,HI,United States,US,0:37:59,2:36:48,1:51:35,,,5:11:55,2279,9408,6695,248,85,18715,70,60,11,155,108,16,68,60,11,70,60,11,Finisher,2430
James,Galbraith,James Galbraith,1670,M30-34,Male,Footscray,VIC,Australia,AU,0:35:29,2:39:40,1:51:54,,,5:11:59,2129,9580,6714,227,69,18719,71,61,12,100,75,13,69,61,12,71,61,12,Finisher,2429
Ian,Riddle,Ian Riddle,1836,M45-49,Male,Wellington,WELLINGTON,New Zealand,NZ,0:36:15,2:36:20,1:49:42,,,5:12:23,2175,9380,6582,383,223,18743,72,62,10,122,87,12,70,62,12,72,62,10,Finisher,2815
Damon,Clark,Damon Clark,1539,M40-44,Male,Pakuranga,AUK,New Zealand,NZ,0:36:20,2:40:01,1:49:51,,,5:12:39,2180,9601,6591,279,108,18759,73,63,10,125,90,14,79,70,12,73,63,10,Finisher,2707
David,Walker,David Walker,1628,M25-29,Male,Auckland,AUK,United Kingdom,GB,0:35:59,2:41:06,1:49:52,,,5:12:47,2159,9666,6592,221,129,18767,74,64,13,115,82,13,77,68,12,74,64,13,Finisher,2467
Christina,Wilson,Christina Wilson,1709,F35-39,Female,Upper Hutt,WGN,New Zealand,NZ,0:35:38,2:40:27,1:49:54,,,5:13:05,2138,9627,6594,267,159,18785,75,11,3,105,26,6,76,9,3,75,11,3,Finisher,3111
Regan,Booth,Regan Booth,1775,M40-44,Male,Auckland,AUK,New Zealand,NZ,0:38:05,2:34:04,1:55:15,,,5:14:35,2285,9244,6915,366,65,18875,76,65,11,159,110,16,64,56,11,76,65,11,Finisher,2672
Andaloussi,Ahmed,Andaloussi Ahmed,1901,PC,Male,Artigueloutan,,France,FR,0:37:54,3:10:42,1:20:18,,,5:15:23,2274,11442,4818,285,104,18923,77,66,1,152,106,1,213,151,1,77,66,1,Finisher,3500
Jenny,Beveridge,Jenny Beveridge,1693,F35-39,Female,Miami,QLD,Australia,AU,0:38:00,2:39:41,1:51:31,,,5:15:47,2280,9581,6691,285,110,18947,78,12,4,156,48,7,89,12,4,78,12,4,Finisher,3062
Jordan,Huggett,Jordan Huggett,1573,M18-24,Male,Loughborough,,United Kingdom,GB,0:27:32,3:01:10,1:41:26,,,5:16:31,1652,10870,6086,246,137,18991,79,67,4,5,4,2,131,103,6,79,67,4,Finisher,2415
Charlotte,Paterson,Charlotte Paterson,1598,F25-29,Female,Auckland,AUK,New Zealand,NZ,0:36:23,2:48:41,1:46:28,,,5:16:39,2183,10121,6388,245,62,18999,80,13,2,128,37,8,119,25,5,80,13,2,Finisher,3102
Tania,Gover,Tania Gover,1750,F40-44,Female,Shelly Beach,QLD,Australia,AU,0:34:09,2:47:47,1:50:36,,,5:16:55,2049,10067,6636,180,83,19015,81,14,3,70,13,2,107,19,5,81,14,3,Finisher,3203
Dave,Sutton,Dave Sutton,1554,M45-49,Male,Auckland,,New Zealand,NZ,0:38:42,2:33:42,1:59:22,,,5:17:03,2322,9222,7162,248,69,19023,82,68,11,165,113,19,60,53,9,82,68,11,Finisher,2731
Ian,Carter,Ian Carter,1785,M40-44,Male,Brighton East,VIC,New Zealand,NZ,0:41:02,2:38:24,1:49:11,,,5:17:03,2462,9504,6551,306,200,19023,82,68,12,208,136,20,106,88,16,82,68,12,Finisher,2628
Lauren,Bourke,Lauren Bourke,1512,F25-29,Female,North Gosford,NSW,Australia,AU,0:32:47,2:50:20,1:50:17,,,5:18:06,1967,10220,6617,230,52,19086,84,15,3,49,10,4,113,22,4,84,15,3,Finisher,3076
Michael,Whysall,Michael Whysall,1717,M35-39,Male,Pretoria,Gauteng,South Africa,ZA,0:32:42,2:34:48,2:04:38,,,5:18:44,1962,9288,7478,296,100,19124,85,70,12,45,37,7,49,46,9,85,70,12,Finisher,2591
Gareth,Green,Gareth Green,1552,M40-44,Male,Taupo,WKO,New Zealand,NZ,0:39:03,2:37:54,1:55:21,,,5:20:09,2343,9474,6921,289,182,19209,86,71,13,177,119,18,83,73,13,86,71,13,Finisher,2572
Alison,Whiteman,Alison Whiteman,1543,F50-54,Female,WARNBRO,WA,Australia,AU,0:34:40,2:44:21,1:55:12,,,5:20:11,2080,9861,6912,282,76,19211,87,16,1,83,19,1,99,17,1,87,16,1,Finisher,3500
Shay,Hutchings,Shay Hutchings,1515,M35-39,Male,Corpus christi,TX,United States,US,0:37:22,2:39:16,1:58:26,,,5:21:40,2242,9556,7106,272,124,19300,88,72,13,137,96,19,81,72,13,88,72,13,Finisher,2538
Halina,Clare,Halina Clare,1522,F40-44,Female,New Farm,QLD,United Kingdom,GB,0:33:00,2:50:11,1:53:05,,,5:21:52,1980,10211,6785,266,70,19312,89,17,4,53,11,1,115,23,7,89,17,4,Finisher,3113
Adrian,Ogier,Adrian Ogier,1817,M45-49,Male,Wellington,WGN,New Zealand,NZ,0:30:48,2:43:56,2:02:49,,,5:22:34,1848,9836,7369,221,80,19354,90,73,12,25,19,6,67,59,11,90,73,12,Finisher,2631
Stuart,King,Stuart King,1542,M55-59,Male,Sorrento,WA,Australia,AU,0:35:37,2:34:58,2:05:53,,,5:22:56,2137,9298,7553,235,153,19376,91,74,6,104,79,5,55,49,3,91,74,6,Finisher,3124
Claire,Kirby,Claire Kirby,1642,F30-34,Female,Porirua,WGN,New Zealand,NZ,0:35:55,2:43:56,1:59:08,,,5:23:38,2155,9836,7148,209,70,19418,92,18,5,114,33,8,94,16,4,92,18,5,Finisher,2996
Chris,Arnold,Chris Arnold,1664,M30-34,Male,Auckland,AUK,New Zealand,NZ,0:34:27,2:40:53,2:03:56,,,5:24:13,2067,9653,7436,247,50,19453,93,75,13,76,61,11,73,65,13,93,75,13,Finisher,2209
Christof,Dr. Knebel,Christof Dr. Knebel,1531,M50-54,Male,Bendorf,,Germany,DE,0:39:00,2:35:09,2:02:44,,,5:24:28,2340,9309,7364,306,149,19468,94,76,1,174,117,7,72,64,2,94,76,1,Finisher,3500
Shaun,Curry,Shaun Curry,1613,M25-29,Male,Gore,STL,New Zealand,NZ,0:30:33,2:47:11,2:00:55,,,5:25:21,1833,10031,7255,257,145,19521,95,77,14,17,13,6,87,76,13,95,77,14,Finisher,2240
Felicity,Deane,Felicity Deane,1753,F40-44,Female,NORMAN PARK,QLD,Australia,AU,0:35:48,2:42:35,2:00:23,,,5:25:49,2148,9755,7223,256,167,19549,96,19,5,112,32,6,91,14,3,96,19,5,Finisher,3042
Bruce,Ong,Bruce Ong,1529,M40-44,Male,Honolulu,HI,United States,US,0:35:25,2:43:50,2:00:35,,,5:25:51,2125,9830,7235,270,91,19551,97,78,14,97,73,10,100,83,15,97,78,14,Finisher,2470
Steven,Medcalf,Steven Medcalf,1861,M50-54,Male,Terrigal,NSW,Australia,AU,0:32:56,2:46:31,2:00:45,,,5:26:06,1976,9991,7245,248,106,19566,98,79,2,52,42,2,97,81,4,98,79,2,Finisher,3470
Hiroshi,Sakai,Hiroshi Sakai,1555,M50-54,Male,"Kichijoji-Kitamachi, Musashino-City",Tokyo,Japan,JP,0:33:57,2:46:17,1:58:56,,,5:26:18,2037,9977,7136,312,116,19578,99,80,3,67,55,4,108,89,6,99,80,3,Finisher,3467
Sam,Skerratt,Sam Skerratt,1548,M25-29,Male,London,,United Kingdom,GB,0:41:36,2:38:23,2:01:20,,,5:26:27,2496,9503,7280,240,68,19587,100,81,15,218,140,19,102,84,15,100,81,15,Finisher,2221
Gemma,Kennedy,Gemma Kennedy,1591,F25-29,Female,Greytown,,New Zealand,NZ,0:30:39,2:41:47,2:08:57,,,5:26:50,1839,9707,7737,223,104,19610,101,20,4,19,5,2,58,7,2,101,20,4,Finisher,2919
Milly,Kipling,Milly Kipling,1593,F25-29,Female,Cardiff,south Glamorgan,United Kingdom,GB,0:31:00,2:51:45,2:00:05,,,5:27:56,1860,10305,7205,212,94,19676,102,21,5,32,7,3,111,21,3,102,21,5,Finisher,2899
Philip,Lahaye,Philip Lahaye,1559,M45-49,Male,Tewantin,QLD,United States,US,0:29:49,2:48:42,2:04:57,,,5:28:10,1789,10122,7497,196,86,19690,103,82,13,15,11,2,84,74,13,103,82,13,Finisher,2531
Richard,Mourant,Richard Mourant,1857,M50-54,Male,,NSW,Australia,AU,0:37:08,2:41:47,2:01:56,,,5:28:28,2228,9707,7316,321,136,19708,104,83,4,134,95,6,104,86,5,104,83,4,Finisher,3428
Ben,Greenslade,Ben Greenslade,1779,M40-44,Male,Mitchelton,QLD,Australia,AU,0:38:00,2:39:47,2:03:15,,,5:28:55,2280,9587,7395,241,232,19735,105,84,15,156,109,15,85,75,14,105,84,15,Finisher,2414
David,Mckevitt,David Mckevitt,1679,M30-34,Male,,,New Zealand,NZ,0:44:10,2:44:58,1:54:09,,,5:30:01,2650,9898,6849,289,115,19801,106,85,14,253,157,23,134,104,16,106,85,14,Finisher,2104
Mark,Hudson,Mark Hudson,1777,M40-44,Male,Palmerston North,MWT,New Zealand,NZ,0:41:18,2:44:19,1:58:24,,,5:30:17,2478,9859,7104,285,91,19817,107,86,16,211,138,22,123,97,17,107,86,16,Finisher,2390
Si En Lincoln,Tan,Si En Lincoln Tan,1632,M25-29,Male,Sydney,NSW,Australia,AU,0:39:52,2:52:22,1:51:24,,,5:30:19,2392,10342,6684,315,86,19819,108,87,16,190,126,18,140,110,18,108,87,16,Finisher,2151
Tom,Gilbert,Tom Gilbert,1541,M50-54,Male,Darch,WA,Australia,AU,0:30:58,2:36:18,2:17:42,,,5:30:35,1858,9378,8262,231,106,19835,109,88,5,31,25,1,44,41,1,109,88,5,Finisher,3389
Augusto César,Stárico,Augusto César Stárico,1796,M40-44,Male,Ciudad Autónoma de Buenos Aires,Buenos Aires,Argentina,AR,0:33:15,2:52:57,1:58:47,,,5:31:21,1995,10377,7127,282,100,19881,110,89,17,58,47,4,125,99,18,110,89,17,Finisher,2371
Joanne,Clarke,Joanne Clarke,1583,F25-29,Female,BARCELONA,,United Kingdom,GB,0:36:29,2:52:44,1:55:27,,,5:31:28,2189,10364,6927,260,148,19888,111,22,6,130,39,9,133,30,8,111,22,6,Finisher,2835
Amanda,Iggulden,Amanda Iggulden,1700,F40-44,Female,Whangamata,,New Zealand,NZ,0:48:52,2:50:17,1:45:26,,,5:31:54,2932,10217,6326,290,149,19914,112,23,6,286,108,17,171,45,11,112,23,6,Finisher,2933
Josh,Howell,Josh Howell,1621,M25-29,Male,Auckland,AUK,New Zealand,NZ,0:49:37,2:43:43,1:53:56,,,5:32:26,2977,9823,6836,219,91,19946,113,90,17,293,181,24,139,109,17,113,90,17,Finisher,2113
Corrina,Swetman,Corrina Swetman,1811,F45-49,Female,Taupo,AK,New Zealand,NZ,0:32:45,2:45:34,2:09:07,,,5:32:28,1965,9934,7747,216,86,19948,114,24,1,46,9,1,86,11,1,114,24,1,Finisher,3500
Peter,Franklyn,Peter Franklyn,1509,M60-64,Male,Erindale,SA,Australia,AU,0:37:27,2:45:31,2:02:14,,,5:32:54,2247,9931,7334,330,132,19974,115,91,1,139,98,1,117,93,1,115,91,1,Finisher,3500
Adam,Ross,Adam Ross,1662,M30-34,Male,Dudley,AU-NSW,Australia,AU,0:33:13,2:52:45,2:02:20,,,5:33:38,1993,10365,7340,250,70,20018,116,92,15,57,46,9,121,95,14,116,92,15,Finisher,2039
Gerard,Robards,Gerard Robards,1862,M50-54,Male,Terranora,NSW,Australia,AU,0:37:01,2:41:01,2:08:56,,,5:33:50,2221,9661,7736,329,83,20030,117,93,6,133,94,5,96,80,3,117,93,6,Finisher,3331
Paul,Veerhuis,Paul Veerhuis,1745,M35-39,Male,Norwood,TAS,Australia,AU,0:37:30,2:41:16,2:07:37,,,5:34:04,2250,9676,7657,338,123,20044,118,94,14,142,101,21,105,87,16,118,94,14,Finisher,2315
Caitlin,Wallis,Caitlin Wallis,1576,F25-29,Female,Sydney,NSW,United Kingdom,GB,0:40:08,2:44:51,2:02:55,,,5:34:12,2408,9891,7375,258,120,20052,119,25,7,194,65,12,120,26,6,119,25,7,Finisher,2786
Pascal,Van Houten,Pascal Van Houten,1744,M35-39,Male,Utrecht,,Netherlands,NL,0:41:40,3:02:54,1:44:04,,,5:34:20,2500,10974,6244,254,88,20060,120,95,15,219,141,30,192,138,23,120,95,15,Finisher,2310
Robbie,Peime,Robbie Peime,1900,PC,Male,Mt Martha,VIC,Australia,AU,0:45:22,3:13:13,1:28:51,,,5:34:33,2722,11593,5331,318,109,20073,121,96,2,262,163,2,244,169,2,121,96,2,Finisher,3155
Geoff,Allen,Geoff Allen,1781,M40-44,Male,Auckkand,AUK,New Zealand,NZ,0:45:53,2:51:21,1:50:09,,,5:34:38,2753,10281,6609,335,100,20078,122,97,18,265,164,26,169,125,21,122,97,18,Finisher,2312
Emma,Crichton,Emma Crichton,1751,F40-44,Female,Christchurch,CAN,New Zealand,NZ,0:37:37,2:56:35,1:55:28,,,5:34:45,2257,10595,6928,247,58,20085,123,26,7,146,44,9,144,33,9,123,26,7,Finisher,2882
Nick,Benton,Nick Benton,1569,M18-24,Male,Auckland,AUK,New Zealand,NZ,0:32:45,2:54:08,2:01:41,,,5:35:05,1965,10448,7301,273,118,20105,124,98,5,46,38,4,127,101,5,124,98,5,Finisher,2081
David,Rowe,David Rowe,1843,M45-49,Male,Bronte,NSW,Australia,AU,0:36:20,2:45:19,2:07:11,,,5:35:16,2180,9919,7631,300,86,20116,125,99,14,125,90,13,112,91,14,125,99,14,Finisher,2403
Mercedes,Decarli,Mercedes Decarli,1524,F18-24,Female,KONA,HI,United States,US,0:35:39,3:01:14,1:52:47,,,5:35:21,2139,10874,6767,256,85,20121,126,27,2,106,27,4,161,41,2,126,27,2,Finisher,2364
Kenneth,Rae,Kenneth Rae,1893,M65-69,Male,Noosaville,QLD,Australia,AU,0:33:20,2:48:16,2:06:37,,,5:35:38,2000,10096,7597,352,93,20138,127,100,1,59,48,1,114,92,1,127,100,1,Finisher,3500
Erin,Mansell,Erin Mansell,1636,F30-34,Female,Manly,NSW,New Zealand,NZ,0:34:46,2:58:58,1:55:16,,,5:35:40,2086,10738,6916,302,98,20140,128,28,6,87,21,6,146,34,8,128,28,6,Finisher,2780
Jon,Cohen,Jon Cohen,1550,M35-39,Male,Fairlight,NSW,Canada,CA,0:30:55,3:00:54,1:53:57,,,5:36:32,1855,10854,6837,355,291,20192,129,101,16,30,24,3,141,111,19,129,101,16,Finisher,2270
Johannes,Herrmann,Johannes Herrmann,1729,M35-39,Male,Wilen,,Germany,DE,0:34:35,2:50:54,2:01:49,,,5:36:35,2075,10254,7309,406,151,20195,130,102,17,80,63,10,129,102,17,130,102,17,Finisher,2269
Larna,Kingi,Larna Kingi,1641,F30-34,Female,Wellington,WGN,New Zealand,NZ,0:44:10,2:52:27,1:53:54,,,5:36:50,2650,10347,6834,291,88,20210,131,29,7,253,97,22,163,43,12,131,29,7,Finisher,2759
George,Detake,George Detake,1880,M55-59,Male,Shinmachi Setagaya-ku,Tokyo,Japan,JP,0:39:58,3:09:04,1:40:54,,,5:37:15,2398,11344,6054,336,103,20235,132,103,7,191,127,7,216,153,11,132,103,7,Finisher,2867
Roberto Gonzalo Ruben,Bazan,Roberto Gonzalo Ruben Bazan,1716,M35-39,Male,Mar del Plata,Buenos Aires,Argentina,AR,0:34:57,2:42:41,2:12:03,,,5:38:00,2097,9761,7923,364,135,20280,133,104,18,91,69,13,98,82,15,133,104,18,Finisher,2244
Wilson,Medcalf,Wilson Medcalf,1575,M18-24,Male,Lisarow,NSW,Australia,AU,0:34:15,2:42:42,2:15:33,,,5:38:03,2055,9762,8133,249,84,20283,134,105,6,73,59,6,80,71,3,134,105,6,Finisher,2027
Madeleine,Harris,Madeleine Harris,1577,F25-29,Female,Wellington,WKO,New Zealand,NZ,0:35:20,2:53:35,2:03:50,,,5:38:08,2120,10415,7430,222,101,20288,135,30,8,94,24,5,130,28,7,135,30,8,Finisher,2715
Pernille,Fletcher,Pernille Fletcher,1774,F40-44,Female,Taupo,North Island,New Zealand,NZ,0:37:17,2:40:59,2:14:10,,,5:38:49,2237,9659,8050,257,126,20329,136,31,8,135,40,8,90,13,2,136,31,8,Finisher,2808
Rene,Manatt,Rene Manatt,1704,F35-39,Female,san diego,CA,United States,US,0:35:10,2:42:51,2:12:19,,,5:38:54,2110,9771,7939,304,210,20334,137,32,5,93,23,5,93,15,5,137,32,5,Finisher,2646
Caroline,Farley,Caroline Farley,1754,F40-44,Female,Wellington,WGN,New Zealand,NZ,0:34:37,2:52:48,2:04:57,,,5:38:55,2077,10368,7497,268,125,20335,138,33,9,81,18,4,128,27,8,138,33,9,Finisher,2807
Jeremy,Ballantyne,Jeremy Ballantyne,1822,M45-49,Male,Wellington,WGN,New Zealand,NZ,0:37:45,2:47:54,2:07:42,,,5:40:10,2265,10074,7662,304,105,20410,139,106,15,150,105,17,124,98,17,139,106,15,Finisher,2315
Matt,Iggulden,Matt Iggulden,1788,M40-44,Male,Whangamata,,New Zealand,NZ,0:48:11,2:47:05,1:59:20,,,5:41:14,2891,10025,7160,304,94,20474,140,107,19,280,175,29,156,117,20,140,107,19,Finisher,2193
Bekky,Lim,Bekky Lim,1645,F30-34,Female,,,Singapore,SG,0:36:00,2:56:38,1:58:49,,,5:41:27,2160,10598,7129,420,180,20487,141,34,8,116,34,9,149,36,9,141,34,8,Finisher,2675
Anna,Guy,Anna Guy,1853,F50-54,Female,CHRISTCHURCH,CAN,New Zealand,NZ,0:38:59,2:54:20,2:02:39,,,5:41:30,2339,10460,7359,275,57,20490,142,35,2,173,57,4,142,31,2,142,35,2,Finisher,3116
Mardy,Hunt,Mardy Hunt,1517,F40-44,Female,Golden Grove,AU-SA,Australia,AU,0:39:04,2:41:42,2:13:20,,,5:41:49,2344,9702,8000,295,168,20509,143,36,10,179,59,12,109,20,6,143,36,10,Finisher,2754
Matt,Hayne,Matt Hayne,1728,M35-39,Male,upper hutt,WGN,New Zealand,NZ,0:34:45,2:44:01,2:16:30,,,5:41:55,2085,9841,8190,275,124,20515,144,108,19,86,66,11,95,79,14,144,108,19,Finisher,2173
Diego,Villavicencio I.,Diego Villavicencio I.,1549,M30-34,Male,Ambato,Tungurahua,Ecuador,EC,0:40:01,2:49:17,2:04:56,,,5:42:07,2401,10157,7496,359,114,20527,145,109,16,192,128,20,135,105,17,145,109,16,Finisher,1886
Ian,Burns,Ian Burns,1610,M25-29,Male,BEAVERTON,OR,United States,US,0:35:27,2:52:38,2:02:33,,,5:43:23,2127,10358,7353,510,255,20603,146,110,18,98,74,12,137,107,16,146,110,18,Finisher,1916
Patrick,Harvey,Patrick Harvey,1820,M45-49,Male,Taupo,,New Zealand,NZ,0:37:28,2:47:36,2:10:40,,,5:43:41,2248,10056,7840,307,170,20621,147,111,16,140,99,15,122,96,16,147,111,16,Finisher,2251
Jr,Castro,Jr Castro,1521,M35-39,Male,quito,pichincha,Ecuador,EC,0:48:20,2:47:15,2:00:33,,,5:44:12,2900,10035,7233,311,173,20652,148,112,20,281,176,34,159,119,21,148,112,20,Finisher,2132
Wade,Eatts,Wade Eatts,1659,M30-34,Male,Auckland,AUK,New Zealand,NZ,0:40:05,2:47:21,2:11:21,,,5:44:58,2405,10041,7881,238,133,20698,149,113,17,193,129,21,126,100,15,149,113,17,Finisher,1835
Jeffrey,Smith,Jeffrey Smith,1544,M40-44,Male,,,United States,US,0:44:51,2:59:02,1:51:31,,,5:45:56,2691,10742,6691,365,267,20756,150,114,20,259,160,24,199,143,27,150,114,20,Finisher,2108
Robyn,Wheldon,Robyn Wheldon,1655,F30-34,Female,London,London,New Zealand,NZ,0:35:44,3:08:09,1:55:23,,,5:46:17,2144,11289,6923,266,155,20777,151,37,9,110,31,7,186,52,15,151,37,9,Finisher,2588
Leigh,Wetton,Leigh Wetton,1747,M35-39,Male,Robina,QLD,Australia,AU,0:35:22,2:53:25,2:07:17,,,5:46:28,2122,10405,7637,400,224,20788,152,115,21,95,71,14,136,106,18,152,115,21,Finisher,2091
Nakita,Brown,Nakita Brown,1523,F30-34,Female,MOOLOOLABA,QLD,Australia,AU,0:38:47,2:56:20,2:04:04,,,5:46:37,2327,10580,7444,285,161,20797,153,38,10,168,53,13,152,37,10,153,38,10,Finisher,2582
Lauren,O'Connor,Lauren O'Connor,1635,F30-34,Female,Arundel,QLD,Australia,AU,0:38:53,2:54:47,2:06:25,,,5:47:02,2333,10487,7585,265,152,20822,154,39,11,170,55,15,143,32,7,154,39,11,Finisher,2575
Kathryn,Burton,Kathryn Burton,1520,F50-54,Female,Tuakau,WKO,New Zealand,NZ,0:39:22,2:53:27,2:05:51,,,5:47:11,2362,10407,7551,359,152,20831,155,40,3,183,60,5,147,35,3,155,40,3,Finisher,3014
Hilary,Robotham,Hilary Robotham,1514,F45-49,Female,"Orakei , Auckland",AUK,New Zealand,NZ,0:40:36,2:55:06,2:05:55,,,5:48:42,2436,10506,7555,268,157,20922,156,41,2,204,70,3,153,38,2,156,41,2,Finisher,3207
Duncan,Mcqueen,Duncan Mcqueen,1881,M55-59,Male,Auckland,AUK,New Zealand,NZ,0:44:35,2:50:09,2:04:46,,,5:49:39,2675,10209,7486,375,234,20979,157,116,8,257,159,10,160,120,8,157,116,8,Finisher,2643
Rochelle,Youngson,Rochelle Youngson,1712,F35-39,Female,Wellington,North Island,Australia,AU,0:39:01,3:04:33,1:58:24,,,5:49:52,2341,11073,7104,322,152,20992,158,42,6,175,58,8,194,55,7,158,42,6,Finisher,2449
Sean,Willis,Sean Willis,1802,M40-44,Male,Marton,MWT,New Zealand,NZ,0:33:37,3:01:32,2:09:04,,,5:50:20,2017,10892,7744,270,97,21020,159,117,21,64,53,6,150,114,19,159,117,21,Finisher,2029
Rainier Jr,Ona,Rainier Jr Ona,1625,M25-29,Male,Balayan,Batangas,Philippines,PH,0:48:28,2:57:07,1:57:59,,,5:50:34,2908,10627,7079,306,114,21034,160,118,19,282,177,21,202,145,20,160,118,19,Finisher,1787
Johanna,De Greeuw,Johanna De Greeuw,1638,F30-34,Female,Amsterdam,NOORD-HOLLAND,New Zealand,NZ,0:38:47,2:50:12,2:15:29,,,5:50:46,2327,10212,8129,272,106,21046,161,43,12,168,53,13,132,29,6,161,43,12,Finisher,2508
Daniel,Roberts,Daniel Roberts,1683,M30-34,Male,Auckland,,New Zealand,NZ,0:36:31,3:13:28,1:53:39,,,5:51:00,2191,11608,6819,311,131,21060,162,119,18,131,92,14,219,155,23,162,119,18,Finisher,1727
Quinten,Willemse,Quinten Willemse,1815,M45-49,Male,Tumbi Umbi,NSW,Australia,AU,0:39:02,2:44:19,2:21:48,,,5:51:48,2342,9859,8508,312,87,21108,163,120,17,176,118,20,118,94,15,163,120,17,Finisher,2105
Ingrid,Dix,Ingrid Dix,1587,F25-29,Female,Queens Park,NSW,Australia,AU,0:37:34,2:57:47,2:05:31,,,5:52:30,2254,10667,7531,388,310,21150,164,44,9,143,42,10,164,44,9,164,44,9,Finisher,2457
Kristin,Stokes,Kristin Stokes,1755,F40-44,Female,Wellington,,New Zealand,NZ,0:44:00,2:52:48,2:03:50,,,5:53:36,2640,10368,7430,480,298,21216,165,45,11,246,92,15,174,48,12,165,45,11,Finisher,2542
Ken,Adriaansen,Ken Adriaansen,1889,M60-64,Male,Brisbane,QLD,Australia,AU,0:53:17,3:01:00,1:48:22,,,5:54:18,3197,10860,6502,501,198,21258,166,121,2,315,195,4,239,167,3,166,121,2,Finisher,3114
Angus,Rodwell,Angus Rodwell,1626,M25-29,Male,,AUK,New Zealand,NZ,0:38:46,2:59:07,2:09:38,,,5:54:26,2326,10747,7778,293,122,21266,167,122,20,167,115,17,168,124,19,167,122,20,Finisher,1717
Kathryn,Lydiard,Kathryn Lydiard,1646,F30-34,Female,Tauranga,BOP,New Zealand,NZ,0:34:11,3:02:59,2:12:32,,,5:55:08,2051,10979,7952,251,75,21308,168,46,13,71,14,3,162,42,11,168,46,13,Finisher,2429
Thomas,Boulay,Thomas Boulay,1658,M30-34,Male,Lower Mitcham,SA,New Zealand,NZ,0:32:53,3:09:55,2:04:26,,,5:55:19,1973,11395,7466,365,120,21319,169,123,19,51,41,7,193,139,21,169,123,19,Finisher,1649
Kristin,De Lisle,Kristin De Lisle,1586,F25-29,Female,Auckland,AUK,New Zealand,NZ,0:36:22,3:03:21,2:10:07,,,5:55:22,2182,11001,7807,261,71,21322,170,47,10,127,36,7,172,46,10,170,47,10,Finisher,2405
Andrew,Harley,Andrew Harley,1672,M30-34,,Flower Mound,TX,United States,US,0:39:03,3:06:09,2:03:30,,,5:56:27,2343,11169,7410,333,132,21387,171,124,20,177,119,18,203,146,22,171,124,20,Finisher,1628
Mark,Davidson,Mark Davidson,1859,M50-54,Male,Meadowbank,AUK,New Zealand,NZ,0:43:20,2:55:41,2:05:54,,,5:56:33,2600,10541,7554,444,254,21393,172,125,7,232,150,9,178,129,8,172,125,7,Finisher,2922
Amanda,Cathro,Amanda Cathro,1634,F30-34,Female,Hamilton,WKO,New Zealand,NZ,0:38:58,3:04:26,2:06:46,,,5:56:38,2338,11066,7606,285,103,21398,173,48,14,172,56,16,183,51,14,173,48,14,Finisher,2402
Grace,Lewis,Grace Lewis,1566,F18-24,Female,Cambridge,WKO,New Zealand,NZ,0:40:18,3:13:39,1:56:55,,,5:57:05,2418,11619,7015,274,99,21425,174,49,3,197,67,6,231,68,5,174,49,3,Finisher,1973
Matt,Sheaff,Matt Sheaff,1686,M30-34,Male,,,New Zealand,NZ,0:43:32,2:59:14,2:07:33,,,5:57:17,2612,10754,7653,327,91,21437,175,126,21,235,152,22,185,134,20,175,126,21,Finisher,1613
Ewan,Fraser,Ewan Fraser,1830,M45-49,Male,Napier,HKB,New Zealand,NZ,0:42:45,2:52:59,2:13:56,,,5:57:41,2565,10379,8036,366,115,21461,176,127,18,226,145,26,165,121,21,176,127,18,Finisher,1999
Joe,Windmeyer,Joe Windmeyer,1874,M55-59,Male,Auckland,AUK,New Zealand,NZ,0:47:28,2:55:54,2:06:42,,,5:58:47,2848,10554,7602,355,168,21527,177,128,9,274,170,13,197,141,10,177,128,9,Finisher,2479
Guillaume,Cocquebert,Guillaume Cocquebert,1612,M25-29,Male,Paris,,France,FR,0:42:46,3:06:16,2:00:01,,,5:59:09,2566,11176,7201,385,221,21549,178,129,21,227,146,20,222,158,21,178,129,21,Finisher,1632
Megan,Gibson,Megan Gibson,1565,F18-24,Female,Pongaroa,MWT,New Zealand,NZ,0:41:32,3:11:43,1:57:43,,,5:59:29,2492,11503,7063,394,117,21569,179,50,4,215,76,7,234,69,6,179,50,4,Finisher,1930
Marcello,Commisso,Marcello Commisso,1858,M50-54,Male,Wellington,WGN,Denmark,DK,0:46:03,2:51:15,2:14:48,,,5:59:30,2763,10275,8088,295,149,21570,180,130,8,266,165,10,167,123,7,180,130,8,Finisher,2869
Christopher,Perrey,Christopher Perrey,1546,M45-49,Male,Langley,BC,Australia,AU,0:39:36,2:52:34,2:21:55,,,6:00:29,2376,10354,8515,269,115,21629,181,131,19,187,124,22,138,108,18,181,131,19,Finisher,1949
Tara,Macpherson,Tara Macpherson,1567,F18-24,Female,Chalfont St Giles,Greater London,New Zealand,NZ,0:35:43,3:16:27,2:02:04,,,6:01:05,2143,11787,7324,325,86,21665,182,51,5,109,30,5,227,65,4,182,51,5,Finisher,1901
Nick,Dowling,Nick Dowling,1814,M45-49,Male,Mosman,NSW,Australia,AU,0:50:10,2:48:24,2:17:00,,,6:02:20,3010,10104,8220,303,103,21740,183,132,20,299,184,32,170,126,23,183,132,20,Finisher,1916
Stefanie,Vandervelden,Stefanie Vandervelden,1653,F30-34,Female,Brussel,,Belgium,BE,0:43:30,3:03:24,2:08:40,,,6:02:42,2610,11004,7720,324,104,21762,184,52,15,234,83,19,208,60,18,184,52,15,Finisher,2293
Jeroen,Kraaij,Jeroen Kraaij,1789,M40-44,Male,Oosterbeek,,Netherlands,NL,0:40:33,3:02:03,2:12:49,,,6:03:00,2433,10923,7969,335,120,21780,185,133,22,202,133,19,184,133,24,185,133,22,Finisher,1801
Christina,Cornhill,Christina Cornhill,1851,F50-54,Female,Tauranga,BOP,New Zealand,NZ,0:37:35,2:58:17,2:20:31,,,6:03:11,2255,10697,8431,280,128,21791,186,53,4,144,43,2,157,40,4,186,53,4,Finisher,2726
Gary,Sellars,Gary Sellars,1891,M60-64,Male,Christchurch,CAN,New Zealand,NZ,0:47:30,2:45:37,2:21:54,,,6:03:18,2850,9937,8514,400,97,21798,187,134,3,275,171,2,151,115,2,187,134,3,Finisher,2952
Cameron,Atchley,Cameron Atchley,1718,M35-39,Male,Madisonville,TN,United States,US,0:36:12,3:08:23,2:11:04,,,6:05:02,2172,11303,7864,361,202,21902,188,135,22,119,85,17,201,144,24,188,135,22,Finisher,1757
Jean-François,Biron,Jean-François Biron,1784,M40-44,Male,Trois-Rivières,QC,Canada,CA,0:53:01,2:48:16,2:14:34,,,6:05:15,3181,10096,8074,394,170,21915,189,136,23,313,193,35,182,132,23,189,136,23,Finisher,1760
Rae Jean,Pearce,Rae Jean Pearce,1847,F50-54,Female,Wembley,WA,Australia,AU,0:43:54,3:02:07,2:11:06,,,6:05:30,2634,10927,7866,380,123,21930,190,54,5,242,89,8,209,61,7,190,54,5,Finisher,2684
SungYong,Cho,SungYong Cho,1722,M35-39,Male,청주시,KR-43,South Korea,KR,0:43:56,2:58:08,2:09:50,,,6:06:37,2636,10688,7790,673,210,21997,191,137,23,244,154,33,212,150,26,191,137,23,Finisher,1729
Anna,Singleton,Anna Singleton,1708,F35-39,Female,Blackmans Bay,TAS,Australia,AU,0:47:14,3:06:55,2:05:13,,,6:07:14,2834,11215,7513,342,130,22034,192,55,7,273,104,17,235,70,10,192,55,7,Finisher,2136
Vera,Efimova,Vera Efimova,1697,F35-39,Female,Aberdeen,Aberdeenshire,Russia,RU,0:44:43,3:01:34,2:15:13,,,6:08:25,2683,10894,8113,319,96,22105,193,56,8,258,99,15,206,59,8,193,56,8,Finisher,2115
Rachael,Nickels,Rachael Nickels,1597,F25-29,Female,Auckland,AUK,New Zealand,NZ,0:42:23,3:19:39,2:00:01,,,6:09:40,2543,11979,7201,305,152,22180,194,57,11,224,81,18,259,86,14,194,57,11,Finisher,2148
David,Moulder,David Moulder,1833,M45-49,Male,,AUK,United Kingdom,GB,0:43:01,3:06:04,2:08:29,,,6:09:54,2581,11164,7709,561,179,22194,195,138,21,229,148,27,229,163,28,195,138,21,Finisher,1779
Nicholas,Roughan,Nicholas Roughan,1740,M35-39,Male,London,,New Zealand,NZ,0:40:18,3:10:20,2:13:49,,,6:11:08,2418,11420,8029,295,106,22268,196,139,24,197,131,27,223,159,29,196,139,24,Finisher,1647
Jackie,Xydias,Jackie Xydias,1532,F50-54,Female,buenos aires,argentina,Argentina,AR,0:48:59,2:59:05,2:12:21,,,6:11:20,2939,10745,7941,412,243,22280,197,58,6,287,109,11,218,64,8,197,58,6,Finisher,2579
Ayako,tokairin,Ayako tokairin,1813,F45-49,Female,chuo-ku,TOKYO,Japan,JP,0:52:43,3:20:09,1:48:14,,,6:12:04,3163,12009,6494,505,153,22324,198,59,3,311,120,7,288,102,7,198,59,3,Finisher,2787
Krystee,Barclay,Krystee Barclay,1562,F18-24,Female,Riversdale,NZ,New Zealand,NZ,0:30:45,3:10:06,2:24:50,,,6:12:38,1845,11406,8690,323,94,22358,199,60,6,21,6,2,176,49,3,199,60,6,Finisher,1693
Amanda,Bell,Amanda Bell,1692,F35-39,Female,Cheltenham,VIC,Australia,AU,0:34:50,3:07:48,2:25:26,,,6:14:07,2090,11268,8726,265,98,22447,200,61,9,89,22,4,180,50,6,200,61,9,Finisher,2012
Duncan,Cundall-Curry,Duncan Cundall-Curry,1725,M35-39,Male,Gisborne,GIS,United Kingdom,GB,0:39:50,3:08:05,2:15:55,,,6:14:22,2390,11285,8155,443,189,22462,201,140,25,189,125,25,221,157,28,201,140,25,Finisher,1589
Olivia,Burns,Olivia Burns,1563,F18-24,Female,MOSCOW,ID,United States,US,0:35:27,3:17:36,2:08:30,,,6:14:28,2127,11856,7710,511,264,22468,202,62,7,98,25,3,238,72,7,202,62,7,Finisher,1660
Wendy,Ridd,Wendy Ridd,1650,F30-34,Female,Palmerston North,MWT,New Zealand,NZ,0:41:32,3:17:14,2:05:49,,,6:14:44,2492,11834,7549,412,197,22484,203,63,16,215,76,18,255,83,20,203,63,16,Finisher,2076
Ngata,Tapsell,Ngata Tapsell,1798,M40-44,Male,Auckland,AUK,New Zealand,NZ,0:42:40,2:57:09,2:28:27,,,6:15:43,2560,10629,8907,364,83,22543,204,141,24,225,144,23,175,127,22,204,141,24,Finisher,1572
Casey,Sean,Casey Sean,1721,M35-39,Male,King of Prussia,PA,United States,US,0:35:24,3:10:51,2:21:37,,,6:15:48,2124,11451,8497,306,170,22548,205,142,26,96,72,15,205,147,25,205,142,26,Finisher,1563
Kathryn,Skinner,Kathryn Skinner,1601,F25-29,Female,Auckland,AUK,New Zealand,NZ,0:35:42,3:17:31,2:15:30,,,6:15:52,2142,11851,8130,315,114,22552,206,64,12,108,29,6,230,67,11,206,64,12,Finisher,2036
Allan  ,Ayala Diaz ,Allan Ayala Diaz,1665,M30-34,Male,Christchurch,,Mexico,MX,0:46:14,3:03:08,2:18:07,,,6:16:03,2774,10988,8287,353,161,22563,207,143,22,267,166,24,220,156,24,207,143,22,Finisher,1276
Kate,Jones,Kate Jones,1688,F35-39,Female,Auckland,AUK,New Zealand,NZ,0:39:27,3:19:10,2:08:29,,,6:16:05,2367,11950,7709,325,214,22565,208,65,10,184,61,9,247,77,12,208,65,10,Finisher,1977
Stephen,Toms,Stephen Toms,1863,M50-54,Male,Hervey Bay,QLD,Australia,AU,0:33:30,3:13:56,2:18:37,,,6:16:18,2010,11636,8317,444,171,22578,209,144,9,63,52,3,217,154,10,209,144,9,Finisher,2567
Alastair,Ross,Alastair Ross,1895,M65-69,Male,Wentworth falls,NSW,Australia,AU,0:38:45,2:54:32,2:33:39,,,6:16:56,2325,10472,9219,437,163,22616,210,145,2,166,114,2,158,118,2,210,145,2,Finisher,2756
Travis,Coldrey,Travis Coldrey,1786,M40-44,Male,Northcote,VIC,Australia,AU,0:41:03,3:11:19,2:14:28,,,6:17:08,2463,11479,8068,390,228,22628,211,146,25,209,137,21,232,164,28,211,146,25,Finisher,1547
Patrik,Molander,Patrik Molander,1832,M45-49,Male,Gammelstad,,Sweden,SE,0:43:50,2:57:42,2:24:02,,,6:17:42,2630,10662,8642,435,293,22662,212,147,22,239,153,28,191,137,24,212,147,22,Finisher,1639
Laurie,Saindon,Laurie Saindon,1883,M55-59,Male,Kelowna,BC,Canada,CA,0:43:17,2:59:23,2:25:53,,,6:18:15,2597,10763,8753,365,217,22695,213,148,10,231,149,8,190,136,9,213,148,10,Finisher,2129
David,Hallamore,David Hallamore,1671,M30-34,Male,Port Melbourne,VIC,Australia,AU,0:30:36,3:07:14,2:26:12,,,6:18:36,1836,11234,8772,505,369,22716,214,149,23,18,14,2,177,128,18,214,149,23,Finisher,1230
Judy,Stepanek,Judy Stepanek,1846,F50-54,Female,OCEANSIDE,CA,United States,US,0:40:38,3:03:19,2:28:40,,,6:18:50,2438,10999,8920,285,88,22730,215,66,7,205,71,6,189,54,5,215,66,7,Finisher,2444
Nickie,West,Nickie West,1654,F30-34,Female,Christchurch,CAN,New Zealand,NZ,0:38:24,3:01:31,2:31:23,,,6:18:55,2304,10891,9083,278,179,22735,216,67,17,161,51,11,173,47,13,216,67,17,Finisher,2001
Vaughan,Minton,Vaughan Minton,1734,M35-39,Male,New Plymouth ,,New Zealand,NZ,0:40:44,3:23:59,2:04:25,,,6:20:19,2444,12239,7465,467,204,22819,217,150,27,207,135,29,267,176,33,217,150,27,Finisher,1482
Rhys,Te Au,Rhys Te Au,1838,M45-49,Male,Hastings,HKB,New Zealand,NZ,0:37:57,2:52:43,2:39:24,,,6:21:04,2277,10363,9564,461,199,22864,218,151,23,154,107,18,145,112,19,218,151,23,Finisher,1578
Robyn,Slade,Robyn Slade,1771,F40-44,Female,Hamilton,WKO,New Zealand,NZ,0:48:46,3:04:41,2:21:25,,,6:21:28,2926,11081,8485,295,101,22888,219,68,12,284,107,16,228,66,14,219,68,12,Finisher,2041
Tracey,Bourke,Tracey Bourke,1849,F50-54,Female,Patea,TKI,New Zealand,NZ,0:45:52,2:57:35,2:31:21,,,6:22:17,2752,10655,9081,334,115,22937,220,69,8,263,100,10,195,56,6,220,69,8,Finisher,2382
Naseema,Roue,Naseema Roue,1506,F45-49,Female,STAFFORD ,STAFFORDSHIRE,United Kingdom,GB,0:48:37,3:16:03,2:07:04,,,6:23:32,2917,11763,7624,364,344,23012,221,70,4,283,106,5,265,90,5,221,70,4,Finisher,2580
Michael,Rasiej,Michael Rasiej,1794,M40-44,Male,New York,NY,United States,US,0:48:48,3:20:14,2:01:40,,,6:23:49,2928,12014,7300,445,342,23029,222,152,26,285,178,30,276,183,32,222,152,26,Finisher,1426
Karina,Ormsby,Karina Ormsby,1767,F40-44,Female,Hamilton,WKO,New Zealand,NZ,0:35:41,3:07:41,2:33:14,,,6:24:22,2141,11261,9194,310,156,23062,223,71,13,107,28,5,188,53,13,223,71,13,Finisher,1988
Delphine,Lebon,Delphine Lebon,1644,F30-34,Female,BOURGNEUF,,France,FR,0:34:41,3:10:15,2:31:53,,,6:25:05,2081,11415,9113,351,145,23105,224,72,18,85,20,5,204,58,17,224,72,18,Finisher,1890
Matt,Porter,Matt Porter,1835,M45-49,Male,,NSW,Australia,AU,0:39:19,2:58:40,2:41:56,,,6:25:19,2359,10720,9716,233,91,23119,225,153,24,182,123,21,166,122,22,225,153,24,Finisher,1502
Duane,Latimer,Duane Latimer,1674,M30-34,Male,Boissevain,MB,Canada,CA,0:38:40,3:01:49,2:35:17,,,6:25:20,2320,10909,9317,361,213,23120,226,154,24,164,112,17,179,130,19,226,154,24,Finisher,1109
Luke,Cameron-Clarke,Luke Cameron-Clarke,1720,M35-39,Male,sydney,NSW,Australia,AU,0:34:06,2:59:54,2:43:32,,,6:26:27,2046,10794,9812,379,156,23187,227,155,28,69,57,8,154,116,20,227,155,28,Finisher,1372
Morné,du Plessis,Morné du Plessis,1826,M45-49,Male,Tauranga,,New Zealand,NZ,0:37:26,3:06:23,2:34:17,,,6:27:04,2246,11183,9257,335,203,23224,228,156,25,138,97,14,198,142,25,228,156,25,Finisher,1470
Jesse,Smythe,Jesse Smythe,1743,M35-39,Male,Robina,AU-QLD,Australia,AU,0:40:14,3:12:11,2:22:53,,,6:27:33,2414,11531,8573,449,286,23253,229,157,29,195,130,26,236,166,30,229,157,29,Finisher,1352
Kyle,Webster,Kyle Webster,1629,M25-29,Male,Auckland,AUK,New Zealand,NZ,0:49:09,3:20:08,2:09:57,,,6:29:35,2949,12008,7797,428,193,23375,230,158,22,290,180,23,275,182,23,230,158,22,Finisher,1084
Lucia,Nebreda,Lucia Nebreda,1596,F25-29,Female,Aukland,,Spain,ES,0:39:49,3:23:31,2:20:38,,,6:30:58,2389,12211,8438,276,144,23458,231,73,13,188,64,11,260,87,15,231,73,13,Finisher,1764
Bernie,Pilgrim,Bernie Pilgrim,1882,M55-59,Male,Caves Beach,NSW,Australia,AU,0:47:08,3:02:54,2:32:49,,,6:32:06,2828,10974,9169,423,132,23526,232,159,11,272,169,12,226,162,12,232,159,11,Finisher,1879
Amanda,Anderson,Amanda Anderson,1691,F35-39,Female,Bonny Hills,AU-NSW,Australia,AU,0:39:29,3:20:35,2:24:32,,,6:32:11,2369,12035,8672,314,141,23531,233,74,11,185,62,10,253,81,14,233,74,11,Finisher,1687
Christopher,Flintoft,Christopher Flintoft,1855,M50-54,Male,Dover Heights,NSW,Australia,AU,0:51:28,3:07:48,2:26:12,,,6:32:19,3088,11268,8772,279,132,23539,234,160,10,304,187,12,245,170,11,234,160,10,Finisher,2278
Stewart,Mclachlan,Stewart Mclachlan,1791,M40-44,Male,Auckland,AUK,New Zealand,NZ,0:45:08,3:08:13,2:31:51,,,6:32:49,2708,11293,9111,341,116,23569,235,161,27,260,161,25,233,165,29,235,161,27,Finisher,1264
Aubrey,Mable,Aubrey Mable,1595,F25-29,Female,Aurora,CO,United States,US,0:43:46,3:15:22,2:24:10,,,6:33:13,2626,11722,8650,386,209,23593,236,75,14,238,86,19,254,82,12,236,75,14,Finisher,1724
Briar,Templeton,Briar Templeton,1568,F18-24,Female,Taupo,WKO,New Zealand,NZ,0:51:35,3:14:04,2:20:40,,,6:33:19,3095,11644,8440,303,117,23599,237,76,8,306,118,10,264,89,9,237,76,8,Finisher,1321
Emma,Doucette,Emma Doucette,1807,F45-49,Female,New Plymouth,TKI,New Zealand,NZ,0:40:38,3:07:02,2:36:48,,,6:34:25,2438,11222,9408,386,211,23665,238,77,5,205,71,4,215,63,3,238,77,5,Finisher,2384
Tamsin,Bateman,Tamsin Bateman,1581,F25-29,Female,Auckland,AUK,New Zealand,NZ,0:40:16,3:24:45,2:19:57,,,6:34:26,2416,12285,8397,348,220,23666,239,78,15,196,66,13,266,91,17,239,78,15,Finisher,1702
Joanne,Parker-Stirling,Joanne Parker-Stirling,1649,F30-34,Female,"overton, ludlow",shropshire,United Kingdom,GB,0:39:32,3:19:59,2:24:23,,,6:34:42,2372,11999,8663,312,336,23682,240,79,19,186,63,17,248,78,19,240,79,19,Finisher,1717
Leticia,La Porta,Leticia La Porta,1643,F30-34,Female,Te puke,BOP,Argentina,AR,0:49:38,3:10:54,2:25:40,,,6:36:15,2978,11454,8740,392,211,23775,241,80,20,294,113,24,258,85,21,241,80,20,Finisher,1689
Michael,Watemburg,Michael Watemburg,1746,M35-39,Male,Taupo,WKO,New Zealand,NZ,0:37:44,3:05:09,2:45:48,,,6:36:15,2264,11109,9948,273,181,23775,241,162,30,149,104,22,181,131,22,241,162,30,Finisher,1195
Gemma,Heyes,Gemma Heyes,1640,F30-34,Female,NEWTOWN,NSW,New Zealand,NZ,0:38:33,3:06:18,2:42:40,,,6:36:46,2313,11178,9760,312,243,23806,243,81,21,163,52,12,200,57,16,243,81,21,Finisher,1680
Anna,Ward,Anna Ward,1603,F25-29,Female,Ngongotaha,BOP,New Zealand,NZ,0:41:27,3:20:38,2:23:27,,,6:37:14,2487,12038,8607,432,270,23834,244,82,16,214,75,16,262,88,16,244,82,16,Finisher,1652
Zheng,Wang,Zheng Wang,1800,M40-44,,Beijing,Beijing,China,CN,0:48:09,3:15:37,2:16:33,,,6:37:22,2889,11737,8193,592,431,23842,245,163,28,279,174,28,269,178,31,245,163,28,Finisher,1182
Roslyn,Jessop,Roslyn Jessop,1701,F35-39,Female,Washington,UT,United States,US,0:46:23,3:10:48,2:31:35,,,6:38:15,2783,11448,9095,478,91,23895,246,83,12,269,102,16,250,80,13,246,83,12,Finisher,1578
David,Castro,David Castro,1668,M30-34,Male,QUITO,PICHINCHA,Ecuador,EC,0:55:51,3:04:25,2:29:57,,,6:38:22,3351,11065,8997,299,190,23902,247,164,25,322,199,26,252,172,25,247,164,25,Finisher,874
Helena,Fooij,Helena Fooij,1852,F50-54,Female,Dee Why,AU-NSW,Netherlands,NL,0:41:35,3:16:12,2:30:24,,,6:39:03,2495,11772,9024,371,281,23943,248,84,9,217,78,7,246,76,9,248,84,9,Finisher,2080
Taeyoung,Choi,Taeyoung Choi,1723,M35-39,Male,Auckland,AUK,South Korea,KR,0:41:47,3:02:09,2:42:30,,,6:39:51,2507,10929,9750,594,211,23991,249,165,31,220,142,31,214,152,27,249,165,31,Finisher,1130
Darren,Jones,Darren Jones,1860,M50-54,Male,Casuarina,NSW,Australia,AU,0:42:50,3:00:19,2:44:28,,,6:39:59,2570,10819,9868,559,183,23999,250,166,11,228,147,8,211,149,9,250,166,11,Finisher,2140
Karen,Nancarrow,Karen Nancarrow,1888,F60-64,Female,Nelson,NSN,New Zealand,NZ,0:37:43,3:20:29,2:31:11,,,6:40:22,2263,12029,9071,416,243,24022,251,85,1,148,45,1,249,79,1,251,85,1,Finisher,3500
Sayaka,Komine,Sayaka Komine,1604,F25-29,Female,Barnaby,BC,Japan,JP,0:40:32,3:14:56,2:34:24,,,6:41:33,2432,11696,9264,628,73,24093,252,86,17,201,69,15,256,84,13,252,86,17,Finisher,1574
Jason,Smith,Jason Smith,1805,M40-44,Male,Christchurch,CAN,New Zealand,NZ,0:54:19,2:47:58,2:50:49,,,6:41:46,3259,10078,10249,410,110,24106,253,167,29,319,197,36,196,140,26,253,167,29,Finisher,1103
Hillary,Westerhoff,Hillary Westerhoff,1710,F35-39,Female,Taupo,WKO,New Zealand,NZ,0:33:37,3:09:49,2:42:23,,,6:41:46,2017,11389,9743,541,416,24106,253,87,13,64,12,2,210,62,9,253,87,13,Finisher,1515
Chris,Huculak,Chris Huculak,1787,M40-44,Male,Midland,TX,Canada,CA,0:47:58,3:16:16,2:28:26,,,6:41:54,2878,11776,8906,386,168,24114,255,168,30,278,173,27,263,175,30,255,168,30,Finisher,1101
Nicky,Skinner,Nicky Skinner,1810,F45-49,Female,New Plymouth,TKI,New Zealand,NZ,0:37:20,3:17:04,2:37:47,,,6:41:54,2240,11824,9467,370,213,24114,255,88,6,136,41,2,237,71,4,255,88,6,Finisher,2250
Peiting,Lien,Peiting Lien,1703,F35-39,Female,Lutherville,MD,New Zealand,NZ,0:44:01,3:29:17,2:19:27,,,6:43:11,2641,12557,8367,477,149,24191,257,89,14,247,93,14,287,101,16,257,89,14,Finisher,1489
Jack,Campbell,Jack Campbell,1890,M60-64,Male,Courtenay,BC,Canada,CA,0:52:26,3:10:48,2:30:22,,,6:43:17,3146,11448,9022,339,242,24197,258,169,4,310,191,3,261,174,4,258,169,4,Finisher,2233
Muizz,Hasnani,Muizz Hasnani,1619,M25-29,Male,BSB,Brunei Muara,Brunei,BN,0:49:55,3:00:02,2:43:18,,,6:43:21,2995,10802,9798,401,205,24201,259,170,23,298,183,25,225,161,22,259,170,23,Finisher,836
Kirsten,Price,Kirsten Price,1769,F40-44,Female,Taupo,AU-WA,New Zealand,NZ,0:36:27,3:32:59,2:28:20,,,6:45:45,2187,12779,8900,322,157,24345,260,90,14,129,38,7,271,92,15,260,90,14,Finisher,1604
Ewald,Kruger,Ewald Kruger,1732,M35-39,Male,Christchurch,CAN,New Zealand,NZ,0:40:30,3:18:26,2:39:40,,,6:45:49,2430,11906,9580,265,168,24349,261,171,32,200,132,28,243,168,31,261,171,32,Finisher,1023
Hikari,Azuma,Hikari Azuma,1579,F25-29,Female,つくば市研究学園,茨城県,Japan,JP,0:43:53,3:32:30,2:15:42,,,6:46:42,2633,12750,8142,650,227,24402,262,91,18,241,88,20,296,109,19,262,91,18,Finisher,1481
Christiana,Nelson,Christiana Nelson,1648,F30-34,Female,Denver,CO,United States,US,0:54:06,3:41:47,2:02:01,,,6:47:20,3246,13307,7321,396,170,24440,263,92,22,318,122,25,309,116,23,263,92,22,Finisher,1490
Glenn,Crozier,Glenn Crozier,1879,M55-59,Male,Tauranga,BOP,New Zealand,NZ,0:44:04,1:36:28,2:37:18,,,6:48:23,2644,5788,9438,341,6292,24503,264,172,12,248,155,9,1,1,1,264,172,12,Finisher,1586
Gareth,Milne,Gareth Milne,1733,M35-39,Male,Queenstown,OTA,New Zealand,NZ,0:43:27,3:12:45,2:39:29,,,6:48:35,2607,11565,9569,539,235,24515,265,173,33,233,151,32,251,171,32,265,173,33,Finisher,973
Philip,Wraight,Philip Wraight,1842,M45-49,Male,Taupo,,New Zealand,NZ,0:41:24,3:25:42,2:32:38,,,6:48:42,2484,12342,9158,373,165,24522,266,174,26,213,139,24,268,177,29,266,174,26,Finisher,1081
Sophie,Hicks Lloyd,Sophie Hicks Lloyd,1764,F40-44,Female,,NSW,Australia,AU,0:43:45,3:30:12,2:25:33,,,6:50:16,2625,12612,8733,474,172,24616,267,93,15,237,85,13,290,104,17,267,93,15,Finisher,1522
Elaine,Fu,Elaine Fu,1698,F35-39,Female,Hong Kong,Hong Kong,Hong Kong,HK,0:49:46,3:34:33,2:11:31,,,6:51:09,2986,12873,7891,576,343,24669,268,94,15,296,115,18,303,114,18,268,94,15,Finisher,1346
Kelvin,Roberts,Kelvin Roberts,1837,M45-49,Male,Auckland,AUK,New Zealand,NZ,0:36:05,3:11:08,2:49:58,,,6:51:33,2165,11468,10198,552,310,24693,269,175,27,117,83,11,224,160,27,269,175,27,Finisher,1030
Kathryn,King,Kathryn King,1884,F60-64,Female,Taren Point,NSW,Australia,AU,0:43:54,3:28:51,2:31:31,,,6:51:36,2634,12531,9091,312,128,24696,270,95,2,242,89,2,277,94,3,270,95,2,Finisher,3297
Timothy,Smith,Timothy Smith,1742,M35-39,Male,bronte,NSW,Australia,AU,0:38:55,3:33:59,2:23:36,,,6:51:41,2335,12839,8616,492,419,24701,271,176,34,171,116,23,286,186,34,271,176,34,Finisher,917
Isabelle,Bellis,Isabelle Bellis,1758,F40-44,Female,Hoogstraten,,Unknown,,0:55:06,3:16:30,2:23:43,,,6:54:39,3306,11790,8623,631,529,24879,272,96,16,320,123,20,291,105,18,272,96,16,Finisher,1443
Kedar,Vartak,Kedar Vartak,1864,M50-54,Male,SHARJAH,Sharjah,India,IN,0:55:10,3:15:06,2:27:15,,,6:55:23,3310,11706,8835,752,320,24923,273,177,12,321,198,13,292,187,13,273,177,12,Finisher,1863
Darren,Ngarewa,Darren Ngarewa,1856,M50-54,Male,Patea,TKI,New Zealand,NZ,0:46:35,3:12:04,2:43:29,,,6:56:47,2795,11524,9809,443,436,25007,274,178,13,270,168,11,257,173,12,274,178,13,Finisher,1838
Warren,Hill,Warren Hill,1536,M75-79,Male,Auckland,,New Zealand,NZ,0:51:34,3:16:38,2:38:51,,,6:57:20,3094,11798,9531,441,176,25040,275,179,1,305,188,1,273,180,1,275,179,1,Finisher,3500
Michael,Hall,Michael Hall,1831,M45-49,Male,Auckland,AU-NSW,New Zealand,NZ,0:44:07,3:28:43,2:32:58,,,6:58:38,2647,12523,9178,446,324,25118,276,180,28,249,156,29,281,185,31,276,180,28,Finisher,902
Marc Andre,Cloutier,Marc Andre Cloutier,1824,M45-49,Male,ottawa,ON,Canada,CA,0:58:04,3:24:21,2:30:00,,,7:00:35,3484,12261,9000,370,120,25235,277,181,29,326,201,34,300,189,33,277,181,29,Finisher,867
Ivy,Reondanga,Ivy Reondanga,1705,F35-39,Female,Auckland,AUK,Philippines,PH,0:43:04,3:34:21,2:33:00,,,7:00:58,2584,12861,9180,463,170,25258,278,97,16,230,82,13,294,107,17,278,97,16,Finisher,1169
Paula,Ryan,Paula Ryan,1706,F35-39,Female,,QLD,Australia,AU,0:41:19,3:09:41,2:51:03,,,7:01:32,2479,11381,10263,719,450,25292,279,98,17,212,74,12,240,73,11,279,98,17,Finisher,1159
Kim,Campbell,Kim Campbell,1886,F60-64,Female,Courtenay,BC,Canada,CA,0:45:52,3:23:01,2:43:17,,,7:03:18,2752,12181,9797,383,285,25398,280,99,3,263,100,3,272,93,2,280,99,3,Finisher,3087
Shihong,Huang,Shihong Huang,1804,M40-44,Male,广州,广东省,China,CN,0:51:11,3:20:39,2:39:16,,,7:03:26,3071,12039,9556,420,320,25406,281,182,31,303,186,33,279,184,33,281,182,31,Finisher,713
Naoko,Kusakabe,Naoko Kusakabe,1765,F40-44,Female,Harumi Chuo-ku,JP-13,Japan,JP,0:49:23,3:20:00,2:38:58,,,7:03:33,2963,12000,9538,666,246,25413,282,100,17,292,112,19,283,98,16,282,100,17,Finisher,1283
Raya,Helyar,Raya Helyar,1560,F18-24,Female,Hamilton,WKO,New Zealand,NZ,0:43:33,3:13:10,2:57:17,,,7:04:15,2613,11590,10637,377,238,25455,283,101,9,236,84,9,241,74,8,283,101,9,Finisher,764
Alastair,Duhs,Alastair Duhs,1827,M45-49,Male,Auckland,,New Zealand,NZ,0:41:56,3:26:08,2:47:12,,,7:05:25,2516,12368,10032,391,218,25525,284,183,30,222,143,25,270,179,30,284,183,30,Finisher,780
Catherine,Clement,Catherine Clement,1756,F40-44,Female,Alameda,CA,United States,US,0:49:16,3:32:31,2:33:23,,,7:05:36,2956,12751,9203,344,282,25536,285,102,18,291,111,18,299,111,20,285,102,18,Finisher,1246
Katie,Black,Katie Black,1850,F50-54,Female,New Plymouth,TKI,New Zealand,NZ,0:44:08,3:32:50,2:34:56,,,7:05:57,2648,12770,9296,450,393,25557,286,103,10,250,94,9,293,106,11,286,103,10,Finisher,1596
Jodine,Tierney,Jodine Tierney,1772,F40-44,Female,Hamilton,WKO,New Zealand,NZ,0:37:53,3:42:15,2:34:49,,,7:06:16,2273,13335,9289,368,311,25576,287,104,19,151,46,10,295,108,19,287,104,19,Finisher,1234
Yvonne,Shaw,Yvonne Shaw,1870,F55-59,Female,Fairlie,CAN,New Zealand,NZ,0:50:19,3:24:38,2:43:26,,,7:06:56,3019,12278,9806,353,160,25616,288,105,1,300,116,4,285,100,2,288,105,1,Finisher,3500
Danny,Warner,Danny Warner,1840,M45-49,Male,Kingscliff,NSW,Australia,AU,0:44:23,3:01:24,3:11:50,,,7:07:09,2663,10884,11510,376,196,25629,289,184,31,256,158,30,207,148,26,289,184,31,Finisher,749
Ian,King,Ian King,1535,M70-74,Male,Sunshine Coast,QLD,Australia,AU,0:46:16,3:23:18,2:51:49,,,7:10:07,2776,12198,10309,410,114,25807,290,185,1,268,167,1,274,181,1,290,185,1,Finisher,3500
Margy,Weisman,Margy Weisman,1848,F50-54,Female,Saint Louis,MO,United States,US,0:38:01,3:34:09,2:46:08,,,7:10:48,2281,12849,9968,491,259,25848,291,106,11,158,49,3,282,97,10,291,106,11,Finisher,1508
Kathleen,Hooper,Kathleen Hooper,1589,F25-29,Female,Denver,CO,United States,US,0:42:14,3:43:06,2:34:33,,,7:11:18,2534,13386,9273,511,174,25878,292,107,19,223,80,17,302,113,20,292,107,19,Finisher,1038
Jenny,Scaysbrook,Jenny Scaysbrook,1869,F55-59,Female,terranora,NSW,Australia,AU,0:37:54,3:19:23,3:06:18,,,7:11:54,2274,11963,11178,344,155,25914,293,108,2,152,47,1,242,75,1,293,108,2,Finisher,3410
Fay,Allen,Fay Allen,1637,F30-34,Female,Auckland,AUK,New Zealand,NZ,0:44:09,3:39:36,2:38:08,,,7:12:34,2649,13176,9488,518,123,25954,294,109,23,252,96,21,301,112,22,294,109,23,Finisher,1035
Trudy,Te Au,Trudy Te Au,1812,F45-49,Female,Hastings,HKB,Netherlands,NL,0:51:03,3:16:36,2:51:30,,,7:13:55,3063,11796,10290,625,261,26035,295,110,7,302,117,6,278,95,6,295,110,7,Finisher,1673
Julie,Etheridge,Julie Etheridge,1808,F45-49,Female,Hamilton,WKO,New Zealand,NZ,0:58:04,3:47:20,2:22:09,,,7:14:20,3484,13640,8529,307,100,26060,296,111,8,326,126,8,313,119,8,296,111,8,Finisher,1666
Mika,Shito,Mika Shito,1600,F25-29,Female,練馬区大泉町,東京都,Japan,JP,0:40:22,3:29:22,2:52:41,,,7:14:59,2422,12562,10361,649,105,26099,297,112,20,199,68,14,284,99,18,297,112,20,Finisher,972
Anthony,Townsend,Anthony Townsend,1821,M45-49,Male,Wellington,WGN,New Zealand,NZ,0:47:33,3:31:18,2:42:04,,,7:16:23,2853,12678,9724,512,416,26183,298,186,32,276,172,31,297,188,32,298,186,32,Finisher,700
Ami,Yau,Ami Yau,1657,F30-34,Female,,,Hong Kong,HK,0:47:01,3:54:02,2:22:39,,,7:20:17,2821,14042,8559,701,294,26417,299,113,24,271,103,23,318,120,25,299,113,24,Finisher,896
Sigo,Mühlich,Sigo Mühlich,1793,M40-44,Male,Bovenden,,Germany,DE,0:50:47,3:42:41,2:40:11,,,7:20:45,3047,13361,9611,324,102,26445,300,187,32,301,185,32,306,191,35,300,187,32,Finisher,700
Jennifer,McGrath,Jennifer McGrath,1885,F60-64,Female,Fitzroy North,AU-VIC,Australia,AU,0:51:47,3:21:52,2:56:22,,,7:21:34,3107,12112,10582,466,227,26494,301,114,4,308,119,4,289,103,4,301,114,4,Finisher,2758
William,Ang,William Ang,1877,M55-59,Male,manukau,AUK,New Zealand,NZ,0:45:10,3:47:39,2:34:39,,,7:21:43,2710,13659,9279,454,401,26503,302,188,13,261,162,11,307,192,13,302,188,13,Finisher,986
Siu Yan Evelyn,Mak,Siu Yan Evelyn Mak,1647,F30-34,Female,,,Hong Kong,HK,0:43:56,3:55:15,2:30:13,,,7:22:42,2636,14115,9013,589,209,26562,303,115,25,244,91,20,311,117,24,303,115,25,Finisher,853
Jolin,Yang,Jolin Yang,1711,F35-39,Female,Auckland,AUK,New Zealand,NZ,0:41:17,3:27:20,3:01:19,,,7:26:12,2477,12440,10879,655,321,26772,304,116,18,210,73,11,280,96,15,304,116,18,Finisher,715
Tina,Cornelius,Tina Cornelius,1871,F55-59,Female,Porirua,WGN,New Zealand,NZ,0:44:15,3:35:57,2:56:33,,,7:30:06,2655,12957,10593,435,366,27006,305,117,3,255,98,2,298,110,3,305,117,3,Finisher,3083
Mark,Stantiall,Mark Stantiall,1627,M25-29,Male,Tauranga,BOP,New Zealand,NZ,0:53:07,3:51:50,2:36:44,,,7:33:19,3187,13910,9404,405,293,27199,306,189,24,314,194,26,314,195,24,306,189,24,Finisher,700
Ian,Brown,Ian Brown,1778,M40-44,Male,Wellington,WGN,New Zealand,NZ,0:49:53,3:47:06,2:49:28,,,7:34:24,2993,13626,10168,356,121,27264,307,190,33,297,182,31,310,194,36,307,190,33,Finisher,700
Steve,Wait,Steve Wait,1866,M50-54,Male,Tucson,Arizona,United States,US,1:03:33,3:40:22,2:42:05,,,7:37:27,3813,13222,9725,482,205,27447,308,191,14,331,204,14,315,196,14,308,191,14,DNF,0
Megan,Alderton,Megan Alderton,1578,F25-29,Female,,,United Kingdom,GB,0:47:43,3:54:58,2:44:49,,,7:37:48,2863,14098,9889,412,206,27468,309,118,21,277,105,22,312,118,22,309,118,21,Finisher,700
Neal,Aki,Neal Aki,1876,M55-59,Male,San Jose,CA,United States,US,0:55:55,3:38:02,2:54:20,,,7:41:25,3355,13082,10460,461,327,27685,310,192,14,323,200,14,308,193,14,310,192,14,Finisher,700
Vanessa,Love,Vanessa Love,1594,F25-29,Female,Ranfurly,OTA,New Zealand,NZ,0:53:53,3:36:07,3:06:32,,,7:47:40,3233,12967,11192,357,311,28060,311,119,22,316,121,24,304,115,21,311,119,22,Finisher,700
Jasmine,Sim,Jasmine Sim,1707,F35-39,Female,Singapore,,Singapore,SG,0:58:38,3:53:49,2:45:06,,,7:49:13,3518,14029,9906,411,289,28153,312,120,19,328,127,20,320,121,19,312,120,19,Finisher,700
Carleen,Gibbons,Carleen Gibbons,1872,F55-59,Female,,TKI,New Zealand,NZ,0:49:40,4:09:26,2:43:51,,,7:54:51,2980,14966,9831,558,156,28491,313,121,4,295,114,3,322,123,4,313,121,4,DNF,0
Bin,Chen,Bin Chen,1823,M45-49,Male,杭州,浙江省,China,CN,0:54:04,3:46:30,3:00:05,,,8:02:54,3244,13590,10805,704,631,28974,314,193,33,317,196,33,316,197,34,314,193,33,DNF,0
Mike,Gaffaney,Mike Gaffaney,1894,M65-69,Male,,AUK,New Zealand,NZ,1:00:37,3:40:50,3:06:00,,,8:02:54,3637,13250,11160,657,270,28974,314,193,3,329,202,3,317,198,3,314,193,3,DNF,0
Dinnie,Moeahu,Dinnie Moeahu,1792,M40-44,Male,Opunake,TKI,New Zealand,NZ,0:51:35,3:38:45,3:25:47,,,8:06:42,3095,13125,12347,475,160,29202,316,195,34,306,189,34,305,190,34,316,195,34,DNF,0
Stellanie Ang,Cordero,Stellanie Ang Cordero,1694,F35-39,Female,Auckland,AUK,Philippines,PH,0:57:00,4:06:39,3:00:43,,,8:15:39,3420,14799,10843,485,192,29739,317,122,20,324,124,19,325,125,21,317,122,20,DNF,0
Mikhail,Zhukov,Mikhail Zhukov,1631,M25-29,Male,Auckland,"Beach Haven
",Russia,RU,0:49:02,4:15:53,3:10:31,,,8:28:21,2942,15353,11431,612,163,30501,318,196,25,288,179,22,326,201,25,318,196,25,DNF,0
Cathy,Davenport,Cathy Davenport,1585,F25-29,Female,Foxton,MWT,New Zealand,NZ,0:49:06,4:46:18,2:45:28,,,8:33:32,2946,17178,9928,537,223,30812,319,123,23,289,110,23,328,126,24,319,123,23,DNF,0
Hollie,Robards,Hollie Robards,1599,F25-29,Female,Banora Point,NSW,Australia,AU,0:44:08,4:12:04,3:25:35,,,8:35:14,2648,15124,12335,550,257,30914,320,124,24,250,94,21,321,122,23,320,124,24,DNF,0
Ka Kei,Wong,Ka Kei Wong,1759,F40-44,Female,,,Hong Kong,HK,0:58:03,4:40:13,2:47:29,,,8:36:54,3483,16813,10049,439,230,31014,321,125,20,325,125,21,329,127,21,321,125,20,DNF,0
Garth,Barfoot,Garth Barfoot,1519,M80-84,Male,,AUK,New Zealand,NZ,0:53:00,3:49:05,3:49:41,,,8:47:28,3180,13745,13781,747,195,31648,322,197,1,312,192,1,319,199,1,322,197,1,DNF,0
PengYuan,Wang,PengYuan Wang,1748,M35-39,Male,海淀区,北京,China,CN,1:02:08,4:10:18,3:31:38,,,8:57:46,3728,15018,12698,636,186,32266,323,198,35,330,203,35,327,202,35,323,198,35,DNF,0
Leah,Childs,Leah Childs,1760,F40-44,Female,Moruya,,Australia,AU,,,,,,,0,0,0,0,0,0,99999,99999,99999,99999,99999,99999,99999,99999,99999,99999,99999,99999,DNS,0
Brett,Bothma,Brett Bothma,1551,M40-44,Male,Torbay,,New Zealand,NZ,,,,,,,0,0,0,0,0,0,99999,99999,99999,99999,99999,99999,99999,99999,99999,99999,99999,99999,DNS,0
Scott,Singleton,Scott Singleton,1795,M40-44,Male,Blackmans Bay,TAS,Australia,AU,,,,,,,0,0,0,0,0,0,99999,99999,99999,99999,99999,99999,99999,99999,99999,99999,99999,99999,DNS,0
Isaac,Young,Isaac Young,1803,M40-44,Male,Auckland,AUK,New Zealand,NZ,,,,,,,2026,8952,0,197,53,0,99999,99999,99999,66,54,7,30,29,5,99999,99999,99999,DNF,0
Michael,Harries,Michael Harries,1867,M50-54,Male,,QLD,Australia,AU,,,,,,,0,0,0,0,0,0,99999,99999,99999,99999,99999,99999,99999,99999,99999,99999,99999,99999,DNS,0
Craig,Wall,Craig Wall,1892,M60-64,Male,Levin,,New Zealand,NZ,,,,,,,0,0,0,0,0,0,99999,99999,99999,99999,99999,99999,99999,99999,99999,99999,99999,99999,DNS,0
Jennifer,Eyers,Jennifer Eyers,1588,F25-29,Female,auckland,AUK,New Zealand,NZ,,,,,,,0,0,0,0,0,0,99999,99999,99999,99999,99999,99999,99999,99999,99999,99999,99999,99999,DNS,0
Susan,Osland,Susan Osland,1809,F45-49,Female,Taupo,WKO,New Zealand,NZ,,,,,,,0,0,0,0,0,0,99999,99999,99999,99999,99999,99999,99999,99999,99999,99999,99999,99999,DNS,0
Nadia,Maclaren,Nadia Maclaren,1752,F40-44,Female,,CAN,New Zealand,NZ,,,,,,,2066,10862,0,291,292,0,99999,99999,99999,75,15,3,154,39,10,99999,99999,99999,DNF,0
Scott,Williams,Scott Williams,1801,M40-44,Male,,,New Zealand,NZ,,,,,,,0,0,0,0,0,0,99999,99999,99999,99999,99999,99999,99999,99999,99999,99999,99999,99999,DNS,0
Bruno,Lira,Bruno Lira,1660,M30-34,Male,Auckland,AUK,Brazil,BR,,,,,,,0,0,0,0,0,0,99999,99999,99999,99999,99999,99999,99999,99999,99999,99999,99999,99999,DNS,0
Mark,Crain,Mark Crain,1724,M35-39,Male,Reservoir,VIC,Australia,AU,,,,,,,0,0,0,0,0,0,99999,99999,99999,99999,99999,99999,99999,99999,99999,99999,99999,99999,DNS,0
Stephen,Kemp,Stephen Kemp,1507,M55-59,Male,Vienna,foreigner,United Kingdom,GB,,,,,,,0,0,0,0,0,0,99999,99999,99999,99999,99999,99999,99999,99999,99999,99999,99999,99999,DNS,0
David,Parker,David Parker,1682,M30-34,Male,Auckland,AUK,United Kingdom,GB,,,,,,,0,0,0,0,0,0,99999,99999,99999,99999,99999,99999,99999,99999,99999,99999,99999,99999,DNS,0
Kevin,Slack,Kevin Slack,1741,M35-39,Male,,,United Kingdom,GB,,,,,,,0,0,0,0,0,0,99999,99999,99999,99999,99999,99999,99999,99999,99999,99999,99999,99999,DNS,0
Leanne,Hudson,Leanne Hudson,1749,F40-44,Female,Hamilton Valley,NSW,Australia,AU,,,,,,,0,0,0,0,0,0,99999,99999,99999,99999,99999,99999,99999,99999,99999,99999,99999,99999,DNS,0
Michael,Law,Michael Law,1675,M30-34,Male,Whanganui,MWT,New Zealand,NZ,,,,,,,0,0,0,0,0,0,99999,99999,99999,99999,99999,99999,99999,99999,99999,99999,99999,99999,DNS,0
Brett,Woodwiss,Brett Woodwiss,1816,M45-49,Male,Richmond,TAS,New Zealand,NZ,,,,,,,0,0,0,0,0,0,99999,99999,99999,99999,99999,99999,99999,99999,99999,99999,99999,99999,DNS,0
Machiko,Iwawawa,Machiko Iwawawa,1605,F25-29,Female,甲府市蓬沢1-13-24,山梨県,Japan,JP,,,,,,,0,0,0,0,0,0,99999,99999,99999,99999,99999,99999,99999,99999,99999,99999,99999,99999,DNS,0
Meagan,Solomon,Meagan Solomon,1868,F55-59,Female,menai,NSW,Australia,AU,,,,,,,0,0,0,0,0,0,99999,99999,99999,99999,99999,99999,99999,99999,99999,99999,99999,99999,DNS,0
Ute,Simon,Ute Simon,1873,F55-59,Female,Bendorf,,Germany,DE,,,,,,,0,0,0,0,0,0,99999,99999,99999,99999,99999,99999,99999,99999,99999,99999,99999,99999,DNS,0
Kororia,Kahui-Ariki,Kororia Kahui-Ariki,1844,F50-54,Female,Auckland,AUK,New Zealand,NZ,,,,,,,0,0,0,0,0,0,99999,99999,99999,99999,99999,99999,99999,99999,99999,99999,99999,99999,DNS,0
Jessie,Glew,Jessie Glew,1547,F25-29,Female,Curl Curl,NSW,Australia,AU,,,,,,,0,0,0,0,0,0,99999,99999,99999,99999,99999,99999,99999,99999,99999,99999,99999,99999,DNS,0
Steven,Adams,Steven Adams,1818,M45-49,Male,Rye,VIC,Australia,AU,,,,,,,0,0,0,0,0,0,99999,99999,99999,99999,99999,99999,99999,99999,99999,99999,99999,99999,DNS,0
Ivonne,Ramirez,Ivonne Ramirez,1770,F40-44,Female,New York,NY,United States,US,,,,,,,0,0,0,0,0,0,99999,99999,99999,99999,99999,99999,99999,99999,99999,99999,99999,99999,DNS,0
Scott,Devonport,Scott Devonport,1897,M40-44,Male,Taupo,BOP,New Zealand,NZ,,,,,,,2080,11358,0,266,0,0,99999,99999,99999,83,65,9,187,135,25,99999,99999,99999,DNF,0
Diego,Moreno,Diego Moreno,1623,M25-29,Male,Dunedin,OTA,Chile,CL,,,,,,,0,0,0,0,0,0,99999,99999,99999,99999,99999,99999,99999,99999,99999,99999,99999,99999,DNS,0
Leandro,Pedroso,Leandro Pedroso,1738,M35-39,Male,Brasília,DF,Brazil,BR,,,,,,,0,0,0,0,0,0,99999,99999,99999,99999,99999,99999,99999,99999,99999,99999,99999,99999,DNS,0
Hayley,Jone,Hayley Jone,1584,F25-29,Female,Wellington,WGN,New Zealand,NZ,,,,,,,0,0,0,0,0,0,99999,99999,99999,99999,99999,99999,99999,99999,99999,99999,99999,99999,DNS,0
Walter,Thorburn,Walter Thorburn,1556,M55-59,Male,Auckland,AUK,New Zealand,NZ,,,,,,,0,0,0,0,0,0,99999,99999,99999,99999,99999,99999,99999,99999,99999,99999,99999,99999,DNS,0
Sally,De Gruchy,Sally De Gruchy,1582,F25-29,Female,Bondi Beach,NSW,Australia,AU,,,,,,,0,0,0,0,0,0,99999,99999,99999,99999,99999,99999,99999,99999,99999,99999,99999,99999,DNS,0
Toby,Adams,Toby Adams,1896,M40-44,Male,Paeroa,WKO,New Zealand,NZ,,,,,,,0,0,0,0,0,0,99999,99999,99999,99999,99999,99999,99999,99999,99999,99999,99999,99999,DNS,0
Lijun,Zhang,Lijun Zhang,1773,F40-44,Female,North Shore,AUK,China,CN,,,,,,,0,0,0,0,0,0,99999,99999,99999,99999,99999,99999,99999,99999,99999,99999,99999,99999,DNS,0
Dean,Williams,Dean Williams,1630,M25-29,Male,Auckland,AUK,Austria,AT,,,,,,,0,0,0,0,0,0,99999,99999,99999,99999,99999,99999,99999,99999,99999,99999,99999,99999,DQ,0
Wah,Ma,Wah Ma,1676,M30-34,Male,Hk,Hong Kong,Hong Kong,HK,,,,,,,4661,0,0,344,0,0,99999,99999,99999,334,205,27,99999,99999,99999,99999,99999,99999,DNF,0
Rahmat Idris,Manggabarani,Rahmat Idris Manggabarani,1677,M30-34,Male,"mamajang
90131","sulawesi selatan
indonesia",Indonesia,ID,,,,,,,0,0,0,0,0,0,99999,99999,99999,99999,99999,99999,99999,99999,99999,99999,99999,99999,DNS,0
Breanna,White,Breanna White,1656,F30-34,Female,San Diego,CA,United States,US,,,,,,,0,0,0,0,0,0,99999,99999,99999,99999,99999,99999,99999,99999,99999,99999,99999,99999,DNS,0
Tracey,Pearce-Sampson,Tracey Pearce-Sampson,1768,F40-44,Female,Carina Heights,QLD,Australia,AU,,,,,,,0,0,0,0,0,0,99999,99999,99999,99999,99999,99999,99999,99999,99999,99999,99999,99999,DNS,0
Carlijn,Kerdijk,Carlijn Kerdijk,1592,F25-29,Female,Surry Hills,NSW,Netherlands,NL,,,,,,,0,0,0,0,0,0,99999,99999,99999,99999,99999,99999,99999,99999,99999,99999,99999,99999,DNS,0
Andrew,Hicks,Andrew Hicks,1673,M30-34,Male,,,United Kingdom,GB,,,,,,,3128,0,0,323,0,0,99999,99999,99999,309,190,25,99999,99999,99999,99999,99999,99999,DNF,0
Michael,Egan,Michael Egan,1829,M45-49,Male,Balaclava,VIC,Australia,AU,,,,,,,0,0,0,0,0,0,99999,99999,99999,99999,99999,99999,99999,99999,99999,99999,99999,99999,DNS,0
Millie,Cooke,Millie Cooke,1887,F60-64,Female,Evans Head,NSW,United States,US,,,,,,,0,0,0,0,0,0,99999,99999,99999,99999,99999,99999,99999,99999,99999,99999,99999,99999,DNS,0
Jørgen,Schmidt,Jørgen Schmidt,1684,M30-34,Male,The Gap,QLD,Netherlands,NL,,,,,,,0,0,0,0,0,0,99999,99999,99999,99999,99999,99999,99999,99999,99999,99999,99999,99999,DNS,0
Xueyan Kelly,Koh,Xueyan Kelly Koh,1702,F35-39,Female,Singapore ,Singapore,Singapore,SG,,,,,,,0,0,0,0,0,0,99999,99999,99999,99999,99999,99999,99999,99999,99999,99999,99999,99999,DNS,0
Margaret,Dobson,Margaret Dobson,1845,F50-54,Female,Scarborough,QLD,Australia,AU,,,,,,,0,0,0,0,0,0,99999,99999,99999,99999,99999,99999,99999,99999,99999,99999,99999,99999,DNS,0
Elliot,Harvey,Elliot Harvey,1618,M25-29,Male,Christchurch,CAN,New Zealand,NZ,,,,,,,2198,0,0,228,0,0,99999,99999,99999,132,93,16,99999,99999,99999,99999,99999,99999,DNF,0
Greg,Ollerhead,Greg Ollerhead,1834,M45-49,Male,Somersby,NSW,Australia,AU,,,,,,,2261,10527,0,360,236,0,99999,99999,99999,147,103,16,148,113,20,99999,99999,99999,DNF,0
Harriet,Allen,Harriet Allen,1561,F18-24,Female,Hamilton,WKO,New Zealand,NZ,,,,,,,0,0,0,0,0,0,99999,99999,99999,99999,99999,99999,99999,99999,99999,99999,99999,99999,DNS,0
Leeann,Jelleyman,Leeann Jelleyman,1854,F50-54,Female,Taupo,WKO,New Zealand,NZ,,,,,,,0,0,0,0,0,0,99999,99999,99999,99999,99999,99999,99999,99999,99999,99999,99999,99999,DNS,0
Haley,Hetherington,Haley Hetherington,1564,F18-24,Female,,,New Zealand,NZ,,,,,,,2509,0,0,421,0,0,99999,99999,99999,221,79,8,99999,99999,99999,99999,99999,99999,DNF,0
Hayley,Feaver,Hayley Feaver,1695,F35-39,Female,Morayfield,QLD,Australia,AU,,,,,,,4124,14046,0,504,216,0,99999,99999,99999,333,129,21,323,124,20,99999,99999,99999,DNF,0
Jack,Manners,Jack Manners,1574,M18-24,Male,Auckland,AUK,New Zealand,NZ,,,,,,,0,0,0,0,0,0,99999,99999,99999,99999,99999,99999,99999,99999,99999,99999,99999,99999,DNS,0
John,Vidrih,John Vidrih,1865,M50-54,Male,Salt Lake Cty,UT,United States,US,,,,,,,0,0,0,0,0,0,99999,99999,99999,99999,99999,99999,99999,99999,99999,99999,99999,99999,DNS,0
Abdelkader,El Mastour,Abdelkader El Mastour,1615,M25-29,Male,Paris,,Morocco,MA,,,,,,,0,0,0,0,0,0,99999,99999,99999,99999,99999,99999,99999,99999,99999,99999,99999,99999,DNS,0
Ashley,Bartlett,Ashley Bartlett,1580,F25-29,Female,Auckland,AUK,Australia,AU,,,,,,,0,0,0,0,0,0,99999,99999,99999,99999,99999,99999,99999,99999,99999,99999,99999,99999,DNS,0
Harrison,Grace,Harrison Grace,1607,M25-29,Male,Box Hill,VIC,Australia,AU,,,,,,,0,0,0,0,0,0,99999,99999,99999,99999,99999,99999,99999,99999,99999,99999,99999,99999,DNS,0
Sarah,Crompton,Sarah Crompton,1762,F40-44,Female,Kenmore,QLD,United Kingdom,GB,,,,,,,0,0,0,0,0,0,99999,99999,99999,99999,99999,99999,99999,99999,99999,99999,99999,99999,DNS,0
Derek,Blank,Derek Blank,1714,M35-39,Male,,AUK,New Zealand,NZ,,,,,,,0,0,0,0,0,0,99999,99999,99999,99999,99999,99999,99999,99999,99999,99999,99999,99999,DNS,0
Milou,Smeets,Milou Smeets,1651,F30-34,Female,Novato,CA,Netherlands,NL,,,,,,,0,0,0,0,0,0,99999,99999,99999,99999,99999,99999,99999,99999,99999,99999,99999,99999,DNS,0
Leigh,Elson,Leigh Elson,1763,F40-44,Female,,,United Kingdom,GB,,,,,,,0,0,0,0,0,0,99999,99999,99999,99999,99999,99999,99999,99999,99999,99999,99999,99999,DNS,0
Cheuk Ling Charlie,Tam,Cheuk Ling Charlie Tam,1652,F30-34,Female,,,Hong Kong,HK,,,,,,,4035,0,0,482,0,0,99999,99999,99999,332,128,26,99999,99999,99999,99999,99999,99999,DNF,0
Timothy,Alder,Timothy Alder,1780,M40-44,Male,Ft Collins,CO,United States,US,,,,,,,0,0,0,0,0,0,99999,99999,99999,99999,99999,99999,99999,99999,99999,99999,99999,99999,DNS,0
Richard,Street,Richard Street,1797,M40-44,Male,Auckland,AUK,New Zealand,NZ,,,,,,,0,0,0,0,0,0,99999,99999,99999,99999,99999,99999,99999,99999,99999,99999,99999,99999,DNS,0
Gena,Constantopoulos,Gena Constantopoulos,1761,F40-44,Female,,,New Zealand,NZ,,,,,,,0,0,0,0,0,0,99999,99999,99999,99999,99999,99999,99999,99999,99999,99999,99999,99999,DNS,0
Eleanor,Dally,Eleanor Dally,1516,F60-64,Female,New Plymouth,TKI,Australia,AU,,,,,,,0,0,0,0,0,0,99999,99999,99999,99999,99999,99999,99999,99999,99999,99999,99999,99999,DNS,0
Han Qing Timothy,Chui,Han Qing Timothy Chui,1572,M18-24,Male,,,Hong Kong,HK,,,,,,,1870,16342,0,465,0,0,99999,99999,99999,33,26,3,324,200,7,99999,99999,99999,DNF,0
Sean,Morris,Sean Morris,1680,M30-34,Male,Christchurch,CAN,United Kingdom,GB,,,,,,,0,0,0,0,0,0,99999,99999,99999,99999,99999,99999,99999,99999,99999,99999,99999,99999,DNS,0
Andrew,Castle,Andrew Castle,1667,M30-34,Male,Christchurch,CAN,New Zealand,NZ,,,,,,,0,0,0,0,0,0,99999,99999,99999,99999,99999,99999,99999,99999,99999,99999,99999,99999,DNS,0
Amelia,Hughes,Amelia Hughes,1590,F25-29,Female,Toorak,VIC,Australia,AU,,,,,,,0,0,0,0,0,0,99999,99999,99999,99999,99999,99999,99999,99999,99999,99999,99999,99999,DNS,0
Alysha,Gauthier,Alysha Gauthier,1699,F35-39,Female,,,Canada,CA,,,,,,,0,0,0,0,0,0,99999,99999,99999,99999,99999,99999,99999,99999,99999,99999,99999,99999,DNS,0
Barbara,Goodwin,Barbara Goodwin,1806,F45-49,Female,Whangarei,NTL,New Zealand,NZ,,,,,,,0,0,0,0,0,0,99999,99999,99999,99999,99999,99999,99999,99999,99999,99999,99999,99999,DNS,0
