FirstName,LastName,FullName,Bib,AgeGroup,Gender,City,State,Country,CountryISO,SwimTime,BikeTime,RunTime,T1Time,T2Time,FinishTime,SwimSeconds,BikeSeconds,RunSeconds,T1Seconds,T2Seconds,FinishSeconds,OverallRank,GenderRank,AgeGroupRank,SwimRankOverall,SwimRankGender,SwimRankGroup,BikeRankOverall,BikeRankGender,BikeRankGroup,RunRankOverall,RunRankGender,RunRankGroup,Status,Points
Bastien,Poupelain,Bastien Poupelain,628,M30-34,Male,Argelès-Gazost,Occitanie,France,FR,0:29:10,2:15:32,1:34:36,0:02:37,0:02:25,4:24:19,1750,8132,5676,157,145,15859,1,1,1,3,3,1,1,1,1,1,1,1,Finisher,3500
Hidekazu,Takahashi,Hidekazu Takahashi,508,M50-54,Male,Mitaka,JP-13,Japan,JP,0:29:52,2:18:05,1:32:26,0:02:23,0:03:41,4:26:26,1792,8285,5546,143,221,15986,2,2,1,4,4,1,2,2,1,2,2,1,Finisher,3500
Petr,Lukosz,Petr Lukosz,503,M40-44,Male,Taguig,PH-00,Czech Republic,CZ,0:31:11,2:18:58,1:38:11,0:03:36,0:02:50,4:34:45,1871,8338,5891,216,170,16485,3,3,1,10,10,4,3,3,1,3,3,1,Finisher,3500
Julian Sebastian,Teves,Julian Sebastian Teves,507,M25-29,Male,Sibulan,PH-NER,Philippines,PH,0:31:12,2:23:00,1:37:25,0:02:19,0:02:48,4:36:44,1872,8580,5845,139,168,16604,4,4,1,11,11,2,6,6,1,4,4,1,Finisher,3500
Ryosuke,Ohata,Ryosuke Ohata,532,M40-44,Male,TOKYO,,Japan,JP,0:29:06,2:23:34,1:38:04,0:03:23,0:03:18,4:37:25,1746,8614,5884,203,198,16645,5,5,2,2,2,1,5,5,3,5,5,2,Finisher,3452
Cody,Williamson,Cody Williamson,788,M25-29,Male,Kewarra Beach,AU-QLD,Australia,AU,0:31:32,2:28:41,1:35:04,0:03:14,0:02:40,4:41:12,1892,8921,5704,194,160,16872,6,6,2,14,14,3,11,11,2,6,6,2,Finisher,3419
Simon,Michelet Dos Santos,Simon Michelet Dos Santos,656,M35-39,Male,saint palais sur mer,,Portugal,PT,0:37:59,2:17:07,1:41:45,0:02:45,0:03:29,4:43:05,2279,8227,6105,165,209,16985,7,7,1,43,42,3,7,7,1,7,7,1,Finisher,3500
Mervin Rencel,Santiago,Mervin Rencel Santiago,510,M30-34,Male,Valenzuela,PH-00,Philippines,PH,0:33:26,2:22:35,1:45:13,0:02:18,0:02:51,4:46:24,2006,8555,6313,138,171,17184,8,8,2,18,18,4,9,9,2,8,8,2,Finisher,3102
Hongwei,Jiang,Hongwei Jiang,577,M30-34,Male,CHONGQING,CN-CQ,China,CN,0:39:24,2:25:25,1:39:26,0:02:26,0:03:16,4:49:56,2364,8725,5966,146,196,17396,9,9,3,51,49,7,15,15,4,9,9,3,Finisher,3038
Guyan,Zhang,Guyan Zhang,535,M25-29,Male,天津市,CN-TJ,China,CN,0:28:21,2:32:32,1:44:50,0:03:37,0:03:19,4:52:38,1701,9152,6290,217,199,17558,10,10,3,1,1,1,13,13,3,10,10,3,Finisher,3213
Hiroki,Takamine,Hiroki Takamine,504,M40-44,Male,新宿区上落合,JP-13,Japan,JP,0:29:56,2:21:01,1:56:26,0:03:04,0:03:49,4:54:15,1796,8461,6986,184,229,17655,11,11,3,5,5,2,4,4,2,11,11,3,Finisher,3149
Ronald,Molit,Ronald Molit,546,M40-44,Male,Cainta,PH-RIZ,Philippines,PH,0:31:05,2:30:37,1:50:37,0:03:23,0:03:08,4:58:50,1865,9037,6637,203,188,17930,12,12,4,9,9,3,14,14,5,12,12,4,Finisher,3066
ROBINSON,ESTEVES,ROBINSON ESTEVES,793,M35-39,Male,Urdaneta,PH-PAN,Philippines,PH,0:39:32,2:27:53,1:49:22,0:02:30,0:02:49,5:02:07,2372,8873,6562,150,169,18127,13,13,2,54,52,4,17,17,2,13,13,2,Finisher,3157
Jethro Karl,Ramos,Jethro Karl Ramos,599,M40-44,Male,camp 7,PH-BEN,Philippines,PH,0:31:20,2:26:36,1:59:39,0:02:17,0:03:09,5:03:01,1880,8796,7179,137,189,18181,14,14,5,13,13,5,10,10,4,14,14,5,Finisher,2991
Michael,Slaton,Michael Slaton,777,M45-49,Male,PLYMOUTH,MN,United States,US,0:34:17,2:30:01,1:49:46,0:05:13,0:04:33,5:03:50,2057,9001,6586,313,273,18230,15,15,1,20,20,2,16,16,2,15,15,1,Finisher,3500
Luuk,Schellens,Luuk Schellens,614,M30-34,Male,Barcelona,CT,Netherlands,NL,0:31:18,2:30:21,1:57:53,0:02:35,0:03:30,5:05:38,1878,9021,7073,155,210,18338,16,16,4,12,12,3,12,12,3,16,16,4,Finisher,2756
Anton,Kort,Anton Kort,795,M45-49,Male,DULLES,VA,United States,US,0:30:01,2:25:08,2:05:20,0:02:42,0:04:28,5:07:40,1801,8708,7520,162,268,18460,17,17,2,6,6,1,8,8,1,17,17,2,Finisher,3431
Simon,Belfitt,Simon Belfitt,527,M40-44,Male,Hong Kong,Hong Kong,Hong Kong,HK,0:38:25,2:32:37,1:54:35,0:03:41,0:02:49,5:12:07,2305,9157,6875,221,169,18727,18,18,6,47,46,12,22,22,6,18,18,6,Finisher,2827
Tristan Rene,Santos,Tristan Rene Santos,585,M30-34,Male,"Malpitic, City of San Fernando",PH-PAM,Philippines,PH,0:39:25,2:31:30,1:56:53,0:02:54,0:02:53,5:13:36,2365,9090,7013,174,173,18816,19,19,5,52,50,8,21,21,6,19,19,5,Finisher,2612
Trevor,Watchman,Trevor Watchman,578,M50-54,Male,Junourton,AU-VIC,Australia,AU,0:44:45,2:24:26,1:56:19,0:04:04,0:04:32,5:14:05,2685,8666,6979,244,272,18845,20,20,2,93,81,12,20,20,2,20,20,2,Finisher,2642
Shahrez,Khan,Shahrez Khan,575,M40-44,Male,Lahore,PUNJAB,Pakistan,PK,0:37:22,2:38:24,1:51:47,0:04:34,0:05:04,5:17:11,2242,9504,6707,274,304,19031,21,21,7,36,35,9,31,31,8,21,21,7,Finisher,2736
Elvys Kenneth,Miguel,Elvys Kenneth Miguel,633,M35-39,Male,Puerto Princesa City,,Philippines,PH,0:41:18,2:35:20,1:53:59,0:02:47,0:03:59,5:17:23,2478,9320,6839,167,239,19043,22,22,3,67,60,8,28,28,5,22,22,3,Finisher,2882
andrew,hughes,andrew hughes,505,M55-59,Male,SAN FRANCISCO,CA,Australia,AU,0:30:14,2:44:12,1:56:37,0:03:33,0:03:18,5:17:54,1814,9852,6997,213,198,19074,23,23,1,7,7,1,26,26,1,23,23,1,Finisher,3500
Hiroshi,Takei,Hiroshi Takei,737,M50-54,Male,laspinas,,Japan,JP,0:31:54,2:43:54,1:56:30,0:03:09,0:03:42,5:19:08,1914,9834,6990,189,222,19148,24,24,3,15,15,2,27,27,3,24,24,3,Finisher,2551
Rafi,Silerio,Rafi Silerio,794,M30-34,Male,Mamplasan,PH-LAG,Philippines,PH,0:37:45,2:43:50,1:51:47,0:02:45,0:03:16,5:19:24,2265,9830,6707,165,196,19164,25,25,6,42,41,6,35,35,8,25,25,6,Finisher,2508
Paolo,Sauler,Paolo Sauler,545,M40-44,Male, mutinlupa city,PH-00,Philippines,PH,0:37:41,2:34:10,2:01:34,0:02:59,0:03:09,5:19:33,2261,9250,7294,179,189,19173,26,26,8,41,40,11,23,23,7,26,26,8,Finisher,2693
Ritche Ian,Solana,Ritche Ian Solana,723,M45-49,Male,Matina Aplaya,,Philippines,PH,0:37:09,2:39:19,1:54:05,0:03:31,0:05:32,5:19:36,2229,9559,6845,211,332,19176,27,27,3,32,32,4,29,29,3,27,27,3,Finisher,3216
Alberto,Gallego García,Alberto Gallego García,622,M30-34,Male,Marbella,,Spain,ES,0:34:50,2:33:52,2:04:01,0:03:41,0:04:00,5:20:25,2090,9232,7441,221,240,19225,28,28,7,22,22,5,19,19,5,28,28,7,Finisher,2490
Christoph,Billen,Christoph Billen,501,M35-39,Male,Taguig City,00,Germany,DE,0:39:37,2:28:12,2:06:35,0:02:41,0:03:22,5:20:27,2377,8892,7595,161,202,19227,29,29,4,56,53,5,18,18,3,29,29,4,Finisher,2827
Thomas,Hardcastle,Thomas Hardcastle,751,M55-59,Male,Wanchai,Tocantins,Hong Kong,HK,0:38:30,2:50:42,1:46:01,0:02:26,0:02:53,5:20:32,2310,10242,6361,146,173,19232,30,30,2,48,47,5,50,50,4,30,30,2,Finisher,3452
Justin Patrick,Navarro,Justin Patrick Navarro,591,M25-29,Male,Parañaque,PH-00,Philippines,PH,0:44:48,2:32:22,1:57:17,0:03:26,0:03:05,5:20:57,2688,9142,7037,206,185,19257,31,31,4,94,82,7,32,32,5,31,31,4,Finisher,2704
Hadjimar,Sumait,Hadjimar Sumait,559,M45-49,Male,Cupang Antipolo City,PH-RIZ,Philippines,PH,0:44:50,2:39:11,1:50:01,0:03:21,0:03:45,5:21:08,2690,9551,6601,201,225,19268,32,32,4,97,85,14,41,41,7,32,32,4,Finisher,3188
Rommel John ,Fernandez ,Rommel John Fernandez,717,M45-49,Male,Puerto Princesa ,,Philippines,PH,0:37:16,2:44:31,1:53:46,0:04:34,0:03:02,5:23:08,2236,9871,6826,274,182,19388,33,33,5,35,34,6,39,39,6,33,33,5,Finisher,3152
Raz,Shabtay,Raz Shabtay,528,M45-49,Male,Taguig,NATIONAL CAPITAL REGION,Israel,IL,0:43:12,2:38:10,1:58:05,0:03:00,0:03:21,5:25:48,2592,9490,7085,180,201,19548,34,34,6,81,72,11,36,36,5,34,34,6,Finisher,3104
Arvin,Reynoso,Arvin Reynoso,609,M25-29,Male,Imus,CAVITE,Philippines,PH,0:47:58,2:39:43,1:51:28,0:03:17,0:03:47,5:26:12,2878,9583,6688,197,227,19572,35,35,5,142,122,9,47,47,7,35,35,5,Finisher,2609
Andreas,Wuestenberg,Andreas Wuestenberg,706,M45-49,Male,Heidelberg,BW,Germany,DE,0:34:53,2:45:21,2:02:35,0:03:09,0:02:44,5:28:42,2093,9921,7355,189,164,19722,36,36,7,23,23,3,34,34,4,36,36,7,Finisher,3052
Roman,Menz,Roman Menz,729,M50-54,Male,Taguig City,,Switzerland,CH,0:37:08,2:42:37,2:03:45,0:02:33,0:03:39,5:29:41,2228,9757,7425,153,219,19781,37,37,4,31,31,6,33,33,4,37,37,4,Finisher,2361
Rolando,Alquero,Rolando Alquero,525,M40-44,Male,San Fernando,PH-PAM,Philippines,PH,0:47:10,2:41:06,1:54:35,0:03:10,0:03:49,5:29:49,2830,9666,6875,190,229,19789,38,38,9,131,113,26,49,49,13,38,38,9,Finisher,2508
Gianfranco,Reyes,Gianfranco Reyes,570,M25-29,Male,Quezon city,,Philippines,PH,0:44:10,2:31:49,2:06:49,0:04:08,0:03:29,5:30:24,2650,9109,7609,248,209,19824,39,39,6,89,78,6,30,30,4,39,39,6,Finisher,2534
Edgar,Puruganan,Edgar Puruganan,700,M40-44,Male,Pasay,NATIONAL CAPITAL REGION,Philippines,PH,0:48:17,2:35:55,2:00:08,0:03:48,0:03:18,5:31:26,2897,9355,7208,228,198,19886,40,40,10,147,127,31,43,43,9,40,40,10,Finisher,2479
Ryan,Tan,Ryan Tan,557,M40-44,Male,Singapore,,Singapore,SG,0:43:34,2:42:46,1:57:28,0:04:09,0:04:29,5:32:27,2614,9766,7048,249,269,19947,41,41,11,83,74,17,46,46,12,41,41,11,Finisher,2461
Jarrod,Bateson,Jarrod Bateson,642,M35-39,Male,Junortoun,AU-VIC,Australia,AU,0:37:34,2:50:03,1:57:37,0:04:07,0:03:22,5:32:42,2254,10203,7057,247,202,19962,42,42,5,38,37,2,52,52,6,42,42,5,Finisher,2606
Edson,Junior,Edson Junior,778,M40-44,Male,singapore,Singapore,Brazil,BR,0:46:25,2:38:23,2:00:19,0:04:14,0:03:23,5:32:43,2785,9503,7219,254,203,19963,43,43,12,121,103,24,44,44,10,43,43,12,Finisher,2456
Agnieszka,Najnigier Pierzynowska,Agnieszka Najnigier Pierzynowska,539,F40-44,Female,Warszawa,Mazowieckie,Poland,PL,0:40:33,2:52:32,1:52:13,0:03:52,0:04:23,5:33:32,2433,10352,6733,232,263,20012,44,1,1,64,6,2,73,3,1,44,1,1,Finisher,3500
Stephen,Zarate,Stephen Zarate,576,M40-44,Male,Bakakeng Central,PH-BEN,Philippines,PH,0:41:55,2:46:17,1:57:44,0:03:35,0:04:16,5:33:46,2515,9977,7064,215,256,20026,45,44,13,73,64,15,53,53,14,45,44,13,Finisher,2437
Ruben,Duk,Ruben Duk,613,M25-29,Male,HONG KONG,Hong Kong,Netherlands,NL,0:38:18,2:52:28,1:56:38,0:04:04,0:04:36,5:36:05,2298,10348,6998,244,276,20165,46,45,7,45,44,5,62,61,8,46,45,7,Finisher,2431
Egor,Demchenko,Egor Demchenko,657,M35-39,Male,UbudBali,Bali,Indonesia,ID,0:42:35,2:49:18,1:58:44,0:02:33,0:04:09,5:37:19,2555,10158,7124,153,249,20239,47,46,6,77,68,9,59,58,8,47,46,6,Finisher,2523
Kam Fai,Leung,Kam Fai Leung,668,M40-44,Male,Hong Kong,Hong Kong,Hong Kong,HK,0:48:14,2:40:33,2:02:08,0:03:29,0:04:41,5:39:04,2894,9633,7328,209,281,20344,48,47,14,145,125,30,55,55,16,48,47,14,Finisher,2342
Albert,Centeno,Albert Centeno,671,M40-44,Male,Nakhon Ratchasima,NAKHON RATCHASIMA,Spain,ES,0:34:55,3:06:20,1:50:23,0:03:23,0:04:15,5:39:16,2095,11180,6623,203,255,20356,49,48,15,24,24,6,92,87,24,49,48,15,Finisher,2338
Valerio,Curridori,Valerio Curridori,572,M70-74,Male,villacidro,foreigner,Italy,IT,0:50:28,2:40:56,2:00:26,0:04:47,0:03:46,5:40:23,3028,9656,7226,287,226,20423,50,49,1,171,147,3,69,68,1,50,49,1,Finisher,3500
Emma,Rickard,Emma Rickard,821,F30-34,Female,Don Muang,,United Kingdom,GB,0:37:13,2:52:35,2:02:32,0:04:29,0:03:59,5:40:49,2233,10355,7352,269,239,20449,51,2,1,34,1,1,58,1,1,51,2,1,Finisher,3500
Koji,Muroya,Koji Muroya,529,M60-64,Male,Aoyama 7 chomeOtsu,,Japan,JP,0:38:18,2:49:41,2:06:07,0:03:20,0:04:32,5:41:59,2298,10181,7567,200,272,20519,52,50,1,46,45,3,48,48,1,52,50,1,Finisher,3500
Bryan,Lucas,Bryan Lucas,684,M40-44,Male,Quezon City,PH-00,Philippines,PH,0:42:56,2:46:58,2:02:25,0:04:46,0:05:18,5:42:23,2576,10018,7345,286,318,20543,53,51,16,80,71,16,61,60,19,53,51,16,Finisher,2282
Mark Anthony,Hosana,Mark Anthony Hosana,800,M30-34,Male,Canaman,PH-CAS,Philippines,PH,0:31:01,2:42:24,2:23:47,0:02:21,0:03:06,5:42:39,1861,9744,8627,141,186,20559,54,52,8,8,8,2,24,24,7,54,52,8,Finisher,2090
Gary Lloyd,Bumanglag,Gary Lloyd Bumanglag,663,M40-44,Male,Puerto Princesa City,,Philippines,PH,0:47:19,2:42:17,2:04:21,0:04:58,0:04:14,5:43:08,2839,9737,7461,298,254,20588,55,53,17,132,114,27,60,59,18,55,53,17,Finisher,2269
Erik,Boekel,Erik Boekel,579,M55-59,Male,Dubai,DUBAYY,Netherlands,NL,0:44:05,2:43:13,2:09:46,0:04:24,0:04:10,5:45:38,2645,9793,7786,264,250,20738,56,54,3,88,77,7,51,51,5,56,54,3,Finisher,3000
Yuzhakov,Igor,Yuzhakov Igor,672,M40-44,Male,Legian,BALI,Indonesia,ID,0:39:45,2:50:49,2:08:45,0:03:15,0:03:54,5:46:27,2385,10249,7725,195,234,20787,57,55,18,58,54,13,56,56,17,57,55,18,Finisher,2209
Nicole,Chau,Nicole Chau,853,F18-24,Female,Hong Kong,Hong Kong,Hong Kong,HK,0:39:23,3:13:34,1:47:24,0:03:18,0:03:04,5:46:43,2363,11614,6444,198,184,20803,58,3,1,50,2,1,145,14,1,58,3,1,Finisher,3500
Su Hyeon,Kim,Su Hyeon Kim,797,M35-39,Male,Singapore,Singapore,South Korea,KR,0:44:19,2:48:07,2:05:50,0:04:04,0:04:42,5:47:02,2659,10087,7550,244,282,20822,59,56,7,90,79,10,72,70,9,59,56,7,Finisher,2348
Michael,Braunlich,Michael Braunlich,531,M45-49,Male,Limbach Oberfrohna,SN,Germany,DE,0:46:16,2:49:42,2:04:10,0:02:47,0:04:31,5:47:26,2776,10182,7450,167,271,20846,60,57,8,118,101,15,78,75,11,60,57,8,Finisher,2715
Michael,Costevec,Michael Costevec,659,M40-44,Male,Bayan Lepas,PULAU PINANG,France,FR,0:46:43,2:44:33,2:09:17,0:03:56,0:03:42,5:48:11,2803,9873,7757,236,222,20891,61,58,19,129,111,25,65,64,20,61,58,19,Finisher,2178
Xueyan,Jiang,Xueyan Jiang,540,F30-34,Female,Wuxi,CN-JS,China,CN,0:48:30,2:48:07,2:06:02,0:02:56,0:03:37,5:49:12,2910,10087,7562,176,217,20952,62,4,2,151,22,6,79,4,3,62,4,2,Finisher,3349
Andrew,Chadwick,Andrew Chadwick,756,M55-59,Male,Kuala Lumpur,MY-14,United Kingdom,GB,0:36:45,2:45:14,2:17:28,0:04:45,0:05:04,5:49:16,2205,9914,8248,285,304,20956,63,59,4,27,27,2,40,40,2,63,59,4,Finisher,2935
ALLAN JAY PANEDA,SOLA,ALLAN JAY PANEDA SOLA,787,M25-29,Male,Gonzaga,PH-CAG,Philippines,PH,0:48:24,2:33:41,2:18:08,0:04:15,0:04:51,5:49:18,2904,9221,8288,255,291,20958,64,60,8,150,129,10,38,38,6,64,60,8,Finisher,2193
Mary Pauline,Fornea,Mary Pauline Fornea,857,F30-34,Female,Cavite City,PH-CAV,Philippines,PH,0:39:35,2:54:03,2:09:16,0:02:48,0:03:38,5:49:19,2375,10443,7756,168,218,20959,65,5,3,55,3,2,71,2,2,65,5,3,Finisher,3347
Napoleon,Tolentino,Napoleon Tolentino,568,M35-39,Male,36,NATIONAL CAPITAL REGION,Philippines,PH,0:49:12,2:45:39,2:05:06,0:05:52,0:04:13,5:50:02,2952,9939,7506,352,253,21002,66,61,8,158,135,19,85,81,12,66,61,8,Finisher,2294
Toshiya,Honda,Toshiya Honda,521,M50-54,Male,TAIPEI,TW-NWT,Japan,JP,0:41:53,3:04:11,1:55:08,0:03:44,0:06:01,5:50:58,2513,11051,6908,224,361,21058,67,62,5,72,63,9,115,107,11,67,62,5,Finisher,1978
Denis,Suspitsyn,Denis Suspitsyn,641,M35-39,Male,Permata  Intan Residence,BALI,Unknown,,0:40:25,2:49:48,2:13:48,0:03:43,0:03:32,5:51:15,2425,10188,8028,223,212,21075,68,63,9,63,58,6,57,57,7,68,63,9,Finisher,2273
Marjufer,Retis,Marjufer Retis,786,M30-34,Male,Mati city,PH-DAO,Philippines,PH,0:46:37,2:35:39,2:21:21,0:02:50,0:05:08,5:51:35,2797,9339,8481,170,308,21095,69,64,9,125,107,14,37,37,9,69,64,9,Finisher,1929
Dougal,Grant,Dougal Grant,730,M50-54,Male,Kampong Penaga,Belait,United Kingdom,GB,0:47:30,2:48:52,2:08:03,0:03:41,0:03:48,5:51:53,2850,10132,7683,221,228,21113,70,65,6,136,117,15,83,79,6,70,65,6,Finisher,1961
Sviatoslav,Novgorodtcev,Sviatoslav Novgorodtcev,564,M35-39,Male,Sathorn,,Thailand,TH,0:46:14,2:57:06,2:00:09,0:04:28,0:04:21,5:52:18,2774,10626,7209,268,261,21138,71,66,10,115,98,14,109,102,15,71,66,10,Finisher,2254
Yigit,Saricinar,Yigit Saricinar,698,M40-44,Male,Singapore ,Singapore,Turkey,TR,0:37:34,2:51:20,2:16:16,0:03:09,0:04:19,5:52:38,2254,10280,8176,189,259,21158,72,67,20,39,38,10,54,54,15,72,67,20,Finisher,2098
Greg,Unsworth,Greg Unsworth,748,M55-59,Male,Singapore,,Singapore,SG,0:37:27,2:46:59,2:20:19,0:03:28,0:04:52,5:53:05,2247,10019,8419,208,292,21185,73,68,5,37,36,4,42,42,3,73,68,5,Finisher,2866
Alexander,Isip,Alexander Isip,537,M50-54,Male,Muntinlupa,PH-00,Philippines,PH,0:33:30,2:58:32,2:14:51,0:02:56,0:04:04,5:53:54,2010,10712,8091,176,244,21234,74,69,7,19,19,4,64,63,5,74,69,7,Finisher,1925
Jake,Salvador,Jake Salvador,563,M40-44,Male,Quezon City,,Philippines,PH,0:49:39,2:42:28,2:14:52,0:03:39,0:03:45,5:54:24,2979,9748,8092,219,225,21264,75,70,21,164,140,33,67,66,21,75,70,21,Finisher,2066
Stephen,Breyer-Menke,Stephen Breyer-Menke,681,M40-44,Male,Singapore,,South Africa,ZA,0:36:49,2:57:55,2:12:36,0:04:00,0:03:30,5:54:49,2209,10675,7956,240,210,21289,76,71,22,28,28,8,77,74,22,76,71,22,Finisher,2058
Vladimir,Yanin,Vladimir Yanin,683,M40-44,Male,SanurDenpasar,Bali,Unknown,,0:36:25,2:49:49,2:20:49,0:02:59,0:05:37,5:55:39,2185,10189,8449,179,337,21339,77,72,23,26,26,7,45,45,11,77,72,23,Finisher,2043
Matt,Oblak,Matt Oblak,506,M35-39,Male,Mundijong,AU-WA,Australia,AU,0:34:45,2:39:00,2:36:30,0:02:39,0:03:31,5:56:26,2085,9540,9390,159,211,21386,78,73,11,21,21,1,25,25,4,78,73,11,Finisher,2179
Juan Gabriel,Peña,Juan Gabriel Peña,600,M30-34,Male,Olongapo city,PH-ZMB,Philippines,PH,0:46:15,2:54:33,2:07:52,0:04:23,0:03:47,5:56:51,2775,10473,7672,263,227,21411,79,74,10,117,100,11,99,93,11,79,74,10,Finisher,1834
Vincent,Cremers,Vincent Cremers,534,M50-54,Male,Seoul,KR-11,Belgium,BE,0:42:34,2:57:41,2:07:35,0:04:44,0:04:51,5:57:25,2554,10661,7655,284,291,21445,80,75,8,76,67,10,96,91,8,80,75,8,Finisher,1862
Reujenson,Lista,Reujenson Lista,542,M55-59,Male,taguig ,PH-00,Philippines,PH,0:50:03,2:50:46,2:10:27,0:03:35,0:03:39,5:58:29,3003,10246,7827,215,219,21509,81,76,6,166,142,11,91,86,7,81,76,6,Finisher,2769
Laurent,Amestoy,Laurent Amestoy,586,M60-64,Male,singapore,Singapore,France,FR,0:36:49,3:01:16,2:13:13,0:03:33,0:03:52,5:58:44,2209,10876,7993,213,232,21524,82,77,2,29,29,2,88,84,5,82,77,2,Finisher,3198
Roman,Logov,Roman Logov,690,M40-44,Male,Moscow,,Unknown,,0:45:01,2:57:07,2:07:04,0:04:38,0:06:38,6:00:29,2701,10627,7624,278,398,21629,83,78,24,101,88,20,105,99,27,83,78,24,Finisher,1956
Alexander,Moyer,Alexander Moyer,583,M40-44,Male,Batu Ferringhi,MY-07,United States,US,0:40:05,3:00:19,2:11:10,0:04:28,0:04:35,6:00:36,2405,10819,7870,268,275,21636,84,79,25,61,56,14,95,90,26,84,79,25,Finisher,1954
Kazuyuki,Kitagawa,Kazuyuki Kitagawa,776,M60-64,Male,"港北区, 横浜市横浜市",JP-14,Japan,JP,0:39:59,2:57:06,2:14:57,0:03:56,0:05:06,6:01:03,2399,10626,8097,236,306,21663,85,80,3,60,55,4,86,82,4,85,80,3,Finisher,3156
Vincent,Pena,Vincent Pena,523,M60-64,Male,Bangkok,KRUNG THEP MAHA NAKHON,Switzerland,CH,0:33:05,2:58:39,2:21:53,0:04:03,0:03:58,6:01:37,1985,10719,8513,243,238,21697,86,81,4,16,16,1,66,65,2,86,81,4,Finisher,3146
Mayuko,Tanikawa,Mayuko Tanikawa,538,F60-64,Female,Shibuya,JP-13,Japan,JP,0:46:16,2:59:17,2:06:50,0:04:13,0:05:42,6:02:17,2776,10757,7610,253,342,21737,87,6,1,119,18,2,114,8,1,87,6,1,Finisher,3500
Anna,Lobanova,Anna Lobanova,589,F30-34,Female,Bangkok ,,Thailand,TH,0:39:50,3:00:00,2:17:16,0:03:32,0:02:48,6:03:26,2390,10800,8236,212,168,21806,88,7,4,59,5,3,89,5,4,88,7,4,Finisher,3092
Nikko,Balmoria,Nikko Balmoria,605,M25-29,Male,Miputak,PH-ZAN,Philippines,PH,0:51:01,2:53:02,2:11:40,0:04:34,0:03:31,6:03:48,3061,10382,7900,274,211,21828,89,82,9,179,152,11,111,104,11,89,82,9,Finisher,1932
Noel,Fabros,Noel Fabros,799,M45-49,Male,Santiago,PH-ISA,Philippines,PH,1:11:16,2:50:12,1:56:39,0:02:33,0:03:33,6:04:13,4276,10212,6999,153,213,21853,90,83,9,266,220,35,171,150,23,90,83,9,Finisher,2413
Michael,Bridge,Michael Bridge,561,M60-64,Male,nelson,LAN,United Kingdom,GB,0:47:07,2:48:25,2:20:52,0:05:05,0:04:42,6:06:12,2827,10105,8452,305,282,21972,91,84,5,130,112,7,84,80,3,91,84,5,Finisher,3064
Jeremy,Go,Jeremy Go,785,M40-44,Male,MANDALUYONG CITY,00,Philippines,PH,0:50:04,2:58:18,2:09:45,0:05:11,0:04:18,6:07:35,3004,10698,7785,311,258,22055,92,85,26,167,143,34,131,122,32,92,85,26,Finisher,1829
Jayjay,Cantor,Jayjay Cantor,582,M45-49,Male,Tanauan City ,PH-BTG,Philippines,PH,0:44:41,2:56:49,2:17:48,0:03:49,0:04:35,6:07:42,2681,10609,8268,229,275,22062,93,86,10,92,80,13,102,96,15,93,86,10,Finisher,2350
Amelou,Mercado,Amelou Mercado,833,F40-44,Female,Las Pinas City,PH-00,Philippines,PH,0:46:07,3:06:21,2:09:15,0:03:33,0:03:00,6:08:16,2767,11181,7755,213,180,22096,94,8,2,114,17,5,144,13,4,94,8,2,Finisher,2874
Vincent,Meesemaecker,Vincent Meesemaecker,619,M30-34,Male,Genève,,France,FR,0:48:18,3:04:23,2:05:56,0:04:16,0:05:40,6:08:33,2898,11063,7556,256,340,22113,95,87,11,148,128,15,148,133,17,95,87,11,Finisher,1623
Risa,Nanao,Risa Nanao,840,F45-49,Female,Higashikawacho,JP-01,Japan,JP,0:41:44,2:59:31,2:18:12,0:03:44,0:05:56,6:09:07,2504,10771,8292,224,356,22147,96,9,1,71,9,1,97,6,1,96,9,1,Finisher,3500
Julian Sebar,Serrano,Julian Sebar Serrano,566,M30-34,Male,Magalang,,Philippines,PH,0:51:53,2:55:18,2:11:45,0:04:37,0:05:59,6:09:33,3113,10518,7905,277,359,22173,97,88,12,190,162,20,124,116,15,97,88,12,Finisher,1605
Mitsuki,Tanaka-Tan,Mitsuki Tanaka-Tan,855,F35-39,Female,Little Baguio,PH-00,Japan,JP,0:52:14,3:05:52,2:04:19,0:03:43,0:03:35,6:09:43,3134,11152,7459,223,215,22183,98,10,1,194,30,5,166,21,1,98,10,1,Finisher,3500
Tsja-Ming,Cheung,Tsja-Ming Cheung,530,M45-49,Male,Singapore,,Netherlands,NL,0:48:02,2:56:43,2:16:32,0:03:31,0:04:57,6:09:45,2882,10603,8192,211,297,22185,99,89,11,143,123,19,110,103,16,99,89,11,Finisher,2313
Ranuel Allen ,Caabay,Ranuel Allen Caabay,651,M35-39,Male,Puerto Princesa City,,Philippines,PH,0:47:40,2:54:21,2:16:59,0:05:07,0:05:47,6:09:54,2860,10461,8219,307,347,22194,100,90,12,140,121,15,106,100,14,100,90,12,Finisher,1937
Maryfel,Aumentado,Maryfel Aumentado,544,F40-44,Female,Muntinlupa,PH-00,Philippines,PH,0:39:44,3:04:26,2:17:54,0:03:33,0:04:18,6:09:55,2384,11066,8274,213,258,22195,101,11,3,57,4,1,108,7,2,101,11,3,Finisher,2845
Guz,Dela Rosa,Guz Dela Rosa,666,M40-44,Male,Citrus Heights,CA,Philippines,PH,0:43:46,2:51:56,2:27:08,0:04:12,0:03:57,6:10:59,2626,10316,8828,252,237,22259,102,91,27,86,76,18,81,77,23,102,91,27,Finisher,1767
Gabrielle,Silvestre-Tengco,Gabrielle Silvestre-Tengco,822,F30-34,Female,Brgy San Lorenzo,PH-00,Philippines,PH,0:47:48,3:04:50,2:10:13,0:03:53,0:04:29,6:11:13,2868,11090,7813,233,269,22273,103,12,5,141,20,5,146,15,6,103,12,5,Finisher,2952
Niel Bryan,Lomogdang,Niel Bryan Lomogdang,580,M35-39,Male,Digos City,DAVAO,Philippines,PH,0:52:22,2:49:51,2:21:56,0:03:07,0:04:29,6:11:44,3142,10191,8516,187,269,22304,104,92,13,197,167,25,101,95,13,104,92,13,Finisher,1904
Champ,Labang,Champ Labang,696,M40-44,Male,Pangdan/Naga,CEBU,Philippines,PH,0:55:49,2:51:41,2:15:29,0:05:06,0:04:36,6:12:41,3349,10301,8129,306,276,22361,105,93,28,231,193,45,126,118,31,105,93,28,Finisher,1737
Allan,Brizuela,Allan Brizuela,732,M50-54,Male,Las Pinas,PH-00,Philippines,PH,0:52:20,2:53:30,2:18:22,0:03:50,0:05:14,6:13:16,3140,10410,8302,230,314,22396,106,94,9,196,166,19,113,106,10,106,94,9,Finisher,1577
Anthony,Yeap Jin Ghee,Anthony Yeap Jin Ghee,569,M45-49,Male,Georgetown,MY-07,Malaysia,MY,0:37:09,2:55:30,2:33:52,0:03:26,0:04:18,6:14:16,2229,10530,9232,206,258,22456,107,95,12,33,33,5,68,67,8,107,95,12,Finisher,2232
Reuben,Tan,Reuben Tan,571,M45-49,Male,Singapore,,Singapore,SG,0:46:40,2:53:41,2:25:47,0:03:25,0:04:58,6:14:30,2800,10421,8747,205,298,22470,108,96,13,128,110,16,90,85,12,108,96,13,Finisher,2228
Artem,Tsinamdzgvrishvili,Artem Tsinamdzgvrishvili,773,M45-49,Male,Western Bicutan,PH-00,Unknown,,0:38:58,2:55:02,2:32:52,0:03:46,0:03:53,6:14:31,2338,10502,9172,226,233,22471,109,97,14,49,48,7,76,73,10,109,97,14,Finisher,2227
Jiffy,Chua,Jiffy Chua,587,M50-54,Male,Manila,PH-00,Philippines,PH,0:54:12,2:57:03,2:16:11,0:03:37,0:03:56,6:14:59,3252,10623,8171,217,236,22499,110,98,10,217,182,22,136,126,14,110,98,10,Finisher,1546
Edwin Alejandro,Severino,Edwin Alejandro Severino,603,M25-29,Male,Puerto Princesa City,,Philippines,PH,0:38:11,2:54:39,2:32:58,0:04:48,0:04:53,6:15:30,2291,10479,9178,288,293,22530,111,99,10,44,43,4,74,71,9,111,99,10,Finisher,1722
Mendelf,Billedo,Mendelf Billedo,556,M40-44,Male,"Nalasin, Santo Domingo",ILS,Philippines,PH,0:56:50,2:48:41,2:20:18,0:04:57,0:04:57,6:15:43,3410,10121,8418,297,297,22543,112,100,29,234,195,46,116,108,29,112,100,29,Finisher,1682
Jeremy Simone,Ruiz,Jeremy Simone Ruiz,610,M25-29,Male,Vancouver,BC,Philippines,PH,0:47:35,2:52:26,2:25:19,0:06:33,0:04:15,6:16:08,2855,10346,8719,393,255,22568,113,101,11,139,120,8,104,98,10,113,101,11,Finisher,1710
Lei,Jiang,Lei Jiang,652,M35-39,Male,Yubei,CN-CQ,China,CN,0:49:16,2:46:28,2:31:37,0:04:11,0:04:38,6:16:10,2956,9988,9097,251,278,22570,114,102,14,161,138,20,82,78,11,114,102,14,Finisher,1824
Ralph Lauren,Moncatar,Ralph Lauren Moncatar,632,M35-39,Male,Puerto Princesa City,,Philippines,PH,0:53:40,3:03:38,2:08:03,0:05:59,0:04:56,6:16:17,3220,11018,7683,359,296,22577,115,103,15,213,179,28,170,149,19,115,103,15,Finisher,1822
Alex,Manson,Alex Manson,502,M55-59,Male,Singapore,,France,FR,0:37:03,2:53:32,2:37:12,0:04:23,0:05:07,6:17:17,2223,10412,9432,263,307,22637,116,104,7,30,30,3,63,62,6,116,104,7,Finisher,2431
Yuliya,Prudnikova,Yuliya Prudnikova,828,F35-39,Female,Canggu ,Bali,Indonesia,ID,0:45:40,3:15:07,2:07:54,0:04:11,0:04:30,6:17:22,2740,11707,7674,251,270,22642,117,13,2,107,14,1,173,23,2,117,13,2,Finisher,3362
Yasuo,Suzuki,Yasuo Suzuki,741,M50-54,Male,"Chuo, Tokyo",JP-13,Japan,JP,0:36:24,3:06:30,2:22:24,0:07:35,0:05:03,6:17:56,2184,11190,8544,455,303,22676,118,105,11,25,25,5,117,109,12,118,105,11,Finisher,1493
Chadwick,Tsai,Chadwick Tsai,623,M30-34,Male,Brgy Manresa,PH-00,Philippines,PH,0:46:28,2:53:42,2:26:49,0:05:54,0:05:29,6:18:23,2788,10422,8809,354,329,22703,119,106,13,122,104,12,103,97,13,119,106,13,Finisher,1446
Robert Paul,Moncatar,Robert Paul Moncatar,618,M30-34,Male,Sta monica,,Philippines,PH,0:53:37,3:08:53,2:05:15,0:06:14,0:04:58,6:18:57,3217,11333,7515,374,298,22737,120,107,14,212,178,23,184,158,22,120,107,14,Finisher,1436
Rhen,Marte,Rhen Marte,839,F45-49,Female,Quezon City,,Philippines,PH,0:48:19,3:06:36,2:13:28,0:04:47,0:06:02,6:19:13,2899,11196,8008,287,362,22753,121,14,2,149,21,2,156,17,2,121,14,2,Finisher,3318
Roland,Zieher,Roland Zieher,746,M55-59,Male,Taipa,Macao,Switzerland,CH,0:55:49,2:51:28,2:21:41,0:05:48,0:04:47,6:19:33,3349,10288,8501,348,287,22773,122,108,8,232,194,15,129,120,9,122,108,8,Finisher,2390
Citra,Melati,Citra Melati,824,F30-34,Female,Tangsel,Banten,Indonesia,ID,0:40:33,3:08:48,2:23:57,0:03:35,0:03:47,6:20:40,2433,11328,8637,215,227,22840,123,15,6,65,7,4,128,9,5,123,15,6,Finisher,2782
Shoko,Ganaha,Shoko Ganaha,588,F50-54,Female,Naha,,Japan,JP,0:45:01,3:05:44,2:20:20,0:04:40,0:05:01,6:20:46,2701,11144,8420,280,301,22846,124,16,1,100,13,2,138,12,2,124,16,1,Finisher,3500
Jaakko Kim,Ramos,Jaakko Kim Ramos,685,M40-44,Male,Silang,PH-CAV,Philippines,PH,0:45:10,2:56:28,2:31:54,0:03:01,0:04:22,6:20:56,2710,10588,9114,181,262,22856,125,109,30,104,91,21,93,88,25,125,109,30,Finisher,1588
Ana Isabel,Locsin,Ana Isabel Locsin,832,F40-44,Female,talisay,PH-NEC,Philippines,PH,0:45:59,3:04:59,2:21:37,0:03:37,0:04:46,6:20:58,2759,11099,8497,217,286,22858,126,17,4,110,15,3,134,10,3,126,17,4,Finisher,2646
Yousuf,Elabbasy,Yousuf Elabbasy,629,M30-34,Male,أبو ظبي,Abu Dhabi,Egypt,EG,0:46:29,3:01:59,2:20:50,0:06:24,0:05:43,6:21:25,2789,10919,8450,384,343,22885,127,110,15,123,105,13,135,125,16,127,110,15,Finisher,1392
Lourdes Angela,Ramos,Lourdes Angela Ramos,592,F40-44,Female,camp 7,PH-BEN,Philippines,PH,0:50:48,3:04:54,2:19:12,0:02:47,0:04:00,6:21:41,3048,11094,8352,167,240,22901,128,18,5,177,26,6,153,16,5,128,18,5,Finisher,2633
Jaime,Quiambao,Jaime Quiambao,726,M45-49,Male,Olongapo,PH-ZMB,Philippines,PH,0:55:48,2:52:58,2:24:13,0:03:56,0:04:50,6:21:45,3348,10378,8653,236,290,22905,129,111,15,229,191,26,127,119,17,129,111,15,Finisher,2097
Ma. Lourdes,Cabero,Ma. Lourdes Cabero,858,F40-44,Female,Acacia Estates,PH-00,Philippines,PH,0:51:02,3:05:20,2:18:38,0:04:02,0:04:01,6:23:03,3062,11120,8318,242,241,22983,130,19,6,181,28,7,160,18,6,130,19,6,Finisher,2608
Carl Daniel,Aguilar,Carl Daniel Aguilar,541,M18-24,Male,863,NATIONAL CAPITAL REGION,Philippines,PH,0:44:52,3:02:25,2:29:59,0:04:01,0:03:47,6:25:04,2692,10945,8999,241,227,23104,131,112,1,98,86,1,120,112,1,131,112,1,Finisher,3500
Miranda,Gahrmann,Miranda Gahrmann,543,F40-44,Female,Dubai,Dubai,Netherlands,NL,0:46:04,3:10:57,2:19:27,0:04:42,0:04:02,6:25:13,2764,11457,8367,282,242,23113,132,20,7,113,16,4,164,20,8,132,20,7,Finisher,2569
Hermogenes,Saludes,Hermogenes Saludes,715,M45-49,Male,Quezon City,,Philippines,PH,0:49:01,3:02:15,2:24:37,0:04:30,0:05:23,6:25:47,2941,10935,8677,270,323,23147,133,113,16,155,132,20,143,131,21,133,113,16,Finisher,2024
Romic,Magbanua,Romic Magbanua,638,M35-39,Male,"Tiniguiban, Puerto Princesa City",,Philippines,PH,0:48:08,2:58:19,2:29:15,0:04:58,0:05:20,6:26:01,2888,10699,8955,298,320,23161,134,114,16,144,124,16,122,114,16,134,114,16,Finisher,1647
Sarah,Jervoso,Sarah Jervoso,596,F40-44,Female,Taguig,PH-00,Philippines,PH,0:53:33,3:02:42,2:21:17,0:04:43,0:04:40,6:26:56,3213,10962,8477,283,280,23216,135,21,8,211,34,8,162,19,7,135,21,8,Finisher,2538
Paolo,Mercado,Paolo Mercado,743,M55-59,Male,Taguig,NATIONAL CAPITAL REGION,Philippines,PH,0:52:29,3:02:59,2:20:39,0:05:04,0:05:48,6:26:59,3149,10979,8439,304,348,23219,136,115,9,199,168,12,161,143,11,136,115,9,Finisher,2256
Martel,Aguila,Martel Aguila,637,M35-39,Male,Lucena City,QUEZON,Philippines,PH,0:49:10,3:13:59,2:15:20,0:04:41,0:03:53,6:27:04,2950,11639,8120,281,233,23224,137,116,17,157,134,18,179,154,20,137,116,17,Finisher,1628
Roger,Collado,Roger Collado,625,M30-34,Male,Puerto Princesa,,Philippines,PH,0:51:02,2:56:20,2:30:18,0:04:25,0:05:27,6:27:31,3062,10580,9018,265,327,23251,138,117,16,180,153,18,123,115,14,138,117,16,Finisher,1282
Robert Archibald,Patricio,Robert Archibald Patricio,597,M35-39,Male,Kawit,PH-CAV,Philippines,PH,0:45:59,2:49:25,2:44:08,0:04:09,0:04:26,6:28:08,2759,10165,9848,249,266,23288,139,118,18,111,96,13,80,76,10,139,118,18,Finisher,1609
Adrian,Gonzales,Adrian Gonzales,616,M30-34,Male,Quezon City,PH-00,Philippines,PH,0:40:21,2:53:13,2:45:28,0:04:07,0:05:44,6:28:54,2421,10393,9928,247,344,23334,140,119,17,62,57,10,75,72,10,140,119,17,Finisher,1257
Yidan,Xue,Yidan Xue,670,M40-44,Male,CHONGQING,CN-CQ,China,CN,0:58:02,2:54:47,2:29:21,0:02:54,0:04:04,6:29:08,3482,10487,8961,174,244,23348,141,120,31,237,197,47,142,130,33,141,120,31,Finisher,1441
Luis Antonio,Carballo,Luis Antonio Carballo,584,M45-49,Male,Pasig City,00,Philippines,PH,0:42:40,2:48:55,2:48:06,0:04:44,0:05:28,6:29:53,2560,10135,10086,284,328,23393,142,121,17,78,69,10,70,69,9,142,121,17,Finisher,1951
Mari,Nogami,Mari Nogami,845,F55-59,Female,"Kitaku, Osaka",JP-27,Japan,JP,0:52:02,3:16:33,2:10:56,0:05:58,0:05:20,6:30:50,3122,11793,7856,358,320,23450,143,22,1,192,29,2,199,28,2,143,22,1,Finisher,3500
Robert,Shannon,Robert Shannon,562,M60-64,Male,Butuan,,United States,US,0:46:38,3:03:12,2:32:13,0:03:55,0:04:54,6:30:52,2798,10992,9133,235,294,23452,144,122,6,126,108,6,132,123,7,144,122,6,Finisher,2620
Denis,Rapal,Denis Rapal,711,M45-49,Male,Santa Ana,CAG,Philippines,PH,0:52:19,3:03:56,2:27:07,0:02:58,0:05:12,6:31:33,3139,11036,8827,178,312,23493,145,123,18,195,165,24,155,139,22,145,123,18,Finisher,1921
Hao,Tong,Hao Tong,796,M40-44,Male,Xi'an,CN-SN,China,CN,0:53:22,3:00:33,2:26:14,0:04:47,0:07:45,6:32:40,3202,10833,8774,287,465,23560,146,124,32,209,176,41,154,138,36,146,124,32,Finisher,1377
Alan,"Yeap, Jin Teong","Alan Yeap, Jin Teong",725,M45-49,Male,Georgetown,,Malaysia,MY,0:42:04,2:57:28,2:43:04,0:05:16,0:04:55,6:32:47,2524,10648,9784,316,295,23567,147,125,19,74,65,8,94,89,13,147,125,19,Finisher,1898
Marcus,Wong,Marcus Wong,728,M50-54,Male,Singapore,,Singapore,SG,0:48:37,3:02:06,2:30:02,0:05:52,0:07:44,6:34:20,2917,10926,9002,352,464,23660,148,126,12,153,130,16,147,132,15,148,126,12,Finisher,1197
Glady,Malvar,Glady Malvar,573,M50-54,Male,Calgary,AB,Canada,CA,0:52:33,3:04:48,2:28:38,0:04:24,0:04:56,6:35:18,3153,11088,8918,264,296,23718,149,127,13,201,170,20,165,145,17,149,127,13,Finisher,1180
Raoul Franco,Ramos,Raoul Franco Ramos,718,M45-49,Male,Makati,NATIONAL CAPITAL REGION,Philippines,PH,0:42:14,2:57:55,2:45:30,0:05:00,0:05:42,6:36:21,2534,10675,9930,300,342,23781,150,128,20,75,66,9,98,92,14,150,128,20,Finisher,1834
Jester,Pascasio,Jester Pascasio,634,M35-39,Male,Puerto Princesa,,Philippines,PH,0:45:00,3:10:11,2:31:46,0:04:35,0:05:01,6:36:32,2700,11411,9106,275,301,23792,151,129,19,99,87,11,157,140,18,151,129,19,Finisher,1457
Karl T,Reformina,Karl T Reformina,704,M45-49,Male,"Brgy. LANGKAAN, Dasmariñas City",CAV,Philippines,PH,1:00:08,3:04:12,2:20:53,0:05:37,0:06:04,6:36:55,3608,11052,8453,337,364,23815,152,130,21,243,202,29,187,161,24,152,130,21,Finisher,1824
Damian,Schechter,Damian Schechter,782,M30-34,Male,Cape Town,,South Africa,ZA,0:39:28,3:02:20,2:45:03,0:03:32,0:06:59,6:37:21,2368,10940,9903,212,419,23841,153,131,18,53,51,9,100,94,12,153,131,18,Finisher,1105
Matthieu,Chevalier,Matthieu Chevalier,669,M40-44,Male,Makati City,PH-00,France,FR,0:46:15,2:58:42,2:43:48,0:04:28,0:04:14,6:37:26,2775,10722,9828,268,254,23846,154,132,33,116,99,23,112,105,28,154,132,33,Finisher,1291
wenshuang,sheng,wenshuang sheng,615,M30-34,Male,chongqing,CN-CQ,China,CN,0:55:30,3:04:38,2:27:23,0:05:24,0:05:30,6:38:24,3330,11078,8843,324,330,23904,155,133,19,227,189,24,177,153,18,155,133,19,Finisher,1086
Noriko,Shinoda,Noriko Shinoda,852,F60-64,Female,大田区新蒲田,JP-13,Japan,JP,0:43:37,3:15:48,2:27:03,0:05:31,0:06:29,6:38:28,2617,11748,8823,331,389,23908,156,23,2,84,10,1,172,22,2,156,23,2,Finisher,2848
Enrico Paolo,Garcia,Enrico Paolo Garcia,654,M35-39,Male,Mandaluyong City,,Philippines,PH,0:53:13,3:16:27,2:19:23,0:04:31,0:05:09,6:38:43,3193,11787,8363,271,309,23923,157,134,20,206,174,27,198,171,23,157,134,20,Finisher,1418
Christian,De Guzman,Christian De Guzman,650,M35-39,Male,Baguio,PH-BEN,Philippines,PH,0:50:42,3:04:34,2:37:32,0:02:52,0:03:48,6:39:27,3042,11074,9452,172,228,23967,158,135,21,174,150,23,152,137,17,158,135,21,Finisher,1405
Rawiah,Abdallah,Rawiah Abdallah,590,F40-44,Female,Cairo,Florida,Egypt,EG,0:54:27,3:08:58,2:26:04,0:05:11,0:05:51,6:40:30,3267,11338,8764,311,351,24030,159,24,9,222,38,9,182,26,9,159,24,9,Finisher,2294
Irman,Khoe,Irman Khoe,536,M50-54,Male,"alam sutera, Serpongtangerang s",Banten,Indonesia,ID,0:45:04,2:59:14,2:48:30,0:03:12,0:05:02,6:41:03,2704,10754,10110,192,302,24063,160,136,14,103,90,13,107,101,9,160,136,14,Finisher,1076
Santiago,Penabella Alaez,Santiago Penabella Alaez,533,M50-54,Male,Riyadh,Riyadh Province,Spain,ES,0:33:07,3:17:05,2:41:44,0:03:16,0:05:59,6:41:10,1987,11825,9704,196,359,24070,161,137,15,17,17,3,130,121,13,161,137,15,Finisher,1074
Keith James,Argones,Keith James Argones,709,M45-49,Male,Davao city,,Philippines,PH,0:49:15,3:02:37,2:41:31,0:03:40,0:04:56,6:41:59,2955,10957,9691,220,296,24119,162,138,22,160,137,21,139,127,19,162,138,22,Finisher,1733
Emir Anthony,Fontanilla,Emir Anthony Fontanilla,708,M45-49,Male,Bacood Sta. Mesa,,Philippines,PH,0:47:32,3:00:48,2:41:58,0:05:50,0:07:11,6:43:19,2852,10848,9718,350,431,24199,163,139,23,138,119,18,133,124,18,163,139,23,Finisher,1709
Sean Michael,Ruiz,Sean Michael Ruiz,626,M30-34,Male,"Canjulao, Lapu Lapu City",,Philippines,PH,1:02:06,3:03:04,2:28:18,0:03:32,0:06:28,6:43:28,3726,10984,8898,212,388,24208,164,140,20,256,212,25,183,157,21,164,140,20,Finisher,995
Juanita,Barter,Juanita Barter,843,F50-54,Female,Madang,Madang,Papua New Guinea,PG,0:41:20,3:08:15,2:43:16,0:05:19,0:06:08,6:44:19,2480,11295,9796,319,368,24259,165,25,2,68,8,1,137,11,1,165,25,2,Finisher,3076
Bianca Clarisse,Tan,Bianca Clarisse Tan,817,F25-29,Female,Barangay Immaculate Conception,PH-00,Philippines,PH,0:43:54,3:18:03,2:34:40,0:04:03,0:04:08,6:44:48,2634,11883,9280,243,248,24288,166,26,1,87,11,1,178,25,1,166,26,1,Finisher,3500
Glenlord,Baniago,Glenlord Baniago,693,M40-44,Male,"Bgy San Pedro, Puerto Princesa C",PH-PLW,Philippines,PH,0:51:10,3:01:11,2:41:55,0:05:36,0:05:10,6:45:02,3070,10871,9715,336,310,24302,167,141,34,183,155,35,151,136,35,167,141,34,Finisher,1154
Masao,Kikuoka,Masao Kikuoka,768,M70-74,Male,Toyonaka-shi,JP-27,Japan,JP,0:51:28,3:25:24,2:15:36,0:06:02,0:06:50,6:45:20,3088,12324,8136,362,410,24320,168,142,2,186,158,4,214,184,4,168,142,2,Finisher,2330
Keiichi,Yoshitomi,Keiichi Yoshitomi,522,M40-44,Male,Kanagawa,,Japan,JP,0:55:25,3:21:40,2:15:01,0:07:27,0:08:12,6:47:44,3325,12100,8101,447,492,24464,169,143,35,226,188,44,216,186,44,169,143,35,Finisher,1106
Johnny Jr. Victorio,De Guzman,Johnny Jr. Victorio De Guzman,692,M40-44,Male,Happy Valley,Hong Kong,Hong Kong,HK,0:52:37,2:53:18,2:48:22,0:06:24,0:07:23,6:48:05,3157,10398,10102,384,443,24485,170,144,36,202,171,40,125,117,30,170,144,36,Finisher,1100
Cris,Ipanag,Cris Ipanag,677,M40-44,Male,lumbia,,Philippines,PH,0:54:15,3:01:15,2:41:49,0:04:18,0:06:37,6:48:15,3255,10875,9709,258,397,24495,171,145,37,218,183,42,158,141,37,171,145,37,Finisher,1097
Levy,Ang,Levy Ang,742,M50-54,Male,Makati City,NATIONAL CAPITAL REGION,Philippines,PH,0:42:41,2:54:49,3:02:09,0:04:05,0:04:35,6:48:20,2561,10489,10929,245,275,24500,172,146,16,79,70,11,87,83,7,172,146,16,Finisher,945
Paolo ,Lomanang,Paolo Lomanang,624,M30-34,Male,Puerto Princesa,,Philippines,PH,0:51:36,3:11:59,2:33:54,0:04:30,0:06:25,6:48:24,3096,11519,9234,270,385,24504,173,147,21,189,161,19,181,156,20,173,147,21,Finisher,906
Rie,Sato,Rie Sato,849,F55-59,Female,Setagaya,JP-13,Japan,JP,0:44:19,3:20:26,2:33:22,0:05:33,0:05:05,6:48:45,2659,12026,9202,333,305,24525,174,27,2,91,12,1,189,27,1,174,27,2,Finisher,3177
Lianbo,Shi,Lianbo Shi,766,M65-69,Male,Beijing,CN-BJ,China,CN,0:51:34,3:17:23,2:28:46,0:05:44,0:06:22,6:49:50,3094,11843,8926,344,382,24590,175,148,1,188,160,3,200,172,2,175,148,1,Finisher,3500
Jimmy YK,Chau,Jimmy YK Chau,764,M65-69,Male,Hong Kong,GB-ENG,United Kingdom,GB,0:46:01,3:04:08,2:47:38,0:05:33,0:06:31,6:49:50,2761,11048,10058,333,391,24590,176,149,2,112,97,2,141,129,1,176,149,2,Finisher,3500
Oggie Andrew,Labang,Oggie Andrew Labang,679,M40-44,Male,"Pangdan, City of Naga",PH-CEB,Philippines,PH,0:51:18,3:03:24,2:43:19,0:08:09,0:05:15,6:51:24,3078,11004,9799,489,315,24684,177,150,38,185,157,37,167,146,39,177,150,38,Finisher,1040
Markus,Reiss,Markus Reiss,774,M45-49,Male,Kempten,BY,Germany,DE,1:00:32,3:05:28,2:34:29,0:04:39,0:06:45,6:51:54,3632,11128,9269,279,405,24714,178,151,24,246,204,30,190,163,25,178,151,24,Finisher,1554
Yong,Xu,Yong Xu,733,M50-54,Male,Guangzhou,Guangdong,China,CN,0:55:48,3:10:47,2:33:38,0:06:03,0:05:48,6:52:03,3348,11447,9218,363,348,24723,179,152,17,228,190,24,192,165,21,179,152,17,Finisher,878
Benjamin,Villagracia,Benjamin Villagracia,761,M60-64,Male,Subic Bay Freeport Zone,ZAMBALES,Philippines,PH,1:00:24,3:07:52,2:33:35,0:05:46,0:05:46,6:53:22,3624,11272,9215,346,346,24802,180,153,7,245,203,9,197,170,8,180,153,7,Finisher,2215
Marjorie,Marcaida,Marjorie Marcaida,825,F35-39,Female,San Manuel,,Philippines,PH,0:51:00,3:26:02,2:28:51,0:04:49,0:04:13,6:54:55,3060,12362,8931,289,253,24895,181,28,3,178,27,4,213,30,3,181,28,3,Finisher,2686
Ilyn,Andale,Ilyn Andale,595,F40-44,Female,pagadian,,Philippines,PH,0:56:43,3:19:01,2:32:09,0:04:11,0:04:01,6:56:04,3403,11941,9129,251,241,24964,182,29,10,233,39,10,208,29,10,182,29,10,Finisher,2014
Justin,Navarro,Justin Navarro,660,M40-44,Male,Antipolo City,RIZ,Philippines,PH,0:51:18,3:01:03,2:52:28,0:05:09,0:06:31,6:56:29,3078,10863,10348,309,391,24989,183,154,39,184,156,36,149,134,34,183,154,39,Finisher,948
Alana ,Repanich,Alana Repanich,816,F18-24,Female,Adelaide ,AU-SA,Australia,AU,,3:24:58,2:47:49,0:00:00,0:03:19,6:56:35,0,12298,10069,0,199,24995,184,30,2,99999,99999,99999,176,24,2,184,30,2,Finisher,2242
Darren,Stubing,Darren Stubing,565,M60-64,Male,Doha,,Australia,AU,0:43:20,3:02:58,3:01:41,0:04:25,0:04:24,6:56:49,2600,10978,10901,265,264,25009,185,155,8,82,73,5,118,110,6,185,155,8,Finisher,2153
Lawrence,Rojas Guillen,Lawrence Rojas Guillen,705,M45-49,Male,Tibas,San José,Costa Rica,CR,0:50:48,3:17:58,2:34:05,0:07:25,0:06:59,6:57:15,3048,11878,9245,445,419,25035,186,156,25,176,151,22,202,174,27,186,156,25,Finisher,1458
Russell,Climaco,Russell Climaco,664,M40-44,Male,Puerto Princesa,,Philippines,PH,0:51:57,3:06:48,2:44:52,0:04:22,0:09:58,6:57:58,3117,11208,9892,262,598,25078,187,157,40,191,163,39,169,148,40,187,157,40,Finisher,922
Karel Miko,De Guia,Karel Miko De Guia,648,M35-39,Male,Las Pinas,,Philippines,PH,0:51:03,3:18:04,2:38:32,0:04:52,0:05:39,6:58:10,3063,11884,9512,292,339,25090,188,158,22,182,154,24,196,169,22,188,158,22,Finisher,1068
恭右,丸山,恭右 丸山,620,M30-34,Male,渋谷区恵比寿３丁目,東京都,Japan,JP,0:50:11,3:30:57,2:24:48,0:05:00,0:07:17,6:58:12,3011,12657,8688,300,437,25092,189,159,22,168,144,17,222,192,24,189,159,22,Finisher,730
Jean-Marc,Bauquin,Jean-Marc Bauquin,744,M55-59,Male,Taguig,PH-00,France,FR,0:46:36,3:00:35,3:00:48,0:04:04,0:06:16,6:58:19,2796,10835,10848,244,376,25099,190,160,10,124,106,8,119,111,8,190,160,10,Finisher,1692
Gabriel ,Macasaet,Gabriel Macasaet,655,M35-39,Male,Puerto Princesa,,Philippines,PH,1:02:04,3:23:47,2:18:43,0:06:12,0:07:53,6:58:38,3724,12227,8323,372,473,25118,191,161,23,255,211,30,230,198,28,191,161,23,Finisher,1060
Alexander,Apellanes,Alexander Apellanes,731,M50-54,Male,Rizal,CA,Philippines,PH,0:45:30,3:16:04,2:47:39,0:03:29,0:06:48,6:59:30,2730,11764,10059,209,408,25170,192,162,18,105,92,14,174,151,19,192,162,18,Finisher,744
Jay-Ar,Gelacio,Jay-Ar Gelacio,703,M45-49,Male,Makati City,PH-00,Philippines,PH,0:58:52,2:53:48,2:59:32,0:02:56,0:05:43,7:00:51,3532,10428,10772,176,343,25251,193,163,26,240,199,28,140,128,20,193,163,26,Finisher,1393
jose,cordero jr,jose cordero jr,644,M35-39,Male,Yokosuka,JP-14,United States,US,0:45:35,3:32:10,2:19:43,0:16:01,0:07:52,7:01:21,2735,12730,8383,961,472,25281,194,164,24,106,93,12,233,201,29,194,164,24,Finisher,1011
Anthony John,Rodriguez,Anthony John Rodriguez,627,M30-34,Male,Taguig City,,Philippines,PH,0:53:24,3:16:18,2:43:26,0:03:59,0:06:59,7:04:06,3204,11778,9806,239,419,25446,195,165,23,210,177,22,194,167,23,195,165,23,Finisher,700
Tristan,Pochat,Tristan Pochat,667,M40-44,Male,Singapore,01,France,FR,0:47:25,3:09:37,2:57:59,0:03:58,0:05:45,7:04:42,2845,11377,10679,238,345,25482,196,166,41,134,115,28,163,144,38,196,166,41,Finisher,800
Joon,Choi,Joon Choi,740,M50-54,Male,Yangpyeong-gun,GYEONGGI-DO,South Korea,KR,0:54:06,3:04:59,2:55:09,0:06:18,0:05:31,7:06:03,3246,11099,10509,378,331,25563,197,167,19,216,181,21,175,152,20,197,167,19,Finisher,700
Jean-Philippe,Gal,Jean-Philippe Gal,747,M55-59,Male,Hong Kong,Hong Kong,France,FR,0:41:36,3:12:28,3:03:53,0:03:36,0:05:44,7:07:17,2496,11548,11033,216,344,25637,198,168,11,70,62,6,150,135,10,198,168,11,Finisher,1531
Ryan Jay,Gumaya,Ryan Jay Gumaya,691,M40-44,Male,Baguio City,PH-BEN,Philippines,PH,1:01:14,3:21:36,2:35:58,0:04:39,0:06:09,7:09:36,3674,12096,9358,279,369,25776,199,169,42,249,206,48,223,193,47,199,169,42,Finisher,712
Michael Joseph,Magbag,Michael Joseph Magbag,801,M30-34,Male,Tarlac City,PH-TAR,Philippines,PH,0:52:59,3:07:31,2:54:18,0:07:33,0:07:20,7:09:41,3179,11251,10458,453,440,25781,200,170,24,203,172,21,180,155,19,200,170,24,Finisher,700
Francis David,Labador,Francis David Labador,699,M40-44,Male,taguig,,Philippines,PH,0:51:29,3:12:43,2:56:56,0:04:33,0:04:40,7:10:20,3089,11563,10616,273,280,25820,201,171,43,187,159,38,185,159,41,201,171,43,Finisher,700
Tony,Heneberry,Tony Heneberry,763,M60-64,Male,Petaling Jaya,SELANGOR,Ireland,IE,0:50:23,3:27:16,2:43:30,0:03:53,0:05:42,7:10:44,3023,12436,9810,233,342,25844,202,172,9,169,145,8,212,183,9,202,172,9,Finisher,1902
Joffrey,Año,Joffrey Año,598,M50-54,Male,"San Jose, Pili",PH-CAS,Philippines,PH,0:41:30,3:14:01,3:06:24,0:04:19,0:04:41,7:10:56,2490,11641,11184,259,281,25856,203,173,20,69,61,8,159,142,16,203,173,20,Finisher,700
Andrei,Ene,Andrei Ene,636,M35-39,Male,Bucuresti,București,Romania,RO,0:49:45,3:28:58,2:37:27,0:06:32,0:09:32,7:12:13,2985,12538,9447,392,572,25933,204,174,25,165,141,21,217,187,25,204,174,25,Finisher,815
Kayo,Ikeda,Kayo Ikeda,846,F55-59,Female,Singapore,01,Singapore,SG,1:00:54,3:36:24,2:21:39,0:05:35,0:08:47,7:13:17,3654,12984,8499,335,527,25997,205,31,3,248,43,5,249,39,5,205,31,3,Finisher,2735
Ivan,Perfiliev,Ivan Perfiliev,720,M45-49,Male,Singapore,01,Singapore,SG,0:43:41,3:51:34,2:21:40,0:07:00,0:09:26,7:13:22,2621,13894,8500,420,566,26002,206,175,27,85,75,12,248,210,33,206,175,27,Finisher,1168
Stewart,Vogstad,Stewart Vogstad,574,M70-74,Male,Subic Bay Freeport Zone,PH-ZMB,Canada,CA,0:46:19,2:59:11,3:17:30,0:05:53,0:06:43,7:15:37,2779,10751,11850,353,403,26137,207,176,3,120,102,2,121,113,2,207,176,3,Finisher,1785
Jana Charisse,Pedro,Jana Charisse Pedro,856,F30-34,Female,Taguig,PH-00,Philippines,PH,0:48:31,3:36:44,2:41:47,0:03:21,0:05:44,7:16:07,2911,13004,9707,201,344,26167,208,32,7,152,23,7,224,31,7,208,32,7,Finisher,1784
Bernard,Mercado,Bernard Mercado,697,M40-44,Male,Addition Hills,PH-00,Philippines,PH,1:01:30,3:07:09,2:56:52,0:03:58,0:07:05,7:16:34,3690,11229,10612,238,425,26194,209,177,44,251,208,49,191,164,42,209,177,44,Finisher,700
Edwin Jr.,Vargas ,Edwin Jr. Vargas,738,M50-54,Male,Paranaque,PH-00,Philippines,PH,0:50:39,3:18:47,2:57:52,0:04:21,0:05:53,7:17:32,3039,11927,10672,261,353,26252,210,178,21,173,149,18,195,168,22,210,178,21,Finisher,700
Oliver Ii,Dizon,Oliver Ii Dizon,724,M45-49,Male,Calamba,,Philippines,PH,0:52:13,3:20:43,2:51:49,0:06:48,0:06:36,7:18:09,3133,12043,10309,408,396,26289,211,179,28,193,164,23,207,179,29,211,179,28,Finisher,1082
Dandreb,Gonzales,Dandreb Gonzales,678,M40-44,Male,Las Pinas City,,Philippines,PH,1:01:36,3:17:33,2:42:31,0:06:58,0:10:15,7:18:53,3696,11853,9751,418,615,26333,212,180,45,253,210,50,221,191,46,212,180,45,Finisher,700
Yunwei,Kuo,Yunwei Kuo,604,M25-29,Male,Hsinchu City,,Taiwan,TW,0:54:02,3:25:12,2:46:57,0:06:34,0:06:37,7:19:21,3242,12312,10017,394,397,26361,213,181,12,215,180,12,220,190,12,213,181,12,Finisher,700
Roland,Bieri,Roland Bieri,765,M65-69,Male,"Bangchak, Phakhanong",,Switzerland,CH,0:44:48,3:29:48,2:55:05,0:04:31,0:06:53,7:21:06,2688,12588,10505,271,413,26466,214,182,3,95,83,1,206,178,3,214,182,3,Finisher,2937
Robert,Czeschka,Robert Czeschka,775,M55-59,Male,Vienna,,Austria,AT,0:46:40,3:25:32,2:59:28,0:04:20,0:06:00,7:22:00,2800,12332,10768,260,360,26520,215,183,12,127,109,9,204,176,12,215,183,12,Finisher,1266
Alexander,Romanov,Alexander Romanov,687,M40-44,Male,Milano,LOMBARDIA,Unknown,,0:48:40,3:52:23,2:30:32,0:03:38,0:07:25,7:22:38,2920,13943,9032,218,445,26558,216,184,46,154,131,32,251,212,49,216,184,46,Finisher,700
Kyonne Seth,Genio,Kyonne Seth Genio,602,M18-24,Male,Puerto Princesa,,Philippines,PH,0:49:25,3:19:19,3:00:48,0:06:45,0:07:25,7:23:42,2965,11959,10848,405,445,26622,217,185,2,162,139,2,201,173,2,217,185,2,Finisher,2444
Kim,Hyunwoo,Kim Hyunwoo,735,M50-54,Male,hanam si,KR-41,South Korea,KR,0:37:39,3:20:45,3:13:51,0:04:35,0:08:19,7:25:09,2259,12045,11631,275,499,26709,218,186,22,40,39,7,168,147,18,218,186,22,Finisher,700
Justin Ray,Torres,Justin Ray Torres,646,M35-39,Male,Puerto Princesa City,PALAWAN,Philippines,PH,1:07:18,3:14:10,2:49:06,0:07:17,0:07:37,7:25:29,4038,11650,10146,437,457,26729,219,187,26,262,217,31,225,194,27,219,187,26,Finisher,700
Ma. Andriane,Colina,Ma. Andriane Colina,830,F35-39,Female,Davao City,DAVAO DEL SUR,Philippines,PH,0:53:48,3:35:43,2:43:00,0:06:00,0:07:08,7:25:39,3228,12943,9780,360,428,26739,220,33,4,214,35,6,238,34,5,220,33,4,Finisher,2133
Justin Elfred Lan,Paber,Justin Elfred Lan Paber,716,M45-49,Male,Guiwan,,Philippines,PH,0:47:32,3:23:29,3:05:14,0:05:18,0:06:44,7:28:16,2852,12209,11114,318,404,26896,221,188,29,137,118,17,203,175,28,221,188,29,Finisher,900
Israel,Aspiras,Israel Aspiras,635,M35-39,Male,"Sabang, Baliuag City",,Philippines,PH,0:53:02,3:11:03,3:12:35,0:04:43,0:07:33,7:28:56,3182,11463,11555,283,453,26936,222,189,27,205,173,26,186,160,21,222,189,27,Finisher,700
Geraldo,Costa,Geraldo Costa,558,M55-59,Male,Baguio City,BR-MG,Brazil,BR,0:49:13,3:27:04,2:59:59,0:04:55,0:07:52,7:29:04,2953,12424,10799,295,472,26944,223,190,13,159,136,10,210,181,13,223,190,13,Finisher,1139
John Kent,Nalzaro,John Kent Nalzaro,606,M25-29,Male,Puerto Princesa City,,Philippines,PH,1:08:46,3:21:23,2:50:33,0:04:39,0:04:44,7:30:04,4126,12083,10233,279,284,27004,224,191,13,265,219,13,234,202,13,224,191,13,Finisher,700
Megan,Brazell,Megan Brazell,854,F30-34,Female,Santa Rita,GU,United States,US,0:49:35,3:32:36,2:49:58,0:09:03,0:09:41,7:30:53,2975,12756,10198,543,581,27053,225,34,8,163,24,8,229,32,8,225,34,8,Finisher,1518
Christopher,Brazell,Christopher Brazell,783,M30-34,Male,SANTA RITA,GU,United States,US,0:49:02,3:32:30,2:49:59,0:09:37,0:09:46,7:30:54,2942,12750,10199,577,586,27054,226,192,25,156,133,16,228,197,25,226,192,25,Finisher,700
Aleksandr,Portey,Aleksandr Portey,645,M35-39,Male,Saint-Petersburg,,Unknown,,0:40:59,3:35:41,3:06:45,0:04:34,0:05:51,7:33:49,2459,12941,11205,274,351,27229,227,193,28,66,59,7,211,182,24,227,193,28,Finisher,700
Thomas,Goforth,Thomas Goforth,581,M55-59,Male,Yakima,NY,United States,US,0:54:56,3:34:03,2:50:19,0:06:24,0:08:12,7:33:55,3296,12843,10219,384,492,27235,228,194,14,225,187,14,237,204,15,228,194,14,Finisher,1051
Antonio Jr,Ebron,Antonio Jr Ebron,676,M40-44,Male,Pasacao,CAMARINES SUR,Philippines,PH,0:47:26,3:30:49,2:59:53,0:06:10,0:10:26,7:34:43,2846,12649,10793,370,626,27283,229,195,47,135,116,29,215,185,43,229,195,47,Finisher,700
Jayrald,Riambon,Jayrald Riambon,689,M40-44,Male,Muntinlupa,PH-00,Philippines,PH,1:03:07,3:14:08,3:00:35,0:08:16,0:09:44,7:35:50,3787,11648,10835,496,584,27350,230,196,48,259,215,51,219,189,45,230,196,48,Finisher,700
Michelle,Malvar,Michelle Malvar,841,F50-54,Female,Calgary,AB,Canada,CA,0:53:01,3:45:55,2:43:52,0:07:02,0:06:50,7:36:40,3181,13555,9832,422,410,27400,231,35,3,204,32,3,253,40,3,231,35,3,Finisher,2133
Dennis,Dy,Dennis Dy,791,M50-54,Male,Candulawan,PH-CEB,Philippines,PH,0:54:38,3:30:09,2:58:38,0:05:48,0:09:29,7:38:42,3278,12609,10718,348,569,27522,232,197,23,223,185,23,227,196,25,232,197,23,Finisher,700
Burns,Garcia,Burns Garcia,739,M50-54,Male,Don Jose,,Philippines,PH,0:59:52,3:41:19,2:46:47,0:05:44,0:04:59,7:38:42,3592,13279,10007,344,299,27522,233,198,24,241,200,26,255,215,26,233,198,24,Finisher,700
Jasmin,Lepasana,Jasmin Lepasana,837,F40-44,Female,Taguig,PH-00,Philippines,PH,1:08:01,3:26:56,2:49:19,0:04:19,0:11:24,7:40:00,4081,12416,10159,259,684,27600,234,36,11,263,46,12,245,37,11,234,36,11,Finisher,1223
Kenichi,Imoto,Kenichi Imoto,771,M75-79,Male,甲賀市甲賀町相模,JP-25,Japan,JP,0:53:18,3:35:47,2:55:45,0:09:02,0:06:32,7:40:25,3198,12947,10545,542,392,27625,235,199,1,208,175,2,242,207,1,235,199,1,Finisher,3500
Hiroki,Miura,Hiroki Miura,680,M40-44,Male,豊中市寺内,,Japan,JP,0:54:48,3:51:39,2:38:45,0:08:36,0:08:54,7:42:42,3288,13899,9525,516,534,27762,236,200,49,224,186,43,261,218,51,236,200,49,Finisher,700
Nicolle,Duenas,Nicolle Duenas,827,F35-39,Female,"Brgy. 3, Malaybalay City",PH-BUK,Philippines,PH,0:54:16,3:34:56,3:02:29,0:05:54,0:06:39,7:44:14,3256,12896,10949,354,399,27854,237,37,5,219,36,7,235,33,4,237,37,5,Finisher,1798
Ronnie,Aguilar,Ronnie Aguilar,736,M50-54,Male,Manila,PH-00,Philippines,PH,0:55:48,3:18:46,3:17:01,0:06:11,0:06:57,7:44:42,3348,11926,11821,371,417,27882,238,201,25,230,192,25,209,180,24,238,201,25,Finisher,700
Irene Ciara Rose,Ventura,Irene Ciara Rose Ventura,831,F35-39,Female,Brgy. Magkakaibigan,,Philippines,PH,0:50:43,3:42:23,2:59:38,0:05:40,0:06:57,7:45:19,3043,13343,10778,340,417,27919,239,38,6,175,25,3,243,36,6,239,38,6,Finisher,1779
Arnel,Castro,Arnel Castro,753,M55-59,Male,Tondo,,Philippines,PH,0:52:31,3:42:43,3:03:00,0:04:20,0:07:10,7:49:43,3151,13363,10980,260,430,28183,240,202,15,200,169,13,246,209,16,240,202,15,Finisher,767
Ramil,Ranario,Ramil Ranario,719,M45-49,Male,Lipa City,,Philippines,PH,1:02:36,3:28:13,3:09:11,0:06:07,0:05:50,7:51:56,3756,12493,11351,367,350,28316,241,203,30,258,214,32,241,206,31,241,203,30,Finisher,700
Kiko,Hashikawa,Kiko Hashikawa,769,M70-74,Male,那覇市泉崎,,Japan,JP,0:45:02,3:18:56,3:34:52,0:06:16,0:07:36,7:52:42,2702,11936,12892,376,456,28362,242,204,4,102,89,1,188,162,3,242,204,4,Finisher,1118
Alesandro,Apellanes,Alesandro Apellanes,601,M18-24,Male,Taguig,PH-00,Philippines,PH,1:00:04,3:54:17,2:48:46,0:05:46,0:05:01,7:53:54,3604,14057,10126,346,301,28434,243,205,3,242,201,3,264,219,3,243,205,3,Finisher,1901
Rex,Dalmacio,Rex Dalmacio,713,M45-49,Male,"Cupang, Antipolo City",RIZ,Philippines,PH,0:54:24,3:12:19,3:36:29,0:06:06,0:07:10,7:56:29,3264,11539,12989,366,430,28589,244,206,31,221,184,25,193,166,26,244,206,31,Finisher,700
Uriel Pieter,Pabalan,Uriel Pieter Pabalan,639,M35-39,Male,"Tres de Mayo, Digos",DAS,Philippines,PH,0:50:24,3:39:04,3:13:40,0:06:24,0:07:25,7:56:56,3024,13144,11620,384,445,28616,245,207,29,170,146,22,239,205,31,245,207,29,Finisher,700
Charina,Tan,Charina Tan,838,F45-49,Female,Fort Bonifacio Taguig,PH-00,Philippines,PH,1:06:35,3:41:19,2:58:13,0:05:16,0:06:24,7:57:47,3995,13279,10693,316,384,28667,246,39,3,261,45,3,258,42,3,246,39,3,Finisher,1544
Heinz,Egli,Heinz Egli,767,M65-69,Male,Davao,,Switzerland,CH,0:57:43,3:40:31,3:10:34,0:05:03,0:06:05,7:59:56,3463,13231,11434,303,365,28796,247,208,4,236,196,4,250,211,4,247,208,4,Finisher,2238
Elmer,Tagarino,Elmer Tagarino,734,M50-54,Male,Pamplona Dos,NATIONAL CAPITAL REGION,Philippines,PH,0:50:37,3:18:08,3:33:08,0:08:58,0:10:01,8:00:52,3037,11888,12788,538,601,28852,248,209,26,172,148,17,205,177,23,248,209,26,Finisher,700
Gichelle Grace,Villaflor,Gichelle Grace Villaflor,829,F35-39,Female,Davao city,DAS,Philippines,PH,0:47:22,3:55:03,3:09:18,0:07:16,0:05:29,8:04:28,2842,14103,11358,436,329,29068,249,40,7,133,19,2,257,41,7,249,40,7,Finisher,1434
Shirra Jazel,De Guia,Shirra Jazel De Guia,820,F30-34,Female,"Pulang Lupa Dos, Las Pinas City",,Philippines,PH,0:58:24,4:03:30,2:51:04,0:06:33,0:05:20,8:04:50,3504,14610,10264,393,320,29090,250,41,9,238,41,10,266,46,9,250,41,9,Finisher,907
Philip,Aragones,Philip Aragones,682,M40-44,Male,Muntinlupa City,,Philippines,PH,0:44:48,3:41:33,3:24:36,0:06:11,0:07:44,8:04:51,2688,13293,12276,371,464,29091,251,210,50,96,84,19,231,199,48,251,210,50,Finisher,700
Rolando Jr.,Del Fierro,Rolando Jr. Del Fierro,630,M35-39,Male,MAGUGPO SOUTH,,Philippines,PH,0:48:17,3:32:10,3:34:14,0:05:03,0:06:09,8:05:53,2897,12730,12854,303,369,29153,252,211,30,146,126,17,218,188,26,252,211,30,Finisher,700
Lisa,Low,Lisa Low,848,F55-59,Female,Singapore,Singapore,Singapore,SG,1:01:37,3:29:24,3:25:33,0:05:14,0:08:59,8:10:47,3697,12564,12333,314,539,29447,253,42,4,254,44,6,240,35,3,253,42,4,Finisher,1700
Kazutoshi,Miyokawa,Kazutoshi Miyokawa,524,M75-79,Male,Chuo-ku,JP-13,Japan,JP,0:45:59,3:56:04,3:14:56,0:06:59,0:07:07,8:11:05,2759,14164,11696,419,427,29465,254,212,2,109,95,1,256,216,2,254,212,2,Finisher,2948
Karl,Ylaya,Karl Ylaya,649,M35-39,Male,Tagbilaran,PH-BOH,Philippines,PH,1:01:32,3:25:51,3:30:37,0:07:54,0:06:43,8:12:37,3692,12351,12637,474,403,29557,255,213,31,252,209,29,236,203,30,255,213,31,Finisher,700
Nina Vennor,Pascua,Nina Vennor Pascua,819,F30-34,Female,Angeles City,,Philippines,PH,0:52:23,4:24:58,2:45:36,0:04:08,0:05:56,8:13:00,3143,15898,9936,248,356,29580,256,43,10,198,31,9,267,47,10,256,43,10,Finisher,760
Arnold,Lee,Arnold Lee,754,M55-59,Male,QUEZON CITY,NATIONAL CAPITAL REGION,Philippines,PH,1:01:20,3:24:38,3:26:46,0:07:13,0:13:28,8:13:24,3680,12278,12406,433,808,29604,257,214,16,250,207,16,232,200,14,257,214,16,Finisher,700
Michael,Jacobs,Michael Jacobs,688,M40-44,Male,Hong Kong,Hong Kong,Hong Kong,HK,0:45:42,4:02:00,3:12:18,0:05:37,0:08:42,8:14:19,2742,14520,11538,337,522,29659,258,215,51,108,94,22,260,217,50,258,215,51,Finisher,700
Paul Warren,Saludez,Paul Warren Saludez,714,M45-49,Male,Puerto Princesa City,,Philippines,PH,1:00:48,3:32:05,3:26:49,0:05:56,0:09:49,8:15:26,3648,12725,12409,356,589,29726,259,216,32,247,205,31,244,208,32,259,216,32,Finisher,700
Pranab,Prakash,Pranab Prakash,621,M30-34,Male,chennai,TN,India,IN,1:02:30,3:34:41,3:21:49,0:08:07,0:08:19,8:15:27,3750,12881,12109,487,499,29727,260,217,26,257,213,26,252,213,26,260,217,26,Finisher,700
Luisita,Jadulco,Luisita Jadulco,847,F55-59,Female,Consolacion,PH-CEB,Philippines,PH,1:00:13,3:34:06,3:28:49,0:05:35,0:06:53,8:15:36,3613,12846,12529,335,413,29736,261,44,5,244,42,4,247,38,4,261,44,5,Finisher,1614
Yuemin,Peng,Yuemin Peng,781,M45-49,Male,Shanghai,SH,China,CN,0:58:29,3:23:26,3:37:19,0:06:52,0:11:23,8:17:29,3509,12206,13039,412,683,29849,262,218,33,239,198,27,226,195,30,262,218,33,Finisher,700
Mark Lawrence,Cruz,Mark Lawrence Cruz,702,M45-49,Male,Catalunan Pequeño,,Philippines,PH,1:03:54,3:37:48,3:26:56,0:04:53,0:06:12,8:19:43,3834,13068,12416,293,372,29983,263,219,34,260,216,33,254,214,34,263,219,34,Finisher,700
Munmun,Nath,Munmun Nath,835,F40-44,Female,Makati,NATIONAL CAPITAL REGION,Philippines,PH,0:57:02,3:50:29,3:09:23,0:05:45,0:18:07,8:20:47,3422,13829,11363,345,1087,30047,264,45,12,235,40,11,259,43,12,264,45,12,Finisher,700
Leoniza,Gusilatar,Leoniza Gusilatar,844,F55-59,Female,Matandang balara QC,,Philippines,PH,0:53:16,3:57:40,3:12:48,0:07:25,0:10:00,8:21:09,3196,14260,11568,445,600,30069,265,46,6,207,33,3,263,45,6,265,46,6,Finisher,1514
Mark Jude,Trondillo,Mark Jude Trondillo,722,M45-49,Male,Digos City,DAVAO DEL SUR,Philippines,PH,1:08:18,3:48:31,3:10:52,0:09:06,0:07:30,8:24:18,4098,13711,11452,546,450,30258,266,220,35,264,218,34,265,220,35,266,220,35,Finisher,700
Yasuyo,Kikuoka,Yasuyo Kikuoka,850,F60-64,Female,Toyonaka shi Oosaka fu,,Japan,JP,0:54:17,3:53:22,3:20:48,0:08:35,0:07:31,8:24:33,3257,14002,12048,515,451,30273,267,47,3,220,37,3,262,44,3,267,47,3,Finisher,939
John Paul,Bibon,John Paul Bibon,617,M30-34,Male,Marikina,,Philippines,PH,,,,0:00:00,0:00:00,,0,0,0,0,0,0,99999,99999,99999,99999,99999,99999,99999,99999,99999,99999,99999,99999,DNS,0
Bianca Jane ,Española,Bianca Jane Española,818,F25-29,Female,Cebu,,Philippines,PH,,,,0:00:00,0:00:00,,0,0,0,0,0,0,99999,99999,99999,99999,99999,99999,99999,99999,99999,99999,99999,99999,DNS,0
Whit,Hunter,Whit Hunter,640,M35-39,Male,CHARLOTTESVLE,VA,United States,US,,,,0:00:00,0:00:00,,0,0,0,0,0,0,99999,99999,99999,99999,99999,99999,99999,99999,99999,99999,99999,99999,DNS,0
Ray,Chee,Ray Chee,686,M40-44,Male,Singapore ,,Singapore,SG,,,,0:00:00,0:00:00,,0,0,0,0,0,0,99999,99999,99999,99999,99999,99999,99999,99999,99999,99999,99999,99999,DNS,0
Damion,Toney,Damion Toney,721,M45-49,Male,MERMAID WATERS,QLD,Australia,AU,,,,0:00:00,0:00:00,,0,0,0,0,0,0,99999,99999,99999,99999,99999,99999,99999,99999,99999,99999,99999,99999,DNS,0
John Carlo,Coronel,John Carlo Coronel,665,M40-44,Male,Malolos,,Philippines,PH,0:39:11,,,0:00:00,0:00:00,,2351,0,0,0,0,0,99999,99999,99999,99999,99999,99999,99999,99999,99999,99999,99999,99999,DNF,0
Satoru,Nogami,Satoru Nogami,760,M60-64,Male,"Doshida,, Nerima-ku,",JP-13,Japan,JP,,,,0:00:00,0:00:00,,0,0,0,0,0,0,99999,99999,99999,99999,99999,99999,99999,99999,99999,99999,99999,99999,DNS,0
Michael,Tapuro,Michael Tapuro,695,M40-44,Male,Brgy. Valencia,,Philippines,PH,,,,0:00:00,0:00:00,,0,0,0,0,0,0,99999,99999,99999,99999,99999,99999,99999,99999,99999,99999,99999,99999,DNF,0
Maria Jorja,Franco,Maria Jorja Franco,836,F40-44,Female,Bacoor,,Philippines,PH,1:07:06,4:02:28,,0:06:09,0:06:48,,4026,14548,0,369,408,0,99999,99999,99999,99999,99999,99999,99999,99999,99999,99999,99999,99999,DNF,0
Hideki,Matsumoto,Hideki Matsumoto,526,M60-64,Male,osaka joutou noe,JP-27,Japan,JP,,,,0:00:00,0:00:00,,0,0,0,0,0,0,99999,99999,99999,99999,99999,99999,99999,99999,99999,99999,99999,99999,DNF,0
Donovan,Catindoy,Donovan Catindoy,792,M30-34,Male,Cainta,RIZ,Philippines,PH,0:44:18,,,0:05:13,0:00:00,,2658,0,0,313,0,0,99999,99999,99999,99999,99999,99999,99999,99999,99999,99999,99999,99999,DNF,0
Ricky,Omadle,Ricky Omadle,745,M55-59,Male,PHILIPPINES (PHI),,Philippines,PH,,,,0:00:00,0:00:00,,0,0,0,0,0,0,99999,99999,99999,99999,99999,99999,99999,99999,99999,99999,99999,99999,DNS,0
Alexey,Maslov,Alexey Maslov,593,M40-44,Male,Dubai,Dubai,United Arab Emirates,AE,,,,0:00:00,0:00:00,,0,0,0,0,0,0,99999,99999,99999,99999,99999,99999,99999,99999,99999,99999,99999,99999,DNS,0
Ross,Rutherford,Ross Rutherford,608,M25-29,Male,Liverpool,,United Kingdom,GB,0:30:11,4:51:48,,0:05:43,0:00:00,,1811,17508,0,343,0,0,99999,99999,99999,99999,99999,99999,99999,99999,99999,99999,99999,99999,DNF,0
Tat Dat,Tran,Tat Dat Tran,673,M40-44,Male,Da Nang,VN-DN,Vietnam,VN,0:52:41,3:03:52,,0:03:24,0:05:11,,3161,11032,0,204,311,0,99999,99999,99999,99999,99999,99999,99999,99999,99999,99999,99999,99999,DNF,0
Enrique Jr.,Luy,Enrique Jr. Luy,752,M55-59,Male,Makati,,Philippines,PH,0:59:44,3:57:12,,0:09:06,0:08:46,,3584,14232,0,546,526,0,99999,99999,99999,99999,99999,99999,99999,99999,99999,99999,99999,99999,DNF,0
Marvin,Sanchez,Marvin Sanchez,661,M40-44,Male,Hicskville,NY,Philippines,PH,1:05:09,,,0:06:38,0:00:00,,3909,0,0,398,0,0,99999,99999,99999,99999,99999,99999,99999,99999,99999,99999,99999,99999,DNF,0
Borj,Alarcos,Borj Alarcos,826,F35-39,Female,Caniogan,PH-00,Philippines,PH,0:58:38,3:43:16,,0:05:07,0:06:49,,3518,13396,0,307,409,0,99999,99999,99999,99999,99999,99999,99999,99999,99999,99999,99999,99999,DNF,0
Kyle,Chiu,Kyle Chiu,784,M35-39,Male,Olongapo,PH-ZMB,Taiwan,TW,,,,0:00:00,0:00:00,,0,0,0,0,0,0,99999,99999,99999,99999,99999,99999,99999,99999,99999,99999,99999,99999,DNS,0
Aleksandr,Ozarenkov,Aleksandr Ozarenkov,594,M35-39,Male,Dubai,Dubai,United Arab Emirates,AE,,,,0:00:00,0:00:00,,0,0,0,0,0,0,99999,99999,99999,99999,99999,99999,99999,99999,99999,99999,99999,99999,DNS,0
Yannick,Martin,Yannick Martin,707,M45-49,Male,Phnom Penh,Phnom Penh,France,FR,0:38:52,2:39:39,,0:03:11,0:04:03,,2332,9579,0,191,243,0,99999,99999,99999,99999,99999,99999,99999,99999,99999,99999,99999,99999,DNF,0
Anand,Luthra,Anand Luthra,560,M45-49,Male,Bangkok,,Thailand,TH,0:48:20,3:49:07,,0:03:22,0:07:17,,2900,13747,0,202,437,0,99999,99999,99999,99999,99999,99999,99999,99999,99999,99999,99999,99999,DNF,0
Ninaad,Chakravarti,Ninaad Chakravarti,611,M25-29,Male,Mumbai,,India,IN,1:06:11,4:09:36,,0:10:10,0:11:20,,3971,14976,0,610,680,0,99999,99999,99999,99999,99999,99999,99999,99999,99999,99999,99999,99999,DNF,0
Saidamen Leo,Manabilang,Saidamen Leo Manabilang,658,M40-44,Male,Amai Manabilang,,Philippines,PH,,,,0:00:00,0:00:00,,0,0,0,0,0,0,99999,99999,99999,99999,99999,99999,99999,99999,99999,99999,99999,99999,DNS,0
N.N.,363,N.N. 363,363,Unknown,,,,Unknown,,1:17:39,,,0:00:00,0:00:00,,4659,0,0,0,0,0,99999,99999,99999,99999,99999,99999,99999,99999,99999,99999,99999,99999,DNF,0
Celedonio,Quinto,Celedonio Quinto,755,M55-59,Male,Sta. Monica,,Philippines,PH,1:10:48,4:02:15,,0:05:09,0:08:40,,4248,14535,0,309,520,0,99999,99999,99999,99999,99999,99999,99999,99999,99999,99999,99999,99999,DNF,0
Gerard Benedict,Florendo,Gerard Benedict Florendo,662,M40-44,Male,"Bacolor, Pampanga",,Philippines,PH,,,,0:00:00,0:00:00,,0,0,0,0,0,0,99999,99999,99999,99999,99999,99999,99999,99999,99999,99999,99999,99999,DNS,0
Katrina,Southwood,Katrina Southwood,851,F60-64,Female,Doha,,Australia,AU,0:52:36,,,0:06:48,0:00:00,,3156,0,0,408,0,0,99999,99999,99999,99999,99999,99999,99999,99999,99999,99999,99999,99999,DNF,0
Martin,Gomez,Martin Gomez,612,M25-29,Male,Baldwin Park,CA,United States,US,0:58:20,4:07:15,,0:07:06,0:07:59,,3500,14835,0,426,479,0,99999,99999,99999,99999,99999,99999,99999,99999,99999,99999,99999,99999,DNF,0
Val Jonathan,Pineda,Val Jonathan Pineda,675,M40-44,Male,Talipapa,NATIONAL CAPITAL REGION,Philippines,PH,,,,0:00:00,0:00:00,,0,0,0,0,0,0,99999,99999,99999,99999,99999,99999,99999,99999,99999,99999,99999,99999,DNS,0
Christopher,Pacheco,Christopher Pacheco,653,M35-39,Male,Borol 2nd Balagtas,PH-BUL,Philippines,PH,1:14:09,,,0:00:00,0:00:00,,4449,0,0,0,0,0,99999,99999,99999,99999,99999,99999,99999,99999,99999,99999,99999,99999,DNF,0
Duncan,Cooper,Duncan Cooper,762,M60-64,Male,Fowey,,United Kingdom,GB,1:14:06,,,0:00:00,0:00:00,,4446,0,0,0,0,0,99999,99999,99999,99999,99999,99999,99999,99999,99999,99999,99999,99999,DNF,0
Leopoldo Jun,Garcia Jr,Leopoldo Jun Garcia Jr,712,M45-49,Male,Valenzuela City,,Philippines,PH,,,,0:00:00,0:00:00,,0,0,0,0,0,0,99999,99999,99999,99999,99999,99999,99999,99999,99999,99999,99999,99999,DNS,0
Michael,Tiano,Michael Tiano,749,M55-59,Male,Talon 5,PH-00,Philippines,PH,,,,0:00:00,0:00:00,,0,0,0,0,0,0,99999,99999,99999,99999,99999,99999,99999,99999,99999,99999,99999,99999,DNS,0
Mon,Dimalanta,Mon Dimalanta,674,M40-44,Male,Santa Barbara,PH-PAN,Philippines,PH,,,,0:00:00,0:00:00,,0,0,0,0,0,0,99999,99999,99999,99999,99999,99999,99999,99999,99999,99999,99999,99999,DNS,0
Kilhak,Kunimoto,Kilhak Kunimoto,770,M75-79,Male,TAMUNING,GU,Guam,GU,0:57:21,,,0:06:16,0:00:00,,3441,0,0,376,0,0,99999,99999,99999,99999,99999,99999,99999,99999,99999,99999,99999,99999,DNF,0
Ferdinand,Lee,Ferdinand Lee,780,M50-54,Male,"Dinaga,naga city",PH-CAS,Philippines,PH,1:20:30,,,0:00:00,0:00:00,,4830,0,0,0,0,0,99999,99999,99999,99999,99999,99999,99999,99999,99999,99999,99999,99999,DNF,0
Nikita,Gayvoronskii,Nikita Gayvoronskii,631,M35-39,Male,Rostov-am-Don,"
Rostovskayi obl.",Unknown,,,,,0:00:00,0:00:00,,0,0,0,0,0,0,99999,99999,99999,99999,99999,99999,99999,99999,99999,99999,99999,99999,DNS,0
Terence,Diaz,Terence Diaz,710,M45-49,Male,"Cainta, Rizal",HI,Philippines,PH,1:13:45,,,0:00:00,0:00:00,,4425,0,0,0,0,0,99999,99999,99999,99999,99999,99999,99999,99999,99999,99999,99999,99999,DNF,0
Rene Ricardo,Tayag,Rene Ricardo Tayag,567,M50-54,Male,Angeles City,,Philippines,PH,0:41:48,2:55:22,4:51:10,0:03:42,0:03:22,8:35:25,2508,10522,17470,222,202,30925,99999,99999,99999,99999,99999,99999,99999,99999,99999,99999,99999,99999,DNF,0
Paul,Brewer,Paul Brewer,772,M75-79,Male,Kuala Lumpur,MY-14,Malaysia,MY,0:48:07,,,0:09:38,0:00:00,,2887,0,0,578,0,0,99999,99999,99999,99999,99999,99999,99999,99999,99999,99999,99999,99999,DNF,0
Alfredo Jr.,Santos,Alfredo Jr. Santos,727,M45-49,Male,San Juan,PH-00,Philippines,PH,,,,0:00:00,0:00:00,,0,0,0,0,0,0,99999,99999,99999,99999,99999,99999,99999,99999,99999,99999,99999,99999,DNS,0
James,Tan,James Tan,607,M25-29,Male,Pok Fu Lam,Hong Kong,Hong Kong,HK,0:26:05,,,0:02:23,0:00:00,,1565,0,0,143,0,0,99999,99999,99999,99999,99999,99999,99999,99999,99999,99999,99999,99999,DNF,0
Zhandos,Sakhiyev,Zhandos Sakhiyev,779,M35-39,Male,Almaty,Almaty,Kazakhstan,KZ,0:58:21,3:59:45,,0:04:35,0:05:57,,3501,14385,0,275,357,0,99999,99999,99999,99999,99999,99999,99999,99999,99999,99999,99999,99999,DNF,0
Ian,Rogers,Ian Rogers,759,M60-64,Male,Manila,PH-QUE,United Kingdom,GB,0:43:14,,,0:03:57,0:00:00,,2594,0,0,237,0,0,99999,99999,99999,99999,99999,99999,99999,99999,99999,99999,99999,99999,DNF,0
Rod,Mcgregor,Rod Mcgregor,750,M55-59,Male,Wellington,WGN,New Zealand,NZ,,,,0:00:00,0:00:00,,0,0,0,0,0,0,99999,99999,99999,99999,99999,99999,99999,99999,99999,99999,99999,99999,DNS,0
Antonio,Diwa Iii,Antonio Diwa Iii,701,M45-49,Male,Lubao,CENTRAL LUZON,Philippines,PH,1:13:21,,,0:00:00,0:00:00,,4401,0,0,0,0,0,99999,99999,99999,99999,99999,99999,99999,99999,99999,99999,99999,99999,DNF,0
Kamil Aleksander,Styla,Kamil Aleksander Styla,509,M35-39,Male,KRAKOW,,Poland,PL,,,,0:00:00,0:00:00,,0,0,0,0,0,0,99999,99999,99999,99999,99999,99999,99999,99999,99999,99999,99999,99999,DNS,0
Tatsuro,Yoshimura,Tatsuro Yoshimura,643,M35-39,Male,Tokyo,,Japan,JP,0:57:41,4:14:52,,0:07:58,0:04:37,,3461,15292,0,478,277,0,99999,99999,99999,99999,99999,99999,99999,99999,99999,99999,99999,99999,DNF,0
Andrzej,Mazur,Andrzej Mazur,757,M60-64,Male,,,Hong Kong,HK,,,,0:00:00,0:00:00,,0,0,0,0,0,0,99999,99999,99999,99999,99999,99999,99999,99999,99999,99999,99999,99999,DNS,0
Arjun,Das,Arjun Das,647,M35-39,Male,Sulthan Bathery,Kerala,India,IN,,,,0:00:00,0:00:00,,0,0,0,0,0,0,99999,99999,99999,99999,99999,99999,99999,99999,99999,99999,99999,99999,DNS,0
Hazel Joy,Onod,Hazel Joy Onod,823,F30-34,Female,Mandaluyong,,Philippines,PH,1:23:51,,,0:00:00,0:00:00,,5031,0,0,0,0,0,99999,99999,99999,99999,99999,99999,99999,99999,99999,99999,99999,99999,DNF,0
