FirstName,LastName,FullName,Bib,AgeGroup,Gender,City,State,Country,CountryISO,SwimTime,BikeTime,RunTime,T1Time,T2Time,FinishTime,SwimSeconds,BikeSeconds,RunSeconds,T1Seconds,T2Seconds,FinishSeconds,OverallRank,GenderRank,AgeGroupRank,SwimRankOverall,SwimRankGender,SwimRankGroup,BikeRankOverall,BikeRankGender,BikeRankGroup,RunRankOverall,RunRankGender,RunRankGroup,Status,Points
John Patrick,Ciron,John Patrick Ciron,462,M25-29,Male,Iriga City,PH-CAS,Philippines,PH,0:30:45,2:33:22,1:28:18,0:02:27,0:02:36,4:37:28,1845,9202,5298,147,156,16648,1,1,1,11,9,4,3,3,1,1,1,1,Finisher,3500
August,Benedicto,August Benedicto,3,M40-44,Male,Paniqui,PH-TAR,Philippines,PH,0:31:19,2:30:06,1:33:59,0:02:29,0:03:04,4:40:58,1879,9006,5639,149,184,16858,2,2,1,14,12,2,2,2,1,2,2,1,Finisher,3500
Mervin Rencel,Santiago,Mervin Rencel Santiago,28,M30-34,Male,Valenzuela,PH-00,Philippines,PH,0:31:02,2:29:45,1:36:40,0:02:18,0:02:55,4:42:40,1862,8985,5800,138,175,16960,3,3,1,12,10,2,1,1,1,3,3,1,Finisher,3500
Kenneth,Bonda,Kenneth Bonda,29,M18-24,Male,Snd,PH-LAN,Philippines,PH,0:32:17,2:36:03,1:48:09,0:03:16,0:02:38,5:02:22,1937,9363,6489,196,158,18142,4,4,1,19,17,3,5,5,1,4,4,1,Finisher,3500
Julian Sebastian,Teves,Julian Sebastian Teves,26,M25-29,Male,Sibulan,PH-NER,Philippines,PH,0:29:48,2:37:44,1:51:06,0:02:42,0:03:29,5:04:49,1788,9464,6666,162,209,18289,5,5,2,8,6,3,4,4,2,5,5,2,Finisher,3007
Luigi Victor,Robles,Luigi Victor Robles,21,M35-39,Male,Buayang Bato Mandaluyong,PH-00,Philippines,PH,0:32:41,2:43:14,1:42:56,0:03:13,0:03:58,5:06:03,1961,9794,6176,193,238,18363,6,6,1,22,20,2,13,13,2,6,6,1,Finisher,3500
Tristan Rene,Santos,Tristan Rene Santos,98,M30-34,Male,"Malpitic, City of San Fernando",PH-PAM,Philippines,PH,0:34:44,2:40:41,1:43:37,0:03:34,0:03:46,5:06:23,2084,9641,6217,214,226,18383,7,7,2,38,35,6,11,11,3,7,7,2,Finisher,3073
Mariano Jr,Basagre,Mariano Jr Basagre,111,M30-34,Male,Nabua,PH-CAS,Philippines,PH,0:39:59,2:40:46,1:42:41,0:02:30,0:03:21,5:09:18,2399,9646,6161,150,201,18558,8,8,3,114,99,15,21,21,4,8,8,3,Finisher,3020
Jan,Javier,Jan Javier,155,M18-24,Male,muntinlupa,,Philippines,PH,0:46:06,2:39:57,1:38:49,0:02:35,0:03:05,5:10:31,2766,9597,5929,155,185,18631,9,9,2,211,180,11,30,30,5,9,9,2,Finisher,3353
Arvin,Reynoso,Arvin Reynoso,175,M25-29,Male,Imus,CAVITE,Philippines,PH,0:41:50,2:37:27,1:43:33,0:03:40,0:04:16,5:10:46,2510,9447,6213,220,256,18646,10,10,3,153,131,19,19,19,5,10,10,3,Finisher,2900
Mark Anthony,Hosana,Mark Anthony Hosana,441,M30-34,Male,Canaman,PH-CAS,Philippines,PH,0:29:15,2:41:34,1:55:05,0:02:29,0:02:40,5:11:03,1755,9694,6905,149,160,18663,11,11,4,7,5,1,6,6,2,11,11,4,Finisher,2989
Irienold,Reig Jr,Irienold Reig Jr,1,M18-24,Male,BAASAN HILLS QUEZON CITY,PH-00,Philippines,PH,0:27:41,2:45:39,1:52:50,0:02:39,0:02:53,5:11:42,1661,9939,6770,159,173,18702,12,12,3,1,1,1,8,8,2,12,12,3,Finisher,3332
Jaturon,Jeenjitman,Jaturon Jeenjitman,22,M25-29,Male,SuanLuang,KRUNG THEP MAHA NAKHON,Thailand,TH,0:27:42,2:49:49,1:48:14,0:04:03,0:03:26,5:13:14,1662,10189,6494,243,206,18794,13,13,4,2,2,1,16,16,3,13,13,4,Finisher,2856
Belly,Biag,Belly Biag,448,M40-44,Male,Pili,PH-CAS,Philippines,PH,0:37:49,2:42:27,1:45:59,0:03:34,0:03:57,5:13:45,2269,9747,6359,214,237,18825,14,14,2,80,72,13,23,23,5,14,14,2,Finisher,2909
Eduardo,Viloria,Eduardo Viloria,117,M40-44,Male,Singapore,,Philippines,PH,0:33:59,2:43:43,1:49:36,0:03:08,0:04:08,5:14:35,2039,9823,6576,188,248,18875,15,15,3,30,28,4,15,15,4,15,15,3,Finisher,2894
Rafael,Sawali,Rafael Sawali,157,M25-29,Male,Muntinlupa,PH-00,Philippines,PH,0:29:14,2:49:17,1:50:27,0:03:04,0:03:57,5:15:59,1754,10157,6627,184,237,18959,16,16,5,6,4,2,17,17,4,16,16,5,Finisher,2806
Marc,Tzivelekas,Marc Tzivelekas,328,M45-49,Male,Singapore,Singapore,Greece,GR,0:34:00,2:39:44,1:59:58,0:04:19,0:04:12,5:22:12,2040,9584,7198,259,252,19332,17,17,1,31,29,1,10,10,1,17,17,1,Finisher,3500
Yoejan,Prudente,Yoejan Prudente,156,M18-24,Male,Sun Valley Bicutan,PH-00,Philippines,PH,0:33:03,2:45:55,1:55:45,0:03:31,0:04:09,5:22:23,1983,9955,6945,211,249,19343,18,18,4,26,24,4,18,18,3,18,18,4,Finisher,3139
Nikolai Kiev,Kian,Nikolai Kiev Kian,161,M25-29,Male,Las pinas,PH-00,Philippines,PH,0:36:05,2:48:26,1:49:27,0:04:04,0:04:43,5:22:45,2165,10106,6567,244,283,19365,19,19,6,55,49,9,29,29,7,19,19,6,Finisher,2684
Renel,Brecenio,Renel Brecenio,443,M35-39,Male,Ocampo,PH-CAS,Philippines,PH,0:37:19,2:43:13,1:57:11,0:02:51,0:02:53,5:23:27,2239,9793,7031,171,173,19407,20,20,2,76,68,11,22,22,3,20,20,2,Finisher,3186
Rolando,Alquero,Rolando Alquero,51,M40-44,Male,San Fernando,PH-PAM,Philippines,PH,0:38:43,2:48:31,1:50:19,0:02:45,0:03:53,5:24:11,2323,10111,6619,165,233,19451,21,21,4,92,83,15,34,34,8,21,21,4,Finisher,2722
Andrew,Bacaron,Andrew Bacaron,210,M30-34,Male,Batangas,Calabarzon,Philippines,PH,0:36:45,2:47:00,1:54:10,0:02:55,0:04:11,5:25:01,2205,10020,6850,175,251,19501,22,22,5,65,57,10,25,25,5,22,22,5,Finisher,2737
Julien,Samaha,Julien Samaha,57,M40-44,Male,Banilad,Central Visayas,France,FR,0:30:41,2:43:58,2:02:49,0:03:19,0:04:14,5:25:02,1841,9838,7369,199,254,19502,23,23,5,9,7,1,9,9,2,23,23,5,Finisher,2706
Ralph Adrian,Lontoc,Ralph Adrian Lontoc,23,M35-39,Male,Calicanto Batangas City,PH-BTG,Philippines,PH,0:32:02,2:51:29,1:54:21,0:03:39,0:03:40,5:25:11,1922,10289,6861,219,220,19511,24,24,3,18,16,1,26,26,4,24,24,3,Finisher,3155
Arthur,Abogado,Arthur Abogado,467,M45-49,Male,Indangan,PH-DAS,Philippines,PH,0:37:02,2:40:43,2:01:50,0:02:49,0:03:00,5:25:24,2222,9643,7310,169,180,19524,25,25,2,70,62,6,14,14,2,25,25,2,Finisher,3442
Dea,Salsabila Putri,Dea Salsabila Putri,109,F25-29,Female,Sidoarjo ,East Java,Indonesia,ID,0:27:44,3:10:22,1:41:08,0:03:26,0:03:43,5:26:22,1664,11422,6068,206,223,19582,26,1,1,3,1,1,66,2,1,26,1,1,Finisher,3500
Daniel,Valdez,Daniel Valdez,91,M40-44,Male,Taguig,PH-00,Philippines,PH,0:38:30,2:54:08,1:47:14,0:03:23,0:04:12,5:27:27,2310,10448,6434,203,252,19647,27,26,6,86,77,14,50,49,11,27,26,6,Finisher,2663
YU,SATO,YU SATO,277,M40-44,Male,Fukuokashi,JP-40,Japan,JP,0:32:24,2:42:44,2:05:30,0:03:55,0:04:32,5:29:05,1944,9764,7530,235,272,19745,28,27,7,20,18,3,12,12,3,28,27,7,Finisher,2633
Justin Patrick,Navarro,Justin Patrick Navarro,105,M25-29,Male,Parañaque,PH-00,Philippines,PH,0:41:43,2:42:51,1:56:49,0:04:23,0:03:29,5:29:14,2503,9771,7009,263,209,19754,29,28,7,150,128,18,31,31,8,29,28,7,Finisher,2568
Justin,Dee,Justin Dee,174,M25-29,Male,Maybunga,PH-00,Philippines,PH,0:37:13,2:42:29,2:03:59,0:03:26,0:03:32,5:30:39,2233,9749,7439,206,212,19839,30,29,8,72,64,12,20,20,6,30,29,8,Finisher,2542
Erika,Burgos,Erika Burgos,2,F18-24,Female,Tanauan City,BATANGAS,Philippines,PH,0:27:52,3:16:06,1:41:58,0:02:43,0:03:52,5:32:30,1672,11766,6118,163,232,19950,31,2,1,4,2,1,84,6,1,31,2,1,Finisher,3500
Edgar,Puruganan,Edgar Puruganan,305,M40-44,Male,Pasay,NATIONAL CAPITAL REGION,Philippines,PH,0:39:20,2:45:45,2:00:33,0:04:22,0:03:42,5:33:42,2360,9945,7233,262,222,20022,32,30,8,104,92,18,32,32,7,32,30,8,Finisher,2550
Nicole,Andaya,Nicole Andaya,394,F30-34,Female,Biñan,PH-LAG,Philippines,PH,0:34:00,2:54:03,1:59:31,0:04:28,0:05:07,5:37:09,2040,10443,7171,268,307,20229,33,3,1,32,3,1,40,1,1,33,3,1,Finisher,3500
Kim Samuel De Vera,Pineda,Kim Samuel De Vera Pineda,225,M35-39,Male,"Luksuhin, Alfonso",PH-CAV,Philippines,PH,0:35:41,2:51:50,2:00:03,0:04:26,0:05:28,5:37:27,2141,10310,7203,266,328,20247,34,31,4,52,46,6,37,37,5,34,31,4,Finisher,2934
Louie Cesar,Carpio,Louie Cesar Carpio,176,M25-29,Male,"Tenejero, Balanga",PH-BAN,Philippines,PH,0:35:35,2:53:41,1:58:31,0:04:13,0:05:28,5:37:27,2135,10421,7111,253,328,20247,35,32,9,51,45,8,42,41,10,35,32,9,Finisher,2420
Hiroshi,Takei,Hiroshi Takei,471,M50-54,Male,laspinas,,Philippines,PH,0:28:39,3:00:14,1:58:41,0:04:35,0:05:57,5:38:06,1719,10814,7121,275,357,20286,36,33,1,5,3,1,41,40,2,36,33,1,Finisher,3500
Miguel,Lazaro,Miguel Lazaro,200,M30-34,Male,Pansol,PH-00,Philippines,PH,0:33:02,2:50:57,2:07:22,0:03:56,0:03:54,5:39:12,1982,10257,7642,236,234,20352,37,34,6,25,23,5,28,28,6,37,34,6,Finisher,2482
Andrew,Walthern,Andrew Walthern,279,M40-44,Male,Malasiqui,PH-PAN,Philippines,PH,0:36:27,2:56:17,1:57:31,0:04:59,0:04:53,5:40:07,2187,10577,7051,299,293,20407,38,35,9,61,54,11,54,53,12,38,35,9,Finisher,2435
Anne Rushelle,Nuñez,Anne Rushelle Nuñez,68,F25-29,Female,Pili,PH-CAS,Philippines,PH,0:41:22,2:57:51,1:54:30,0:04:07,0:03:51,5:41:41,2482,10671,6870,247,231,20501,39,4,2,141,20,5,71,3,2,39,4,2,Finisher,3224
KRISTINE BERNETH,BUGNA,KRISTINE BERNETH BUGNA,437,F25-29,Female,Tarlac City,PH-TAR,Philippines,PH,0:39:06,3:00:59,1:53:06,0:04:40,0:04:20,5:42:11,2346,10859,6786,280,260,20531,40,5,3,99,11,4,76,4,3,40,5,3,Finisher,3215
Victoria,Hill,Victoria Hill,67,F50-54,Female,Singapore,01,United Kingdom,GB,0:36:13,3:04:21,1:52:01,0:04:38,0:05:18,5:42:31,2173,11061,6721,278,318,20551,41,6,1,57,7,1,78,5,1,41,6,1,Finisher,3500
Reagan,Diaz,Reagan Diaz,54,M40-44,Male,Mandaluyong,PH-00,Philippines,PH,0:38:50,2:53:59,2:01:38,0:05:01,0:04:03,5:43:30,2330,10439,7298,301,243,20610,42,36,10,94,85,16,55,54,13,42,36,10,Finisher,2374
BENEDICTO JR,MAPANAO,BENEDICTO JR MAPANAO,431,M18-24,Male,Pili,PH-CAS,Philippines,PH,0:39:12,2:45:56,2:10:08,0:04:46,0:04:16,5:44:18,2352,9956,7808,286,256,20658,43,37,5,102,90,9,33,33,6,43,37,5,Finisher,2745
Julio,Padilla,Julio Padilla,152,M18-24,Male,Pasig,PH-00,Philippines,PH,0:33:13,2:59:22,2:02:51,0:04:11,0:05:02,5:44:38,1993,10762,7371,251,302,20678,44,38,6,28,26,6,51,50,8,44,38,6,Finisher,2739
John Carlo,Bufete,John Carlo Bufete,430,M18-24,Male,Pili,PH-CAS,Philippines,PH,0:34:50,2:45:59,2:17:13,0:04:07,0:03:34,5:45:43,2090,9959,8233,247,214,20743,45,39,7,40,37,7,24,24,4,45,39,7,Finisher,2719
Joseph,Curry,Joseph Curry,353,M50-54,Male,Middlebury,VT,United States,US,0:37:19,2:49:05,2:07:38,0:05:34,0:07:42,5:47:18,2239,10145,7658,334,462,20838,46,40,2,74,66,7,38,38,1,46,40,2,Finisher,3334
Nurlan,Bainiyazov,Nurlan Bainiyazov,445,M35-39,Male,Astana,ASTANA,Kazakhstan,KZ,0:36:55,3:03:37,1:55:45,0:05:08,0:05:54,5:47:20,2215,11017,6945,308,354,20840,47,41,5,68,60,9,79,74,14,47,41,5,Finisher,2756
Edwin,Almario,Edwin Almario,180,M30-34,Male,Biñan,PH-LAG,Philippines,PH,0:32:46,3:02:00,2:06:24,0:04:21,0:03:40,5:49:10,1966,10920,7584,261,220,20950,48,42,7,23,21,4,59,58,7,48,42,7,Finisher,2303
Isaiah Vergel,Del Rosario,Isaiah Vergel Del Rosario,159,M25-29,Male,quezon city,PH-00,Philippines,PH,0:34:34,2:52:04,2:14:54,0:04:02,0:04:28,5:50:02,2074,10324,8094,242,268,21002,49,43,10,37,34,6,36,36,9,49,43,10,Finisher,2193
John Rey,Tumanda,John Rey Tumanda,116,M35-39,Male,"Poblacion, Sultan Naga Dimaporo",PH-LAN,Philippines,PH,0:34:16,2:37:53,2:30:42,0:03:26,0:04:05,5:50:22,2056,9473,9042,206,245,21022,50,44,6,33,30,4,7,7,1,50,44,6,Finisher,2702
Niel Bryan,Lomogdang,Niel Bryan Lomogdang,101,M35-39,Male,Digos City,DAVAO,Philippines,PH,0:41:14,3:04:48,1:55:31,0:04:44,0:05:11,5:51:29,2474,11088,6931,284,311,21089,51,45,7,137,118,19,95,89,17,51,45,7,Finisher,2682
Mark Gil,Puno,Mark Gil Puno,258,M35-39,Male,Hermosa,PH-BAN,Philippines,PH,0:44:43,3:02:26,1:54:24,0:05:53,0:04:04,5:51:29,2683,10946,6864,353,244,21089,52,46,8,196,170,27,103,95,18,52,46,8,Finisher,2682
Stanley,Ng,Stanley Ng,271,M40-44,Male,Old Lucban,,Philippines,PH,0:35:34,2:59:03,2:10:05,0:03:27,0:03:48,5:51:57,2134,10743,7805,207,228,21117,53,47,11,50,44,10,57,56,14,53,47,11,Finisher,2222
Allan,Barredo,Allan Barredo,329,M45-49,Male,"Barangay Santo Domingo, Angeles City",PAMPANGA,Philippines,PH,0:35:53,3:03:11,2:03:26,0:04:34,0:05:18,5:52:21,2153,10991,7406,274,318,21141,54,48,3,54,48,3,72,69,5,54,48,3,Finisher,2957
Anthony,Atacador ,Anthony Atacador,292,M40-44,Male,"Loyala Heights, Quezon City",PH-00,Philippines,PH,0:35:33,3:07:47,2:02:04,0:04:20,0:04:22,5:54:07,2133,11267,7324,260,262,21247,55,49,12,48,42,9,88,82,18,55,49,12,Finisher,2183
Alexander,Isip,Alexander Isip,70,M50-54,Male,Muntinlupa,PH-00,Philippines,PH,0:31:11,3:00:44,2:14:40,0:03:23,0:04:22,5:54:19,1871,10844,8080,203,262,21259,56,50,3,13,11,2,46,45,3,56,50,3,Finisher,3208
Rey,Briones,Rey Briones,219,M35-39,Male,Binangonan,,Philippines,PH,0:37:04,2:57:35,2:10:27,0:03:16,0:06:17,5:54:39,2224,10655,7827,196,377,21279,57,51,9,71,63,10,56,55,10,57,51,9,Finisher,2625
Guy,Dru Drury,Guy Dru Drury,27,M55-59,Male,Corfe Castle,DORSET,United Kingdom,GB,0:38:38,2:55:42,2:08:44,0:06:19,0:05:28,5:54:51,2318,10542,7724,379,328,21291,58,52,1,90,81,1,62,61,1,58,52,1,Finisher,3500
Melvin,Benzon,Melvin Benzon,97,M40-44,Male,Baguio City,PH-BEN,Philippines,PH,0:37:18,2:54:08,2:15:33,0:03:18,0:04:40,5:54:58,2238,10448,8133,198,280,21298,59,53,13,73,65,12,45,44,10,59,53,13,Finisher,2168
Robert Archibald,Patricio,Robert Archibald Patricio,115,M35-39,Male,Kawit,PH-CAV,Philippines,PH,0:36:42,2:58:00,2:12:09,0:04:31,0:03:56,5:55:17,2202,10680,7929,271,236,21317,60,54,10,64,56,8,61,60,11,60,54,10,Finisher,2613
Emmanuel,Mondero,Emmanuel Mondero,60,M55-59,Male,Matandang Balara,PH-00,Philippines,PH,0:39:42,2:58:55,2:08:34,0:04:41,0:03:33,5:55:25,2382,10735,7714,281,213,21325,61,55,2,109,96,2,70,68,2,61,55,2,Finisher,3489
Mohamed,Anwar,Mohamed Anwar,464,M35-39,Male,6th of October,Giza,Egypt,EG,0:37:46,2:57:02,2:09:22,0:06:10,0:05:10,5:55:31,2266,10622,7762,370,310,21331,62,56,11,79,71,13,64,63,12,62,56,11,Finisher,2609
Allan,Racines,Allan Racines,256,M35-39,Male,Taguig,PH-00,Philippines,PH,0:40:09,2:52:22,2:14:45,0:03:25,0:04:58,5:55:39,2409,10342,8085,205,298,21339,63,57,12,119,103,16,49,48,9,63,57,12,Finisher,2607
Ralph Recto,Bautista,Ralph Recto Bautista,61,M40-44,Male,Paranaque,PH-00,Philippines,PH,0:34:47,2:49:06,2:20:28,0:03:30,0:07:55,5:55:46,2087,10146,8428,210,475,21346,64,58,14,39,36,6,27,27,6,64,58,14,Finisher,2153
John Carlo,Vargas,John Carlo Vargas,232,M35-39,Male,Mandaluyong City,00,Philippines,PH,0:37:35,2:50:46,2:19:57,0:03:37,0:03:53,5:55:50,2255,10246,8397,217,233,21350,65,59,13,77,69,12,39,39,6,65,59,13,Finisher,2603
Jigo,Libiran,Jigo Libiran,183,M30-34,Male,Anabu 1d,PH-CAV,Philippines,PH,0:37:19,2:59:49,2:08:48,0:03:46,0:06:22,5:56:04,2239,10789,7728,226,382,21364,66,60,8,75,67,11,63,62,8,66,60,8,Finisher,2178
Michael,Tsaoutos,Michael Tsaoutos,113,M60-64,Male,FILOTHEI,ATTIKI,Greece,GR,0:38:40,2:59:56,2:11:24,0:03:08,0:03:21,5:56:30,2320,10796,7884,188,201,21390,67,61,1,91,82,3,67,65,2,67,61,1,Finisher,3500
Carlos Daniel,Dungao,Carlos Daniel Dungao,168,M25-29,Male,San Fernando,PAMPANGA,Philippines,PH,0:35:34,3:02:11,2:10:32,0:03:36,0:05:58,5:57:50,2134,10931,7832,216,358,21470,68,62,11,49,43,7,65,64,12,68,62,11,Finisher,2053
Kyle,Chiu,Kyle Chiu,223,M35-39,Male,Olongapo,PH-ZMB,Taiwan,TW,0:43:15,2:57:07,2:09:31,0:04:22,0:04:16,5:58:30,2595,10627,7771,262,256,21510,69,63,14,174,150,25,75,72,13,69,63,14,Finisher,2555
Erwin Christian,De Guzman,Erwin Christian De Guzman,237,M35-39,Male,Lambakin,PH-BUL,Philippines,PH,0:33:00,2:58:51,2:17:25,0:03:35,0:05:46,5:58:38,1980,10731,8245,215,346,21518,70,64,15,24,22,3,47,46,8,70,64,15,Finisher,2553
Mitch,Otsuru-Park,Mitch Otsuru-Park,66,F35-39,Female,Angeles,PH-PAM,Philippines,PH,0:38:18,3:10:28,2:02:26,0:03:49,0:04:20,5:59:21,2298,11428,7346,229,260,21561,71,7,1,83,9,1,101,8,2,71,7,1,Finisher,3500
Kazuaki,Yamana,Kazuaki Yamana,63,M55-59,Male,Chuo-ku,JP-13,Japan,JP,0:40:34,3:11:36,1:55:21,0:06:22,0:05:49,5:59:42,2434,11496,6921,382,349,21582,72,65,3,128,111,3,117,108,5,72,65,3,Finisher,3412
Sylvain,Briou,Sylvain Briou,203,M30-34,Male,Vientiane,Vientiane Capital,France,FR,0:35:12,3:02:50,2:11:22,0:05:06,0:05:31,6:00:02,2112,10970,7882,306,331,21602,73,66,9,42,39,7,69,67,10,73,66,9,Finisher,2107
Juan Gabriel,Peña,Juan Gabriel Peña,114,M30-34,Male,Olongapo city,PH-ZMB,Philippines,PH,0:40:05,3:09:27,2:00:40,0:04:59,0:04:58,6:00:09,2405,11367,7240,299,298,21609,74,67,10,117,101,16,107,99,14,74,67,10,Finisher,2105
Rurik Ian,Santos,Rurik Ian Santos,339,M45-49,Male,RIYADH,Riyadh Province,Philippines,PH,0:40:14,2:54:06,2:17:17,0:04:13,0:04:22,6:00:11,2414,10446,8237,253,262,21611,75,68,4,122,106,15,58,57,4,75,68,4,Finisher,2816
Vincent,Pena,Vincent Pena,58,M60-64,Male,Bangkok,KRUNG THEP MAHA NAKHON,Switzerland,CH,0:31:20,3:01:00,2:18:03,0:04:48,0:05:00,6:00:12,1880,10860,8283,288,300,21612,76,69,2,15,13,1,53,52,1,76,69,2,Finisher,3433
Eugene,Terte,Eugene Terte,166,M25-29,Male,Valenzuela ,,Philippines,PH,0:44:03,3:08:54,1:57:40,0:05:18,0:05:42,6:01:37,2643,11334,7060,318,342,21697,77,70,12,186,161,20,116,107,14,77,70,12,Finisher,1985
Tae Hyung,Kim,Tae Hyung Kim,344,M45-49,Male,양산시,KR-48,South Korea,KR,0:39:03,2:51:25,2:19:57,0:05:10,0:06:39,6:02:14,2343,10285,8397,310,399,21734,78,71,5,98,88,12,48,47,3,78,71,5,Finisher,2779
Masahiro,Shukuin,Masahiro Shukuin,384,M60-64,Male,kita-kukyoto-shi,JP-26,Japan,JP,0:36:25,3:13:40,2:03:08,0:04:11,0:04:52,6:02:15,2185,11620,7388,251,292,21735,79,72,3,60,53,2,105,97,5,79,72,3,Finisher,3396
Ed,Cai,Ed Cai,212,M30-34,Male,Quezon City,PH-00,Philippines,PH,0:39:39,3:00:31,2:08:01,0:05:36,0:08:42,6:02:29,2379,10831,7681,336,522,21749,80,73,11,108,95,12,81,76,11,80,73,11,Finisher,2063
Aleksandr,Ozarenkov,Aleksandr Ozarenkov,104,M35-39,Male,Dubai,Dubai,United Arab Emirates,AE,0:34:16,2:55:46,2:24:42,0:03:58,0:05:37,6:04:20,2056,10546,8682,238,337,21860,81,74,16,34,31,5,43,42,7,81,74,16,Finisher,2450
Alexey,Maslov,Alexey Maslov,103,M40-44,Male,Dubai,Dubai,United Arab Emirates,AE,0:34:20,2:55:59,2:26:53,0:03:54,0:03:43,6:04:48,2060,10559,8813,234,223,21888,82,75,15,35,32,5,44,43,9,82,75,15,Finisher,1991
Jose Paulo,Pamintuan,Jose Paulo Pamintuan,263,M40-44,Male,Quezon City,NATIONAL CAPITAL REGION,Philippines,PH,0:39:19,3:00:27,2:15:46,0:05:11,0:05:07,6:05:50,2359,10827,8146,311,307,21950,83,76,16,103,91,17,77,73,16,83,76,16,Finisher,1972
Marvin Raymund,Baldemor,Marvin Raymund Baldemor,322,M45-49,Male,Taguig City,PH-00,Philippines,PH,0:36:21,3:07:26,2:15:48,0:03:04,0:03:11,6:05:51,2181,11246,8148,184,191,21951,84,77,6,59,52,5,85,79,6,84,77,6,Finisher,2714
Edwin,Enriquez,Edwin Enriquez,375,M55-59,Male,CHANDLER,AZ,United States,US,0:42:27,3:03:28,2:10:52,0:03:20,0:06:21,6:06:28,2547,11008,7852,200,381,21988,85,78,4,164,140,5,90,84,3,85,78,4,Finisher,3290
Christian Angelo,Delariarte,Christian Angelo Delariarte,178,M30-34,Male,Quezon City,,Philippines,PH,0:43:40,3:10:22,2:03:29,0:04:49,0:05:43,6:08:03,2620,11422,7409,289,343,22083,86,79,12,179,155,26,118,109,16,86,79,12,Finisher,1963
Karl T,Reformina,Karl T Reformina,317,M45-49,Male,"Brgy. LANGKAAN, Dasmariñas City",CAV,Philippines,PH,0:48:25,3:07:32,1:59:36,0:06:17,0:07:06,6:08:56,2905,11252,7176,377,426,22136,87,80,7,242,205,29,126,117,14,87,80,7,Finisher,2658
Maryfel,Aumentado,Maryfel Aumentado,69,F40-44,Female,Muntinlupa,PH-00,Philippines,PH,0:36:41,3:15:26,2:10:59,0:03:26,0:04:05,6:10:37,2201,11726,7859,206,245,22237,88,8,1,63,8,1,111,9,1,88,8,1,Finisher,3500
Ralph John,Carlos,Ralph John Carlos,215,M30-34,Male,Angeles City,PH-PAM,Philippines,PH,0:41:57,3:03:46,2:17:22,0:05:05,0:03:53,6:12:03,2517,11026,8242,305,233,22323,89,81,13,157,134,18,96,90,13,89,81,13,Finisher,1891
Andrew Antonio,Ong,Andrew Antonio Ong,264,M40-44,Male,Kamuning,,Philippines,PH,0:40:46,3:04:10,2:11:45,0:07:25,0:08:01,6:12:07,2446,11050,7905,445,481,22327,90,82,17,131,114,24,100,93,20,90,82,17,Finisher,1859
Arden,Gonzales,Arden Gonzales,153,M18-24,Male,"Pansol, Quezon City",PH-00,Philippines,PH,0:30:45,3:00:05,2:30:41,0:06:07,0:05:34,6:13:12,1845,10805,9041,367,334,22392,91,83,8,10,8,2,52,51,9,91,83,8,Finisher,2225
Wilson,Hernando,Wilson Hernando,100,M50-54,Male,Barcelona,BARCELONA [BARCELONA],Philippines,PH,0:37:41,3:06:20,2:16:38,0:05:48,0:07:10,6:13:38,2261,11180,8198,348,430,22418,92,84,4,78,70,8,92,86,5,92,84,4,Finisher,2860
Akira,Yamada,Akira Yamada,387,M60-64,Male,"Oooka,Minami-ku,Yokohama-city",JP-14,Japan,JP,0:41:25,3:03:33,2:12:31,0:07:54,0:08:29,6:13:53,2485,11013,7951,474,509,22433,93,85,4,144,124,6,102,94,4,93,85,4,Finisher,3187
Masanori,Negishi,Masanori Negishi,335,M45-49,Male,San lorenzo,00,Japan,JP,0:38:26,3:13:51,2:08:44,0:06:38,0:06:48,6:14:27,2306,11631,7724,398,408,22467,94,86,8,85,76,9,119,110,12,94,86,8,Finisher,2559
Mary Jane,Baluyot,Mary Jane Baluyot,65,F35-39,Female,Taguig City,PH-00,Philippines,PH,0:41:36,3:01:31,2:17:07,0:08:17,0:07:28,6:15:59,2496,10891,8227,497,448,22559,95,9,2,147,21,2,97,7,1,95,9,2,Finisher,3200
Ramon Miguel,Abeleda,Ramon Miguel Abeleda,52,M35-39,Male,Barangay Ususan,NATIONAL CAPITAL REGION,Philippines,PH,0:35:41,3:05:45,2:25:04,0:05:10,0:05:03,6:16:43,2141,11145,8704,310,303,22603,96,87,17,53,47,7,83,78,15,96,87,17,Finisher,2228
Kristofer,Dangculos,Kristofer Dangculos,187,M30-34,Male,Pasig,NATIONAL CAPITAL REGION,Philippines,PH,0:35:15,3:07:44,2:24:03,0:07:08,0:05:33,6:19:43,2115,11264,8643,428,333,22783,97,88,14,43,40,8,93,87,12,97,88,14,Finisher,1753
Wendill,Gaco,Wendill Gaco,72,M45-49,Male,"Poblacion, Sultan Naga Dimaporo",PH-LAN,Philippines,PH,0:38:04,3:07:08,2:26:43,0:03:35,0:04:35,6:20:05,2284,11228,8803,215,275,22805,98,89,9,81,73,7,89,83,8,98,89,9,Finisher,2458
Levy,Ang,Levy Ang,367,M50-54,Male,Makati City,NATIONAL CAPITAL REGION,Philippines,PH,0:36:54,3:03:06,2:29:47,0:04:33,0:06:10,6:20:30,2214,10986,8987,273,370,22830,99,90,5,67,59,5,74,71,4,99,90,5,Finisher,2736
Clarisa Anne,Agapito,Clarisa Anne Agapito,401,F30-34,Female,Pampanga,PH-PAM,Philippines,PH,0:57:45,3:07:58,2:04:39,0:03:23,0:06:47,6:20:32,3465,11278,7479,203,407,22832,100,10,2,294,45,13,142,15,4,100,10,2,Finisher,2719
Arvin Joy,Serrano,Arvin Joy Serrano,432,M18-24,Male,San Fernando,PH-PAM,Philippines,PH,0:33:12,2:52:53,2:43:51,0:03:59,0:06:39,6:20:35,1992,10373,9831,239,399,22835,101,91,9,27,25,5,35,35,7,101,91,9,Finisher,2092
Renier,Samson,Renier Samson,333,M45-49,Male,Marikina City,NATIONAL CAPITAL REGION,Philippines,PH,0:52:09,3:11:49,2:05:10,0:06:18,0:05:54,6:21:20,3129,11509,7510,378,354,22880,102,92,10,275,235,37,147,132,18,102,92,10,Finisher,2435
Guz,Dela Rosa,Guz Dela Rosa,270,M40-44,Male,Citrus Heights,CA,United States,US,0:39:23,3:00:47,2:30:35,0:05:34,0:05:50,6:22:10,2363,10847,9035,334,350,22930,103,93,18,105,93,19,80,75,17,103,93,18,Finisher,1678
Charlo,Tengco,Charlo Tengco,204,M30-34,Male,San Lorenzo,PH-00,Philippines,PH,0:43:07,3:24:27,2:04:20,0:04:41,0:07:00,6:23:34,2587,12267,7460,281,420,23014,104,94,15,171,147,22,154,137,21,104,94,15,Finisher,1683
Von Rhyan,Sarmiento,Von Rhyan Sarmiento,469,M45-49,Male,"San Juan, San Ildefonso",Bulacan,Philippines,PH,0:50:17,2:50:10,2:29:03,0:06:40,0:07:43,6:23:52,3017,10210,8943,400,463,23032,105,95,11,265,225,33,86,80,7,105,95,11,Finisher,2390
Joanna Marie,Cruz,Joanna Marie Cruz,466,F40-44,Female,Davao city,PH-DAS,Philippines,PH,0:47:57,3:19:23,2:06:17,0:04:34,0:05:45,6:23:56,2877,11963,7577,274,345,23036,106,11,2,236,36,9,153,17,4,106,11,2,Finisher,3260
Francisco,Baltazar,Francisco Baltazar,438,M25-29,Male,Quezon City,00,Philippines,PH,0:40:07,2:55:24,2:40:40,0:03:36,0:04:09,6:23:57,2407,10524,9640,216,249,23037,107,96,13,118,102,13,60,59,11,107,96,13,Finisher,1583
Jesse,Merino,Jesse Merino,238,M35-39,Male, Balanga City,PH-BAN,Philippines,PH,0:38:30,3:04:19,2:30:13,0:04:32,0:07:03,6:24:37,2310,11059,9013,272,423,23077,108,97,18,87,78,14,87,81,16,108,97,18,Finisher,2085
Alex,Badajos,Alex Badajos,284,M40-44,Male,mandaluyong city,,Philippines,PH,0:35:00,3:04:42,2:35:08,0:04:13,0:05:59,6:25:03,2100,11082,9308,253,359,23103,109,98,19,41,38,7,73,70,15,109,98,19,Finisher,1626
Geo,Alvarez,Geo Alvarez,468,M30-34,Male,PASAY CITY,PH-00,Philippines,PH,0:41:52,3:14:43,2:15:28,0:04:34,0:08:58,6:25:34,2512,11683,8128,274,538,23134,110,99,16,156,133,17,124,115,18,110,99,16,Finisher,1647
Jose Mari Raphael,Naguit,Jose Mari Raphael Naguit,160,M25-29,Male,City of San Fernando,,Philippines,PH,0:36:37,3:04:50,2:34:52,0:04:20,0:05:28,6:26:07,2197,11090,9292,260,328,23167,111,100,14,62,55,10,82,77,13,111,100,14,Finisher,1544
Ian,Rogers,Ian Rogers,383,M60-64,Male,Manila,PH-QUE,United Kingdom,GB,0:38:54,3:05:36,2:30:31,0:05:55,0:05:15,6:26:11,2334,11136,9031,355,315,23171,112,101,5,97,87,5,94,88,3,112,101,5,Finisher,2965
Karlo,Legasto,Karlo Legasto,307,M40-44,Male,Barangay Mariana,PH-00,Philippines,PH,0:40:31,3:06:58,2:32:07,0:04:04,0:04:07,6:27:47,2431,11218,9127,244,247,23267,113,102,20,127,110,23,98,91,19,113,102,20,Finisher,1577
Alexandra Faith,Garcia,Alexandra Faith Garcia,110,F30-34,Female,New Banicain Olongapo City,ZMB,Philippines,PH,0:40:04,3:19:02,2:20:24,0:04:30,0:04:04,6:28:04,2404,11942,8424,270,244,23284,114,12,3,116,16,4,128,10,2,114,12,3,Finisher,2583
Jeremy,Go,Jeremy Go,285,M40-44,Male,MANDALUYONG CITY,00,Philippines,PH,0:41:05,3:21:22,2:16:18,0:03:40,0:05:58,6:28:23,2465,12082,8178,220,358,23303,115,103,21,134,116,25,133,121,26,115,103,21,Finisher,1566
Lourdes Angela,Ramos,Lourdes Angela Ramos,112,F40-44,Female,camp 7,PH-BEN,Philippines,PH,0:41:41,3:19:10,2:18:39,0:03:23,0:05:42,6:28:35,2501,11950,8319,203,342,23315,116,13,3,149,22,5,129,11,2,116,13,3,Finisher,3176
Joy,Tiu,Joy Tiu,433,F18-24,Female,Mandaluyong,PH-00,Philippines,PH,0:39:08,3:26:41,2:13:18,0:04:40,0:05:19,6:29:06,2348,12401,7998,280,319,23346,117,14,2,100,12,2,148,16,2,117,14,2,Finisher,2481
Denis,Rapal,Denis Rapal,456,M45-49,Male,Santa Ana,CAG,Philippines,PH,0:44:29,3:16:42,2:21:07,0:03:24,0:04:51,6:30:33,2669,11802,8467,204,291,23433,118,104,12,192,166,22,130,119,15,118,104,12,Finisher,2269
Mykhailo,Shevchuk,Mykhailo Shevchuk,473,M30-34,Male,Wrocław,Lower Silesia,Ukraine,UA,0:32:33,3:30:03,2:15:09,0:05:27,0:08:48,6:32:00,1953,12603,8109,327,528,23520,119,105,17,21,19,3,140,126,19,119,105,17,Finisher,1532
Gabrielle,Silvestre-Tengco,Gabrielle Silvestre-Tengco,397,F30-34,Female,Brgy San Lorenzo,PH-00,Philippines,PH,0:39:32,3:31:39,2:09:17,0:04:25,0:07:24,6:32:16,2372,12699,7757,265,444,23536,120,15,4,106,13,3,172,21,7,120,15,4,Finisher,2507
Jaakko Kim,Ramos,Jaakko Kim Ramos,281,M40-44,Male,Silang,PH-CAV,Philippines,PH,0:40:13,3:14:56,2:26:41,0:05:14,0:05:22,6:32:25,2413,11696,8801,314,322,23545,121,106,22,121,105,21,121,112,23,121,106,22,Finisher,1493
Unknown,Athlete,Unknown Athlete,477,M55-59,Male,,,Unknown,,0:41:22,3:04:28,2:37:46,0:03:39,0:06:05,6:33:21,2482,11068,9466,219,365,23601,122,107,5,142,122,4,91,85,4,122,107,5,Finisher,2807
Isaias,Bongar,Isaias Bongar,95,M50-54,Male,Pilar,,Philippines,PH,0:41:34,3:10:05,2:31:09,0:03:48,0:06:46,6:33:22,2494,11405,9069,228,406,23602,123,108,6,146,126,12,110,102,6,123,108,6,Finisher,2505
Reggie,De Guzman,Reggie De Guzman,301,M40-44,Male,Parañaque,PH-00,Philippines,PH,0:41:25,3:17:01,2:26:58,0:04:16,0:05:12,6:34:53,2485,11821,8818,256,312,23693,124,109,23,143,123,27,127,118,25,124,109,23,Finisher,1449
Bianca Clarisse,Tan,Bianca Clarisse Tan,391,F25-29,Female,Barangay Immaculate Conception,PH-00,Philippines,PH,0:35:29,3:27:19,2:23:47,0:03:48,0:04:34,6:34:56,2129,12439,8627,228,274,23696,125,16,4,46,5,3,135,13,4,125,16,4,Finisher,2265
Sherwin,Limbauan,Sherwin Limbauan,311,M45-49,Male,Quezon City,NATIONAL CAPITAL REGION,Philippines,PH,0:41:21,3:19:45,2:21:58,0:05:06,0:07:05,6:35:15,2481,11985,8518,306,425,23715,126,110,13,140,121,16,134,122,16,126,110,13,Finisher,2185
Ana Isabel,Locsin,Ana Isabel Locsin,446,F40-44,Female,talisay,PH-NEC,Philippines,PH,0:39:46,3:22:48,2:23:19,0:05:14,0:04:26,6:35:34,2386,12168,8599,314,266,23734,127,17,4,110,14,3,139,14,3,127,17,4,Finisher,3050
Nickator,Balanay,Nickator Balanay,444,M35-39,Male,Mayamot,PH-RIZ,Philippines,PH,0:50:19,3:09:51,2:26:35,0:04:33,0:04:54,6:36:12,3019,11391,8795,273,294,23772,128,111,19,266,226,35,131,120,20,128,111,19,Finisher,1877
Markov,Alcantara,Markov Alcantara,172,M25-29,Male,Pasig City,,Philippines,PH,0:41:11,3:23:43,2:17:13,0:06:31,0:07:40,6:36:18,2471,12223,8233,391,460,23778,129,112,15,135,117,16,151,135,18,129,112,15,Finisher,1361
Bo,Chen,Bo Chen,452,M40-44,Male,taichung,TW-TXG,China,CN,0:40:25,3:07:56,2:36:09,0:07:00,0:04:52,6:36:22,2425,11276,9369,420,292,23782,130,113,24,125,108,22,109,101,22,130,113,24,Finisher,1422
Jose Francisco ,Sibayan,Jose Francisco Sibayan,185,M30-34,Male,28 road 3 project 6,PH-00,Philippines,PH,0:43:25,3:19:45,2:16:55,0:06:17,0:10:39,6:37:01,2605,11985,8215,377,639,23821,131,114,18,176,152,24,145,130,20,131,114,18,Finisher,1441
Rogel,Anajao,Rogel Anajao,213,M30-34,Male,Botolan,Central Luzon,Philippines,PH,0:46:08,3:08:42,2:30:09,0:05:28,0:07:15,6:37:42,2768,11322,9009,328,435,23862,132,115,19,212,181,32,120,111,17,132,115,19,Finisher,1429
Celma,Hitalia,Celma Hitalia,25,F60-64,Female,Muntinlupa City,PH-00,Philippines,PH,0:45:40,3:28:22,2:11:48,0:05:09,0:07:01,6:38:00,2740,12502,7908,309,421,23880,133,18,1,204,28,1,181,22,1,133,18,1,Finisher,3500
Divino,Asilo,Divino Asilo,99,M45-49,Male,Mandaluyong,PH-00,Philippines,PH,0:39:37,3:31:13,2:17:00,0:05:05,0:05:39,6:38:34,2377,12673,8220,305,339,23914,134,116,14,107,94,14,173,152,22,134,116,14,Finisher,2125
Marc,Manalastas,Marc Manalastas,273,M40-44,Male,Marcelo Green Village,PH-00,Philippines,PH,0:44:32,3:26:27,2:14:54,0:05:24,0:07:19,6:38:36,2672,12387,8094,324,439,23916,135,117,25,193,167,35,174,153,30,135,117,25,Finisher,1382
Charles,Quintanilla,Charles Quintanilla,92,M45-49,Male,Abercrombie,NS,Canada,CA,0:44:44,3:03:25,2:42:40,0:04:10,0:04:43,6:39:42,2684,11005,9760,250,283,23982,136,118,15,197,171,23,99,92,9,136,118,15,Finisher,2105
Ma. Lourdes,Cabero,Ma. Lourdes Cabero,470,F40-44,Female,Acacia Estates,PH-00,Philippines,PH,0:45:42,3:24:14,2:21:09,0:04:10,0:05:28,6:40:43,2742,12254,8469,250,328,24043,137,19,5,205,29,6,168,19,5,137,19,5,Finisher,2958
Mark Carlo,Mempin,Mark Carlo Mempin,224,M35-39,Male,BALIUAG,,Philippines,PH,0:40:39,3:11:59,2:39:52,0:03:19,0:05:21,6:41:09,2439,11519,9592,199,321,24069,138,119,20,130,113,18,113,104,19,138,119,20,Finisher,1788
Yasuo,Suzuki,Yasuo Suzuki,366,M50-54,Male,"Chuo, Tokyo",JP-13,Japan,JP,0:31:21,3:18:25,2:41:16,0:06:36,0:05:25,6:43:04,1881,11905,9676,396,325,24184,139,120,7,16,14,3,114,105,7,139,120,7,Finisher,2330
Claudine,Mendiola,Claudine Mendiola,395,F30-34,Female,Barangay San Isidro,PH-00,Philippines,PH,0:40:55,3:27:48,2:26:08,0:04:15,0:04:26,6:43:31,2455,12468,8768,255,266,24211,140,20,5,132,18,6,160,18,5,140,20,5,Finisher,2305
Andrew,Dagnall,Andrew Dagnall,294,M40-44,Male,Singapore,,United Kingdom,GB,0:43:54,3:33:57,2:13:13,0:04:41,0:08:03,6:43:47,2634,12837,7993,281,483,24227,141,121,26,183,158,33,194,169,36,141,121,26,Finisher,1289
Fatima,Casimiro-Pineda,Fatima Casimiro-Pineda,472,F30-34,Female,Pasig City,NATIONAL CAPITAL REGION,Philippines,PH,0:40:15,3:31:29,2:23:27,0:03:35,0:05:13,6:43:59,2415,12689,8607,215,313,24239,142,21,6,123,17,5,171,20,6,142,21,6,Finisher,2297
Zendalyn Irish,Cabales - Borbolla,Zendalyn Irish Cabales - Borbolla,400,F30-34,Female,Mandaluyong,Metro Manila,Philippines,PH,0:46:51,3:29:58,2:17:01,0:05:02,0:06:13,6:45:06,2811,12598,8221,302,373,24306,143,22,7,223,33,11,191,24,8,143,22,7,Finisher,2276
Allan,Brizuela,Allan Brizuela,465,M50-54,Male,Las Pinas,PH-00,Philippines,PH,0:43:56,3:19:16,2:31:58,0:04:18,0:07:08,6:46:36,2636,11956,9118,258,428,24396,144,122,8,184,159,14,137,124,9,144,122,8,Finisher,2267
Matthieu,Chevalier,Matthieu Chevalier,268,M40-44,Male,Makati City,PH-00,France,FR,0:40:13,3:09:43,2:48:41,0:03:58,0:04:04,6:46:39,2413,11383,10121,238,244,24399,145,123,27,120,104,20,104,96,21,145,123,27,Finisher,1237
Ralph Vincent,Cayabyab,Ralph Vincent Cayabyab,158,M25-29,Male,Pilar,BAN,Philippines,PH,0:46:49,3:16:49,2:29:34,0:05:43,0:08:46,6:47:40,2809,11809,8974,343,526,24460,146,124,16,222,190,22,144,129,16,146,124,16,Finisher,1156
Anthony,Yeap Jin Ghee,Anthony Yeap Jin Ghee,102,M45-49,Male,Georgetown,MY-07,Malaysia,MY,0:34:29,3:15:27,2:47:35,0:04:22,0:05:48,6:47:41,2069,11727,10055,262,348,24461,147,125,16,36,33,2,106,98,10,147,125,16,Finisher,1961
Jeyps,Cabero,Jeyps Cabero,107,M45-49,Male,Acacia Estates,PH-00,Philippines,PH,0:38:49,3:16:10,2:37:52,0:06:03,0:08:59,6:47:52,2329,11770,9472,363,539,24472,148,126,17,93,84,11,123,114,13,148,126,17,Finisher,1958
Rowell Braim,Bada,Rowell Braim Bada,170,M25-29,Male,Olongapo city,PH-ZMB,Philippines,PH,0:40:58,3:15:42,2:41:03,0:05:26,0:04:55,6:48:04,2458,11742,9663,326,295,24484,149,127,17,133,115,15,125,116,15,149,127,17,Finisher,1149
Von Jovi,Labanon,Von Jovi Labanon,439,M30-34,Male,Davao City,PH-DAS,Philippines,PH,0:43:19,3:34:09,2:19:37,0:05:49,0:05:17,6:48:11,2599,12849,8377,349,317,24491,150,128,20,175,151,23,196,171,29,150,128,20,Finisher,1240
Mike Gerald,David,Mike Gerald David,242,M35-39,Male,Angeles City,PH-PAM,Philippines,PH,0:41:46,3:33:42,2:19:35,0:05:12,0:08:42,6:48:56,2506,12822,8375,312,522,24536,151,129,21,152,130,21,187,164,26,151,129,21,Finisher,1648
Luis Antonio,Carballo,Luis Antonio Carballo,94,M45-49,Male,Pasig City,00,Philippines,PH,0:38:36,3:10:01,2:46:15,0:06:22,0:09:58,6:51:11,2316,11401,9975,382,598,24671,152,130,18,88,79,10,108,100,11,152,130,18,Finisher,1898
Bryill,Britanico,Bryill Britanico,222,M35-39,Male,Pasig City,00,Philippines,PH,0:42:21,3:19:32,2:36:05,0:05:49,0:07:59,6:51:47,2541,11972,9365,349,479,24707,153,131,22,162,138,22,138,125,21,153,131,22,Finisher,1596
Wayne Arcie,Ochava,Wayne Arcie Ochava,182,M30-34,Male,P.F. Espiritu VII,PH-CAV,Philippines,PH,0:43:44,2:55:25,3:03:36,0:03:52,0:05:16,6:51:52,2624,10525,11016,232,316,24712,154,132,21,181,157,27,68,66,9,154,132,21,Finisher,1174
Junji,Vergara,Junji Vergara,195,M30-34,Male,Quezon City,PH-00,Philippines,PH,0:48:55,3:18:45,2:34:49,0:05:21,0:05:13,6:53:03,2935,11925,9289,321,313,24783,155,133,22,249,212,38,162,144,24,155,133,22,Finisher,1153
Alexander,Villavicencio,Alexander Villavicencio,331,M45-49,Male,,ZMB,Philippines,PH,0:52:12,3:13:00,2:33:47,0:06:37,0:07:29,6:53:03,3132,11580,9227,397,449,24783,156,134,19,276,236,38,152,136,20,156,134,19,Finisher,1864
Aaron,Rosales,Aaron Rosales,239,M35-39,Male,San Roque,PH-00,Philippines,PH,0:41:19,3:25:03,2:34:51,0:06:17,0:06:05,6:53:36,2479,12303,9291,377,365,24816,157,135,23,139,120,20,158,141,23,157,135,23,Finisher,1564
Ariel,Manicdao,Ariel Manicdao,362,M50-54,Male,Riyadh,Riyadh Province,Philippines,PH,0:41:27,3:29:35,2:29:34,0:05:28,0:08:47,6:54:53,2487,12575,8974,328,527,24893,158,136,9,145,125,11,175,154,11,158,136,9,Finisher,2117
Ramon,Obejas,Ramon Obejas,221,M35-39,Male,Commonwealth,PH-00,Philippines,PH,0:43:05,3:40:48,2:21:34,0:05:23,0:04:39,6:55:29,2585,13248,8494,323,279,24929,159,137,24,170,146,23,213,185,30,159,137,24,Finisher,1530
RC Angel,Bautista,RC Angel Bautista,436,M25-29,Male,Bocaue,PH-BUL,Philippines,PH,1:03:45,3:21:36,2:17:35,0:06:36,0:06:24,6:55:57,3825,12096,8255,396,384,24957,160,138,18,301,253,26,227,197,24,160,138,18,Finisher,1007
Bob,Balmores,Bob Balmores,243,M35-39,Male,Bacoor,PH-CAV,Philippines,PH,0:48:48,3:18:28,2:38:17,0:06:07,0:05:44,6:57:24,2928,11908,9497,367,344,25044,161,139,25,248,211,33,164,146,24,161,139,25,Finisher,1495
Jose Martin,Laurel,Jose Martin Laurel,312,M45-49,Male,Muntinlupa City,PH-00,Philippines,PH,0:36:05,3:48:26,2:20:27,0:05:49,0:06:59,6:57:47,2165,13706,8427,349,419,25067,162,140,20,56,50,4,218,189,26,162,140,20,Finisher,1779
Benjamin,Villagracia,Benjamin Villagracia,386,M60-64,Male,Subic Bay Freeport Zone,ZAMBALES,Philippines,PH,0:47:13,3:29:45,2:25:28,0:08:07,0:07:40,6:58:13,2833,12585,8728,487,460,25093,163,141,6,229,196,7,202,176,6,163,141,6,Finisher,2389
Gaea,Maranon,Gaea Maranon,392,F25-29,Female,Belair,PH-00,Philippines,PH,0:35:18,3:40:12,2:28:49,0:04:59,0:09:19,6:58:37,2118,13212,8929,299,559,25117,164,23,5,45,4,2,185,23,5,164,23,5,Finisher,1839
Jacqueline,Oliveros,Jacqueline Oliveros,449,F40-44,Female,Kuala Lumpur,MY-14,Philippines,PH,0:46:05,3:33:05,2:26:04,0:09:03,0:05:27,6:59:44,2765,12785,8764,543,327,25184,165,24,6,210,31,8,211,28,8,165,24,6,Finisher,2615
Michael,Tapuro,Michael Tapuro,296,M40-44,Male,Brgy. Valencia,,Philippines,PH,0:42:30,3:19:24,2:44:11,0:06:21,0:07:25,6:59:51,2550,11964,9851,381,445,25191,166,142,28,165,141,31,141,127,27,166,142,28,Finisher,1000
Hazel,Sicat,Hazel Sicat,399,F30-34,Female,Quezon City,PH-00,Philippines,PH,0:41:14,3:47:15,2:17:49,0:06:51,0:06:45,6:59:53,2474,13635,8269,411,405,25193,167,25,8,136,19,7,239,33,11,167,25,8,Finisher,2010
Anthony Oscar,Llaguno,Anthony Oscar Llaguno,202,M30-34,Male,Legazpi ,PH-ALB,Philippines,PH,0:36:21,3:15:32,2:58:08,0:03:57,0:06:22,7:00:21,2181,11732,10688,237,382,25221,168,143,23,58,51,9,112,103,15,168,143,23,Finisher,1021
Jasper,Sales,Jasper Sales,338,M45-49,Male,General Trias,,Philippines,PH,0:45:57,3:25:34,2:34:18,0:06:14,0:08:55,7:00:58,2757,12334,9258,374,535,25258,169,144,21,206,177,25,177,156,23,169,144,21,Finisher,1722
Paolo Louis,Galapon,Paolo Louis Galapon,167,M25-29,Male,Talon Dos Las Piñas City,,Philippines,PH,0:41:40,3:26:09,2:42:52,0:05:15,0:05:37,7:01:33,2500,12369,9772,315,337,25293,170,145,19,148,127,17,163,145,19,170,145,19,Finisher,906
Ricarte,Dayata,Ricarte Dayata,59,M50-54,Male, Quezon City,PH-00,Philippines,PH,0:40:01,3:09:57,3:00:04,0:07:03,0:05:26,7:02:31,2401,11397,10804,423,326,25351,171,146,10,115,100,9,115,106,8,171,146,10,Finisher,1980
Joshua Elijah,Ong,Joshua Elijah Ong,269,M40-44,Male,Baliwag City,PH-BUL,Philippines,PH,0:46:00,3:21:05,2:44:22,0:05:23,0:06:57,7:03:46,2760,12065,9862,323,417,25426,172,147,29,207,178,37,156,139,29,172,147,29,Finisher,929
REGINA,ROSQUITES,REGINA ROSQUITES,440,F30-34,Female,"San Jos, Pili",PH-CAS,Philippines,PH,0:35:30,3:25:41,2:53:55,0:04:28,0:04:29,7:04:03,2130,12341,10435,268,269,25443,173,26,9,47,6,2,132,12,3,173,26,9,Finisher,1935
Marc David,Intia,Marc David Intia,194,M30-34,Male,Valenzeula,00,Philippines,PH,0:43:32,3:22:46,2:46:38,0:06:24,0:05:23,7:04:43,2612,12166,9998,384,323,25483,174,148,24,178,154,25,159,142,22,174,148,24,Finisher,943
Mon,Dimalanta,Mon Dimalanta,282,M40-44,Male,Santa Barbara,PH-PAN,Philippines,PH,0:41:16,3:32:23,2:39:23,0:05:05,0:06:47,7:04:54,2476,12743,9563,305,407,25494,175,149,30,138,119,26,180,159,33,175,149,30,Finisher,909
Martin Roland,Cahiles,Martin Roland Cahiles,192,M30-34,Male,CALOOCAN CITY,,Philippines,PH,0:39:53,3:35:29,2:33:20,0:08:42,0:07:39,7:05:04,2393,12929,9200,522,459,25504,176,150,25,112,98,14,200,175,31,176,150,25,Finisher,936
Bernard,Mercado,Bernard Mercado,306,M40-44,Male,Addition Hills,PH-00,Philippines,PH,0:51:45,3:25:15,2:36:05,0:06:33,0:07:10,7:06:48,3105,12315,9365,393,430,25608,177,151,31,274,234,49,197,172,38,177,151,31,Finisher,875
Thadeus,Festin,Thadeus Festin,352,M50-54,Male,Doha,,Philippines,PH,0:36:57,3:27:48,2:51:36,0:04:52,0:06:07,7:07:20,2217,12468,10296,292,367,25640,178,152,11,69,61,6,146,131,10,178,152,11,Finisher,1893
Vanessa Redgrave,Agdon,Vanessa Redgrave Agdon,108,F40-44,Female,Bgy don bosco,,Philippines,PH,0:39:54,3:38:24,2:42:07,0:03:47,0:04:59,7:09:11,2394,13104,9727,227,299,25751,179,27,7,113,15,4,192,25,6,179,27,7,Finisher,2445
Elinor,Malicdem,Elinor Malicdem,409,F35-39,Female,Bagong Ilog,PH-00,Philippines,PH,0:48:11,3:38:00,2:29:01,0:07:49,0:06:45,7:09:46,2891,13080,8941,469,405,25786,180,28,3,239,37,6,235,32,4,180,28,3,Finisher,2232
Esmond Adriel,Ramos,Esmond Adriel Ramos,177,M30-34,Male,Bocaue,Central Luzon,Philippines,PH,0:44:24,3:33:52,2:40:54,0:05:43,0:05:36,7:10:29,2664,12832,9654,343,336,25829,181,153,26,191,165,28,199,174,30,181,153,26,Finisher,839
Jay-Ar,Gelacio,Jay-Ar Gelacio,318,M45-49,Male,Makati City,PH-00,Philippines,PH,0:50:02,3:18:53,2:46:48,0:04:36,0:10:11,7:10:31,3002,11933,10008,276,611,25831,182,154,22,260,220,31,166,148,21,182,154,22,Finisher,1550
Marcel Jon,Mendoza,Marcel Jon Mendoza,303,M40-44,Male,PantaL,PH-PAN,Philippines,PH,0:46:47,3:26:49,2:46:27,0:05:41,0:05:21,7:11:05,2807,12409,9987,341,321,25865,183,155,32,220,189,41,182,160,34,183,155,32,Finisher,797
Raul,Manlangit,Raul Manlangit,459,M55-59,Male,Quezon City,PH-00,Philippines,PH,0:53:34,3:26:32,2:39:09,0:05:35,0:06:33,7:11:23,3214,12392,9549,335,393,25883,184,156,6,281,241,12,204,178,8,184,156,6,Finisher,2122
Ryan,Tipon,Ryan Tipon,316,M45-49,Male,antipolo,RIZ,Philippines,PH,0:47:08,3:26:24,2:43:57,0:05:46,0:08:22,7:11:37,2828,12384,9837,346,502,25897,185,157,23,227,194,26,183,161,24,185,157,23,Finisher,1530
Ron Joseph,Dumigpi,Ron Joseph Dumigpi,246,M35-39,Male,Valenzuela,,Philippines,PH,0:53:32,3:26:13,2:38:40,0:06:35,0:06:43,7:11:42,3212,12373,9520,395,403,25902,186,158,26,280,240,37,206,180,29,186,158,26,Finisher,1238
Mark Gabriel,Sina-On,Mark Gabriel Sina-On,216,M30-34,Male,Malanday Marikina City,PH-00,Philippines,PH,0:48:58,3:37:11,2:34:06,0:06:07,0:05:30,7:11:52,2938,13031,9246,367,330,25912,187,159,27,251,214,39,229,199,34,187,159,27,Finisher,814
Earl Walter Maxcy,De Jesus,Earl Walter Maxcy De Jesus,458,M50-54,Male,Marikina,00,Philippines,PH,0:46:14,3:30:13,2:42:21,0:06:00,0:07:58,7:12:47,2774,12613,9741,360,478,25967,188,160,12,213,182,15,193,168,12,188,160,12,Finisher,1795
Laurent,Cajulao Jr.,Laurent Cajulao Jr.,286,M40-44,Male,Antipolo City,,Philippines,PH,0:41:44,3:39:37,2:39:55,0:05:20,0:06:41,7:13:17,2504,13177,9595,320,401,25997,189,161,33,151,129,28,208,182,40,189,161,33,Finisher,758
Hun,Lee,Hun Lee,278,M40-44,Male,Seoul,KR-41,South Korea,KR,0:42:26,3:35:11,2:42:47,0:05:26,0:07:34,7:13:25,2546,12911,9767,326,454,26005,190,162,34,163,139,30,195,170,37,190,162,34,Finisher,755
Francis David,Labador,Francis David Labador,454,M40-44,Male,taguig,,Philippines,PH,0:43:26,3:35:46,2:44:03,0:04:39,0:06:04,7:13:58,2606,12946,9843,279,364,26038,191,163,35,177,153,32,198,173,39,191,163,35,Finisher,746
Niño Andrelix,Navarro,Niño Andrelix Navarro,275,M40-44,Male,Quezon City,PH-00,Philippines,PH,0:49:36,3:23:31,2:49:17,0:06:54,0:05:59,7:15:17,2976,12211,10157,414,359,26117,192,164,36,255,217,46,184,162,35,192,164,36,Finisher,722
Rolando Jr.,Sotto,Rolando Jr. Sotto,181,M30-34,Male,"Brgy Tambo, Lipa",PH-BTG,Philippines,PH,0:46:44,3:22:24,2:54:30,0:05:06,0:06:33,7:15:18,2804,12144,10470,306,393,26118,193,165,28,219,188,34,169,150,25,193,165,28,Finisher,752
Benson,Binongcal,Benson Binongcal,207,M30-34,Male,Commonwealth,,Philippines,PH,0:42:35,3:44:22,2:38:00,0:05:01,0:06:31,7:16:29,2555,13462,9480,301,391,26189,194,166,29,168,144,21,228,198,33,194,166,29,Finisher,731
Praowpan,Tansitpong,Praowpan Tansitpong,71,F40-44,Female,Bangkok,,Thailand,TH,0:38:50,3:42:06,2:40:05,0:05:52,0:09:50,7:16:43,2330,13326,9605,352,590,26203,195,29,8,96,10,2,209,27,7,195,29,8,Finisher,2310
Jana Charisse,Pedro,Jana Charisse Pedro,474,F30-34,Female,Taguig,PH-00,Philippines,PH,0:41:51,3:38:35,2:45:29,0:04:14,0:07:19,7:17:29,2511,13115,9929,254,439,26249,196,30,10,155,23,8,201,26,9,196,30,10,Finisher,1694
Bianca,Bondoc,Bianca Bondoc,402,F30-34,Female,Quezon City,National Capital Region,Philippines,PH,0:46:48,3:47:24,2:32:04,0:05:25,0:05:49,7:17:30,2808,13644,9124,325,349,26250,197,31,11,221,32,10,250,34,12,197,31,11,Finisher,1693
Paul Getty,Granada,Paul Getty Granada,248,M35-39,Male,"Canlubang, Calamba",PH-LAG,Philippines,PH,0:50:00,3:30:08,2:44:33,0:05:51,0:07:03,7:17:35,3000,12608,9873,351,423,26255,198,167,27,259,219,34,205,179,28,198,167,27,Finisher,1132
Jose Isidro,Beraquit,Jose Isidro Beraquit,164,M25-29,Male,Marikina,PH-00,Philippines,PH,0:36:47,3:31:25,2:57:41,0:05:27,0:07:27,7:18:47,2207,12685,10661,327,447,26327,199,168,20,66,58,11,167,149,20,199,168,20,Finisher,700
Diarmuid,O'shea,Diarmuid O'shea,302,M40-44,Male,Muntinlupa,PH-00,Philippines,PH,0:47:39,3:41:08,2:29:39,0:10:20,0:10:22,7:19:08,2859,13268,8979,620,622,26348,200,169,37,235,200,43,248,215,45,200,169,37,Finisher,700
Irecson,Casteel,Irecson Casteel,96,M45-49,Male,Bansalan,PH-DAS,Philippines,PH,0:43:58,3:18:40,2:59:26,0:04:09,0:13:35,7:19:47,2638,11920,10766,249,815,26387,201,170,24,185,160,20,136,123,17,201,170,24,Finisher,1383
John Paul,Osio,John Paul Osio,154,M18-24,Male,SAN MATEO,PH-RIZ,Philippines,PH,0:45:31,3:37:54,2:42:00,0:06:26,0:08:31,7:20:22,2731,13074,9720,386,511,26422,202,171,10,203,176,10,217,188,10,202,171,10,Finisher,1016
Edwin,Ang,Edwin Ang,245,M35-39,Male,Lungsod Quezon,National Capital Region,Philippines,PH,0:53:50,3:49:01,2:24:23,0:07:29,0:06:32,7:21:15,3230,13741,8663,449,392,26475,203,172,28,282,242,38,270,231,38,203,172,28,Finisher,1066
Hayato,Niihara,Hayato Niihara,255,M35-39,Male,Paranaque City,,Philippines,PH,0:55:00,3:17:49,2:55:31,0:04:57,0:08:57,7:22:15,3300,11869,10531,297,537,26535,204,173,29,286,245,39,178,157,25,204,173,29,Finisher,1048
Gabriel Francisco,Mendoza,Gabriel Francisco Mendoza,197,M30-34,Male,"Industrial Valley Complex, Marik",PH-00,Philippines,PH,0:39:48,3:32:46,2:54:34,0:08:12,0:07:19,7:22:39,2388,12766,10474,492,439,26559,205,174,30,111,97,13,188,165,28,205,174,30,Finisher,700
Rino,Hernandez,Rino Hernandez,198,M30-34,Male,Brgy. Tagapo,LAGUNA,Philippines,PH,0:45:21,3:24:05,3:03:35,0:03:36,0:06:06,7:22:42,2721,12245,11015,216,366,26562,206,175,31,200,173,31,161,143,23,206,175,31,Finisher,700
Logan,Mallari,Logan Mallari,297,M40-44,Male,Merville paranaque,,Philippines,PH,0:53:15,3:32:31,2:47:39,0:05:48,0:04:23,7:23:36,3195,12751,10059,348,263,26616,207,176,38,278,238,50,225,196,42,207,176,38,Finisher,700
Jan Angelo,Mancera,Jan Angelo Mancera,162,M25-29,Male,Lipa City,PH-BTG,Philippines,PH,0:48:33,3:41:58,2:43:24,0:05:21,0:05:59,7:25:15,2913,13318,9804,321,359,26715,208,177,21,244,207,24,241,208,26,208,177,21,Finisher,700
Paul,Diez,Paul Diez,267,M40-44,Male,dinalupihan,PH-BAN,Philippines,PH,0:46:29,3:24:09,2:59:59,0:07:43,0:07:19,7:25:40,2789,12249,10799,463,439,26740,209,178,39,214,183,39,179,158,32,209,178,39,Finisher,700
Darren,Albay,Darren Albay,288,M40-44,Male,Marikina,,Philippines,PH,0:44:23,3:17:50,3:05:08,0:06:56,0:11:32,7:25:51,2663,11870,11108,416,692,26751,210,179,40,190,164,34,143,128,28,210,179,40,Finisher,700
Leilani,Tan,Leilani Tan,64,F50-54,Female,Molino IV Bacoor City,PH-CAV,Philippines,PH,0:47:14,3:40:30,2:45:50,0:05:49,0:06:50,7:26:12,2834,13230,9950,349,410,26772,211,32,2,230,34,2,233,31,2,211,32,2,Finisher,1633
Germaine,Mangaliman,Germaine Mangaliman,403,F30-34,Female,Pasay City,,Philippines,PH,0:44:46,3:38:14,2:50:50,0:06:35,0:06:09,7:26:36,2686,13094,10250,395,369,26796,212,33,12,198,27,9,216,29,10,212,33,12,Finisher,1529
Jerwin,Velasquez,Jerwin Velasquez,171,M25-29,Male,San jose matulid,PH-PAM,Philippines,PH,0:48:12,3:17:40,3:06:35,0:05:14,0:08:56,7:26:37,2892,11860,11195,314,536,26797,213,180,22,240,203,23,150,134,17,213,180,22,Finisher,700
Jerome,Kang,Jerome Kang,226,M35-39,Male,Pasay,,Philippines,PH,0:46:52,3:39:07,2:49:05,0:05:29,0:06:08,7:26:40,2812,13147,10145,329,368,26800,214,181,30,224,191,29,222,193,32,214,181,30,Finisher,968
Joshua,Coquia,Joshua Coquia,234,M35-39,Male,Concepcion Dos,PH-00,Philippines,PH,0:43:10,3:42:55,2:48:53,0:04:53,0:07:03,7:26:54,2590,13375,10133,293,423,26814,215,182,31,172,148,24,221,192,31,215,182,31,Finisher,964
Kunihiro,Okamoto,Kunihiro Okamoto,346,M45-49,Male,"meguro-ku,kamimeguro",JP-13,Japan,JP,0:39:08,3:40:12,2:54:19,0:07:19,0:06:09,7:27:07,2348,13212,10459,439,369,26827,216,183,25,101,89,13,207,181,25,216,183,25,Finisher,1251
Ramil,Janda,Ramil Janda,371,M55-59,Male,Quezon City,,Philippines,PH,0:46:43,3:21:06,3:08:03,0:05:37,0:05:50,7:27:19,2803,12066,11283,337,350,26839,217,184,7,217,186,8,165,147,7,217,184,7,Finisher,1835
Nigel,Young,Nigel Young,206,M30-34,Male,San roque marikina,PH-00,Philippines,PH,0:48:43,3:26:16,3:01:06,0:05:36,0:07:28,7:29:11,2923,12376,10866,336,448,26951,218,185,32,246,209,37,186,163,27,218,185,32,Finisher,700
Viktor,Dela Cruz,Viktor Dela Cruz,169,M25-29,Male,Marikina City,PH-00,Philippines,PH,0:57:57,3:27:30,2:53:16,0:06:02,0:06:06,7:30:51,3477,12450,10396,362,366,27051,219,186,23,295,250,25,224,195,23,219,186,23,Finisher,700
Gregorio,Basilio,Gregorio Basilio,315,M45-49,Male,sto. domingo,PH-PAM,Philippines,PH,0:50:25,3:27:17,2:46:38,0:16:17,0:10:21,7:30:58,3025,12437,9998,977,621,27058,220,187,26,269,229,34,234,203,27,220,187,26,Finisher,1182
Alphonse Regin,Magmanlac,Alphonse Regin Magmanlac,188,M30-34,Male,San Pablo City,PH-LAG,Philippines,PH,0:48:02,3:19:55,3:10:02,0:06:20,0:06:48,7:31:07,2882,11995,11402,380,408,27067,221,188,33,237,201,36,170,151,26,221,188,33,Finisher,700
Rosselle Jona,Canete,Rosselle Jona Canete,404,F35-39,Female,Pasig,NATIONAL CAPITAL REGION,Philippines,PH,0:44:11,3:42:20,2:55:39,0:05:04,0:06:23,7:33:37,2651,13340,10539,304,383,27217,222,34,4,187,26,4,226,30,3,222,34,4,Finisher,1803
Patricia Bianca,Peralta,Patricia Bianca Peralta,407,F35-39,Female,Quezon City,,Philippines,PH,0:43:45,3:57:40,2:37:06,0:06:50,0:09:02,7:34:22,2625,14260,9426,410,542,27262,223,35,5,182,25,3,263,37,5,223,35,5,Finisher,1789
Keith,Beattie,Keith Beattie,361,M50-54,Male,Litton,,United Kingdom,GB,0:33:34,3:51:54,2:56:35,0:05:27,0:08:04,7:35:33,2014,13914,10595,327,484,27333,224,189,13,29,27,4,220,191,16,224,189,13,Finisher,1385
Miguel Vicente,Ortiz,Miguel Vicente Ortiz,235,M35-39,Male,Cebu City,CEB,Philippines,PH,0:38:36,3:24:41,3:15:31,0:09:19,0:08:10,7:36:17,2316,12281,11731,559,490,27377,225,190,32,89,80,15,157,140,22,225,190,32,Finisher,795
Neil,Regino,Neil Regino,320,M45-49,Male,San vicente,CALABARZON,Philippines,PH,0:45:27,3:19:35,3:17:29,0:05:55,0:09:15,7:37:42,2727,11975,11849,355,555,27462,226,191,27,201,174,24,149,133,19,226,191,27,Finisher,1061
Ceddrick,Moreno,Ceddrick Moreno,189,M30-34,Male,Malolos City,CENTRAL LUZON,Philippines,PH,0:53:22,3:51:58,2:42:02,0:06:30,0:06:23,7:40:16,3202,13918,9722,390,383,27616,227,192,34,279,239,42,271,232,40,227,192,34,Finisher,700
Irene,David,Irene David,408,F35-39,Female,Hermosa,PH-BAN,Philippines,PH,0:56:34,3:52:23,2:36:40,0:09:06,0:05:46,7:40:28,3394,13943,9400,546,346,27628,228,36,6,290,43,7,282,41,6,228,36,6,Finisher,1679
Angelo Robert,Sevilla,Angelo Robert Sevilla,217,M30-34,Male,manila,,Philippines,PH,0:50:12,3:30:45,3:06:38,0:05:59,0:07:20,7:40:55,3012,12645,11198,359,440,27655,229,193,35,263,223,40,210,183,32,229,193,35,Finisher,700
Chun,Chung,Chun Chung,355,M50-54,Male,Hong Kong,Hong Kong,Hong Kong,HK,0:50:08,3:29:15,3:04:52,0:10:04,0:07:51,7:42:10,3008,12555,11092,604,471,27730,230,194,14,262,222,18,214,186,13,230,194,14,Finisher,1266
Toni Camille,Favis-Muñoz,Toni Camille Favis-Muñoz,417,F40-44,Female,Pasig,PH-00,Philippines,PH,0:49:40,3:53:52,2:45:25,0:06:41,0:06:55,7:42:33,2980,14032,9925,401,415,27753,231,37,9,257,40,10,269,39,10,231,37,9,Finisher,1845
Jasmin,Lepasana,Jasmin Lepasana,451,F40-44,Female,Taguig,PH-00,Philippines,PH,0:54:37,3:49:09,2:42:27,0:05:46,0:11:17,7:43:15,3277,13749,9747,346,677,27795,232,38,10,284,41,11,265,38,9,232,38,10,Finisher,1832
Rafael Carlo,Rosal,Rafael Carlo Rosal,190,M30-34,Male,Parañaque city,NATIONAL CAPITAL REGION,Philippines,PH,0:56:45,3:54:00,2:39:42,0:07:13,0:06:45,7:44:26,3405,14040,9582,433,405,27866,233,195,36,291,248,45,281,241,43,233,195,36,Finisher,700
Jeffrey,Caguicla,Jeffrey Caguicla,274,M40-44,Male,Batangas,BATANGAS,Philippines,PH,1:09:15,3:48:37,2:29:04,0:09:40,0:09:04,7:45:41,4155,13717,8944,580,544,27941,234,196,41,303,255,52,296,250,51,234,196,41,Finisher,700
Selwyn,Bantang,Selwyn Bantang,304,M40-44,Male,Bagong Silangan,PH-00,Philippines,PH,0:47:27,3:34:49,3:09:04,0:06:46,0:08:26,7:46:32,2847,12889,11344,406,506,27992,235,197,42,234,199,42,212,184,41,235,197,42,Finisher,700
Chino,Victa,Chino Victa,218,M35-39,Male,"kaingen, kawit",,Philippines,PH,0:50:20,3:51:46,2:46:16,0:07:42,0:10:46,7:46:50,3020,13906,9976,462,646,28010,236,198,33,267,227,36,268,230,37,236,198,33,Finisher,700
Khristine,Gabrillo,Khristine Gabrillo,423,F45-49,Female,Mandaluyong,PH-00,Philippines,PH,0:49:01,4:04:02,2:39:48,0:06:54,0:07:15,7:47:01,2941,14642,9588,414,435,28021,237,39,1,252,38,1,283,42,1,237,39,1,Finisher,3500
Jose Antonio Gabriel,Naguit,Jose Antonio Gabriel Naguit,173,M25-29,Male,City of San Fernando,PH-PAM,Philippines,PH,0:40:21,3:35:19,3:15:51,0:05:45,0:10:08,7:47:23,2421,12919,11751,345,608,28043,238,199,24,124,107,14,189,166,21,238,199,24,Finisher,700
Christopher,Pacheco,Christopher Pacheco,259,M35-39,Male,Borol 2nd Balagtas,PH-BUL,Philippines,PH,0:48:35,3:38:49,3:07:21,0:05:53,0:07:30,7:48:08,2915,13129,11241,353,450,28088,239,200,34,245,208,32,231,201,33,239,200,34,Finisher,700
Elmer,Barquilla,Elmer Barquilla,363,M50-54,Male,City of sto tomas,,Philippines,PH,0:51:15,3:59:45,2:38:41,0:10:04,0:08:48,7:48:32,3075,14385,9521,604,528,28112,240,201,15,271,231,20,286,243,20,240,201,15,Finisher,1152
Reyea,Briones,Reyea Briones,393,F30-34,Female,Antipolo,PH-RIZ,Philippines,PH,0:49:36,3:47:26,2:57:59,0:05:51,0:07:41,7:48:33,2976,13646,10679,351,461,28113,241,40,13,256,39,12,252,35,13,241,40,13,Finisher,1134
Ronald Sonny,Quion,Ronald Sonny Quion,359,M50-54,Male,Fort Bonifacio Taguig,PH-00,Philippines,PH,0:50:24,3:39:59,3:02:07,0:06:58,0:10:39,7:50:08,3024,13199,10927,418,639,28208,242,202,16,268,228,19,244,211,18,242,202,16,Finisher,1123
Paul,Taylor,Paul Taylor,385,M60-64,Male,DPO,AP,United States,US,0:38:50,3:42:36,3:08:12,0:10:03,0:10:59,7:50:40,2330,13356,11292,603,659,28240,243,203,7,95,86,4,223,194,7,243,203,7,Finisher,1445
Iurii,Nikiforov,Iurii Nikiforov,453,M40-44,Male,Улан-Удэ,,Unknown,,0:41:57,3:29:41,3:26:35,0:05:27,0:07:15,7:50:55,2517,12581,12395,327,435,28255,244,204,43,158,135,29,176,155,31,244,204,43,Finisher,700
Jonathan Gerard,Balmes,Jonathan Gerard Balmes,319,M45-49,Male,Batangas,Calabarzon,Philippines,PH,0:50:04,3:44:40,2:59:48,0:09:45,0:08:24,7:52:42,3004,13480,10788,585,504,28362,245,205,28,261,221,32,256,220,32,245,205,28,Finisher,791
Ronnie,Aguilar,Ronnie Aguilar,358,M50-54,Male,Manila,PH-00,Philippines,PH,0:48:31,3:36:04,3:15:04,0:06:13,0:06:54,7:52:46,2911,12964,11704,373,414,28366,246,206,17,243,206,17,219,190,15,246,206,17,Finisher,1076
Michael Jason,Batac,Michael Jason Batac,298,M40-44,Male,Angeles City,,Philippines,PH,0:49:46,3:53:54,2:59:24,0:04:29,0:06:33,7:54:06,2986,14034,10764,269,393,28446,247,207,44,258,218,47,261,225,48,247,207,44,Finisher,700
Carl,Cao,Carl Cao,196,M30-34,Male,Oakville,Ontario,Bermuda,BM,0:46:43,3:48:34,3:08:17,0:04:19,0:06:38,7:54:32,2803,13714,11297,259,398,28472,248,208,37,218,187,33,249,216,36,248,208,37,Finisher,700
Lee Russel,Tan,Lee Russel Tan,323,M45-49,Male,Calamba,PH-LAG,Philippines,PH,0:43:14,3:46:07,3:10:41,0:07:05,0:07:54,7:55:00,2594,13567,11441,425,474,28500,249,209,29,173,149,19,242,209,29,249,209,29,Finisher,749
John Albert,Clave,John Albert Clave,251,M35-39,Male,Angono,RIZ,Philippines,PH,0:46:42,3:46:27,3:08:23,0:05:55,0:07:34,7:55:01,2802,13587,11303,355,454,28501,250,210,35,216,185,28,247,214,35,250,210,35,Finisher,700
Dior,Ventura,Dior Ventura,390,F25-29,Female,Valenzuela,PH-00,Philippines,PH,0:42:09,3:56:03,3:04:35,0:05:57,0:07:26,7:56:10,2529,14163,11075,357,446,28570,251,41,6,161,24,6,255,36,6,251,41,6,Finisher,803
Jed,Orozco,Jed Orozco,220,M35-39,Male,Bacoor,CAV,Philippines,PH,0:47:08,3:45:32,3:12:11,0:05:43,0:07:46,7:58:19,2828,13532,11531,343,466,28699,252,211,36,228,195,31,245,212,34,252,211,36,Finisher,700
ivan,cudal,ivan cudal,260,M40-44,Male,tarlac city,PH-TAR,Philippines,PH,0:59:42,3:47:36,2:53:14,0:09:01,0:08:58,7:58:30,3582,13656,10394,541,538,28710,253,212,45,299,252,51,276,237,49,253,212,45,Finisher,700
Naoya,Miyahara,Naoya Miyahara,214,M30-34,Male,Makati,PH-00,Japan,JP,0:42:32,3:58:41,3:03:38,0:07:09,0:06:33,7:58:33,2552,14321,11018,429,393,28713,254,213,38,166,142,20,264,227,39,254,213,38,Finisher,700
Sek-Jun,Yong,Sek-Jun Yong,379,M55-59,Male,양산시,KR-48,South Korea,KR,0:45:29,4:18:08,2:38:19,0:09:24,0:07:22,7:58:41,2729,15488,9499,564,442,28721,255,214,8,202,175,7,300,253,13,255,214,8,Finisher,1271
Iggy,Hizon,Iggy Hizon,244,M35-39,Male,Barangay batasan hills,PH-00,Philippines,PH,0:47:05,3:33:39,3:26:06,0:04:34,0:07:50,7:59:15,2825,12819,12366,274,470,28755,256,215,37,226,193,30,203,177,27,256,215,37,Finisher,700
Jeric,Saclauso,Jeric Saclauso,283,M40-44,Male,Calumpit,,Philippines,PH,0:35:16,3:22:23,3:51:10,0:03:20,0:08:11,8:00:19,2116,12143,13870,200,491,28819,257,216,46,44,41,8,122,113,24,257,216,46,Finisher,700
Brian,Colman,Brian Colman,291,M40-44,Male,Hong Kong,,Ireland,IE,0:46:33,3:39:51,3:19:11,0:07:57,0:06:50,8:00:22,2793,13191,11951,477,410,28822,258,217,47,215,184,40,236,204,43,258,217,47,Finisher,700
Genelyn,Mendoza,Genelyn Mendoza,415,F40-44,Female,Dagupan,PH-PAN,Philippines,PH,0:57:31,4:01:32,2:47:28,0:06:15,0:09:06,8:01:52,3451,14492,10048,375,546,28912,259,42,11,293,44,13,293,46,12,259,42,11,Finisher,1497
Harvey,Reyes,Harvey Reyes,313,M45-49,Male,Rizal,,Philippines,PH,0:48:22,3:53:17,3:08:14,0:06:06,0:05:58,8:01:58,2902,13997,11294,366,358,28918,260,218,30,241,204,28,259,223,33,260,218,30,Finisher,700
Shayne,Lipelanoue,Shayne Lipelanoue,442,M35-39,Male,Santee,CA,United States,US,0:43:42,4:06:16,2:57:15,0:07:03,0:08:39,8:02:55,2622,14776,10635,423,519,28975,261,219,38,180,156,26,279,240,40,261,219,38,Finisher,700
Adler,Ferrer,Adler Ferrer,360,M50-54,Male,PASIG CITY,PH-00,Philippines,PH,0:47:15,3:49:43,3:11:02,0:07:36,0:07:56,8:03:31,2835,13783,11462,456,476,29011,262,220,18,231,197,16,257,221,19,262,220,18,Finisher,882
Jonah Leah,Valencia,Jonah Leah Valencia,414,F40-44,Female,Brgy 719 Malate,,Philippines,PH,0:55:47,3:57:17,2:55:52,0:08:05,0:06:56,8:03:57,3347,14237,10552,485,416,29037,263,43,12,288,42,12,287,44,11,263,43,12,Finisher,1460
Athreou,De Roma,Athreou De Roma,193,M30-34,Male,Tayabas City,PH-QUE,Philippines,PH,0:47:03,3:42:52,3:21:53,0:05:06,0:07:14,8:04:08,2823,13372,12113,306,434,29048,264,221,39,225,192,35,238,206,35,264,221,39,Finisher,700
Kevin,Miranda,Kevin Miranda,205,M30-34,Male,Bacoor,PH-CAV,Philippines,PH,0:51:00,3:51:09,3:09:22,0:05:43,0:08:30,8:05:43,3060,13869,11362,343,510,29143,265,222,40,270,230,41,260,224,38,265,222,40,Finisher,700
Roel,Bobier,Roel Bobier,327,M45-49,Male,Tiwi,PH-ALB,Philippines,PH,0:38:14,3:50:00,3:23:48,0:06:20,0:07:48,8:06:09,2294,13800,12228,380,468,29169,266,223,31,82,74,8,237,205,28,266,223,31,Finisher,700
Robbie,Calugtong,Robbie Calugtong,309,M45-49,Male,San Pedro,PH-LAG,Philippines,PH,0:51:39,3:56:48,3:02:37,0:05:57,0:09:13,8:06:14,3099,14208,10957,357,553,29174,267,224,32,273,233,36,274,235,35,267,224,32,Finisher,700
Lordan,Marco,Lordan Marco,334,M45-49,Male,Canlubang Calamba,LAGUNA,Philippines,PH,0:41:51,4:12:42,2:55:21,0:07:45,0:08:57,8:06:36,2511,15162,10521,465,537,29196,268,225,33,154,132,17,289,245,37,268,225,33,Finisher,700
Joel Mel,Sombrito,Joel Mel Sombrito,289,M40-44,Male,Caloocan City,,Philippines,PH,0:46:00,3:55:03,3:11:58,0:06:42,0:07:14,8:06:57,2760,14103,11518,402,434,29217,269,226,48,209,179,38,258,222,47,269,226,48,Finisher,700
Marcus,Maag,Marcus Maag,447,M40-44,Male,Wuppertal,foreigner,Germany,DE,0:44:36,4:13:20,2:55:12,0:08:38,0:06:39,8:08:25,2676,15200,10512,518,399,29305,270,227,49,195,169,36,295,249,50,270,227,49,Finisher,700
Gregory Francis,Banzon,Gregory Francis Banzon,460,M60-64,Male,Muntinlupa City,PH-00,Philippines,PH,0:57:27,3:52:55,3:02:41,0:06:28,0:09:44,8:09:14,3447,13975,10961,388,584,29354,271,228,8,292,249,8,278,239,8,271,228,8,Finisher,1110
Christian Rhomel,Mariano,Christian Rhomel Mariano,337,M45-49,Male,Barangay 509,NATIONAL CAPITAL REGION,Philippines,PH,0:44:20,3:43:23,3:18:54,0:09:11,0:13:33,8:09:21,2660,13403,11934,551,813,29361,272,229,34,189,163,21,243,210,30,272,229,34,Finisher,700
Ceazar Ryan,Aquino,Ceazar Ryan Aquino,254,M35-39,Male,Malolos City,,Philippines,PH,1:08:08,3:50:50,2:54:05,0:11:08,0:05:51,8:10:02,4088,13850,10445,668,351,29402,273,230,39,302,254,41,298,252,41,273,230,39,Finisher,700
Eric,Pagaling,Eric Pagaling,314,M45-49,Male,"Barangay San Miguel, Iligan City",PH-LAN,Philippines,PH,0:42:39,3:53:02,3:19:59,0:05:07,0:09:59,8:10:46,2559,13982,11999,307,599,29446,274,231,35,169,145,18,251,217,31,274,231,35,Finisher,700
Elmer,Tagarino,Elmer Tagarino,357,M50-54,Male,Pamplona Dos,NATIONAL CAPITAL REGION,Philippines,PH,0:42:08,3:38:34,3:27:15,0:08:45,0:14:20,8:11:02,2528,13114,12435,525,860,29462,275,232,19,160,137,13,215,187,14,275,232,19,Finisher,747
Echo,Arellano,Echo Arellano,165,M25-29,Male,Batangas City,PH-BTG,Philippines,PH,0:44:18,3:40:09,3:31:20,0:07:54,0:07:37,8:11:18,2658,13209,12680,474,457,29478,276,233,25,188,162,21,230,200,25,276,233,25,Finisher,700
Paolo,Mercado,Paolo Mercado,370,M55-59,Male,Taguig,NATIONAL CAPITAL REGION,Philippines,PH,0:42:32,3:24:51,3:42:30,0:04:59,0:16:58,8:11:51,2552,12291,13350,299,1018,29511,277,234,9,167,143,6,155,138,6,277,234,9,Finisher,1034
Ruby Joy,Juan,Ruby Joy Juan,396,F30-34,Female,Tagaytay,,Philippines,PH,0:58:07,3:55:32,3:03:58,0:06:52,0:07:42,8:12:11,3487,14132,11038,412,462,29531,278,44,14,296,46,14,285,43,14,278,44,14,Finisher,709
Aylward,Consulta,Aylward Consulta,253,M35-39,Male,Mandaue,PH-CEB,Philippines,PH,0:58:18,3:48:56,3:13:21,0:07:14,0:07:41,8:15:30,3498,13736,11601,434,461,29730,279,235,40,297,251,40,275,236,39,279,235,40,Finisher,700
George,Lee,George Lee,325,M45-49,Male,Singapore,SINGAPORE,Singapore,SG,0:48:56,4:07:37,3:03:28,0:06:21,0:10:10,8:16:32,2936,14857,11008,381,610,29792,280,236,36,250,213,30,290,246,38,280,236,36,Finisher,700
John,Mancera,John Mancera,378,M55-59,Male,Lipa City,PH-BTG,Philippines,PH,0:56:05,3:44:33,3:19:41,0:09:01,0:07:13,8:16:32,3365,13473,11981,541,433,29792,281,237,10,289,247,13,266,228,10,281,237,10,Finisher,949
Ivan Miguel,Lim,Ivan Miguel Lim,199,M30-34,Male,dagupan,PH-PAN,Philippines,PH,0:42:00,4:03:14,3:13:02,0:07:45,0:10:52,8:16:53,2520,14594,11582,465,652,29813,282,238,41,159,136,19,273,234,41,282,238,41,Finisher,700
Munmun,Nath,Munmun Nath,418,F40-44,Female,Makati,NATIONAL CAPITAL REGION,India,IN,0:46:00,4:18:09,2:56:08,0:08:03,0:09:11,8:17:31,2760,15489,10568,483,551,29851,283,45,13,208,30,7,299,47,13,283,45,13,Finisher,1215
Ceri Louisse,Zuniga,Ceri Louisse Zuniga,276,M40-44,Male,Santa Rosa,LAG,Philippines,PH,0:50:12,4:12:07,2:53:51,0:13:42,0:07:41,8:17:33,3012,15127,10431,822,461,29853,284,239,50,264,224,48,301,254,52,284,239,50,Finisher,700
Shuichi,Kato,Shuichi Kato,380,M55-59,Male,kawit,PH-CAV,Japan,JP,0:47:18,3:42:52,3:37:21,0:05:17,0:06:14,8:19:01,2838,13372,13041,317,374,29941,285,240,11,232,198,9,240,207,9,285,240,11,Finisher,905
Gary,Maningo,Gary Maningo,299,M40-44,Male,Cebu City,,Philippines,PH,0:48:47,3:47:28,3:29:52,0:07:07,0:06:50,8:20:04,2927,13648,12592,427,410,30004,286,241,51,247,210,44,254,219,46,286,241,51,Finisher,700
Edgar,Meneses,Edgar Meneses,376,M55-59,Male,Del Carmen City of San Fernando ,PH-PAM,Philippines,PH,0:49:16,4:03:12,3:08:48,0:09:06,0:10:56,8:21:19,2956,14592,11328,546,656,30079,287,242,12,253,215,10,288,244,11,287,242,12,Finisher,863
Victor,Magno,Victor Magno,368,M50-54,Male,San Martin de Porres,PH-00,Philippines,PH,0:40:36,3:44:28,3:30:19,0:08:20,0:17:37,8:21:20,2436,13468,12619,500,1057,30080,288,243,20,129,112,10,232,202,17,288,243,20,Finisher,700
Melissa Felicitas,Racela,Melissa Felicitas Racela,428,F55-59,Female,Marikina,PH-00,Philippines,PH,0:59:02,3:50:21,3:17:16,0:08:22,0:06:22,8:21:23,3542,13821,11836,502,382,30083,289,46,1,298,47,1,280,40,1,289,46,1,Finisher,3500
Paul Jess,Perez,Paul Jess Perez,209,M30-34,Male,Olongapo City,,Philippines,PH,0:45:08,4:04:39,3:15:45,0:06:45,0:09:23,8:21:39,2708,14679,11745,405,563,30099,290,244,42,199,172,30,277,238,42,290,244,42,Finisher,700
Mijee,Lee,Mijee Lee,427,F50-54,Female,부산,KR-26,South Korea,KR,1:02:56,4:04:48,2:59:01,0:08:54,0:08:09,8:23:48,3776,14688,10741,534,489,30228,291,47,3,300,48,3,302,48,3,291,47,3,Finisher,700
Robert Gabriel,Santiago,Robert Gabriel Santiago,434,M25-29,Male,Las Piñas City,PH-00,Philippines,PH,0:31:36,3:43:30,3:47:08,0:06:28,0:15:22,8:24:04,1896,13410,13628,388,922,30244,292,245,26,17,15,5,190,167,22,292,245,26,Finisher,700
Frederick,Yanos,Frederick Yanos,326,M45-49,Male,Bacoor City,PH-CAV,Philippines,PH,0:54:36,3:54:54,3:11:51,0:10:27,0:12:42,8:24:30,3276,14094,11511,627,762,30270,293,246,37,283,243,39,284,242,36,293,246,37,Finisher,700
Gerard Joseph,Mendoza,Gerard Joseph Mendoza,151,M18-24,Male,Malolos,,Philippines,PH,0:38:19,4:03:57,3:29:34,0:05:58,0:08:13,8:26:00,2299,14637,12574,358,493,30360,294,247,11,84,75,8,262,226,11,294,247,11,Finisher,700
Enrico Miguel,Ubaldo,Enrico Miguel Ubaldo,186,M30-34,Male,Quezon City,00,Philippines,PH,0:55:12,3:38:19,3:36:14,0:09:33,0:07:16,8:26:34,3312,13099,12974,573,436,30394,295,248,43,287,246,44,253,218,37,295,248,43,Finisher,700
Luigi,Rodriguez,Luigi Rodriguez,179,M30-34,Male,Bacoor City,PH-CAV,Philippines,PH,0:54:49,4:08:25,3:11:24,0:06:45,0:06:10,8:27:33,3289,14905,11484,405,370,30453,296,249,44,285,244,43,297,251,45,296,249,44,Finisher,700
Edwin,Gallor,Edwin Gallor,377,M55-59,Male,Landayan San Pedro,PH-LAG,Philippines,PH,0:52:53,4:05:15,3:14:23,0:07:07,0:08:04,8:27:44,3173,14715,11663,427,484,30464,297,250,13,277,237,11,292,247,12,297,250,13,Finisher,748
Jaypee,Sta Maria,Jaypee Sta Maria,233,M35-39,Male,Bacoor cavite,PH-CAV,Philippines,PH,0:40:29,4:03:58,3:28:44,0:05:19,0:09:34,8:28:05,2429,14638,12524,319,574,30485,298,251,41,126,109,17,267,229,36,298,251,41,Finisher,700
Martin,Lim,Martin Lim,184,M30-34,Male,Dagupan CIty,PH-PAN,Philippines,PH,0:44:33,4:13:32,3:16:17,0:07:19,0:07:04,8:28:45,2673,15212,11777,439,424,30525,299,252,45,194,168,29,294,248,44,299,252,45,Finisher,700
Doned,Rodriguez,Doned Rodriguez,324,M45-49,Male,Highlands Ranch,COLORADO,Philippines,PH,0:48:03,3:58:05,3:29:56,0:05:43,0:06:58,8:28:45,2883,14285,12596,343,418,30525,300,253,38,238,202,27,272,233,34,300,253,38,Finisher,700
Marnell,Ubaldo,Marnell Ubaldo,227,M35-39,Male,"Bagong Silang, Mandaluyong City",,Philippines,PH,,,,0:00:00,0:00:00,,0,0,0,0,0,0,99999,99999,99999,99999,99999,99999,99999,99999,99999,99999,99999,99999,DNS,0
Antonio,Malasig,Antonio Malasig,321,M45-49,Male,Pasay,,Philippines,PH,,,,0:00:00,0:00:00,,0,0,0,0,0,0,99999,99999,99999,99999,99999,99999,99999,99999,99999,99999,99999,99999,DNS,0
Joseph Davidsen,Choi,Joseph Davidsen Choi,300,M40-44,Male,Pasig City,PH-00,Philippines,PH,0:47:00,4:15:38,3:18:55,0:07:13,0:05:24,8:34:11,2820,15338,11935,433,324,30851,99999,99999,99999,99999,99999,99999,99999,99999,99999,99999,99999,99999,Unofficial,0
Amar,Naikwadi,Amar Naikwadi,280,M40-44,Male,Sangamner,Maharashtra,India,IN,,,,0:00:00,0:00:00,,0,0,0,0,0,0,99999,99999,99999,99999,99999,99999,99999,99999,99999,99999,99999,99999,DNS,0
Bearwin,Meily,Bearwin Meily,342,M45-49,Male,SAN ISIDRO,PH-RIZ,Philippines,PH,,,,0:00:00,0:00:00,,0,0,0,0,0,0,99999,99999,99999,99999,99999,99999,99999,99999,99999,99999,99999,99999,DNS,0
Raymond,Dalipe,Raymond Dalipe,287,M40-44,Male,Olongapo City,ZAMBALES,Philippines,PH,,,,0:00:00,0:00:00,,0,0,0,0,0,0,99999,99999,99999,99999,99999,99999,99999,99999,99999,99999,99999,99999,DNS,0
Claro,Traviño,Claro Traviño,374,M55-59,Male,Malolos,,Philippines,PH,0:50:18,,,0:09:40,0:00:00,,3018,0,0,580,0,0,99999,99999,99999,99999,99999,99999,99999,99999,99999,99999,99999,99999,DNF,0
Patrick Louie,Maglaya,Patrick Louie Maglaya,308,M40-44,Male,San Fernando,PH-PAM,Philippines,PH,0:49:19,3:41:29,,0:07:35,0:10:38,,2959,13289,0,455,638,0,99999,99999,99999,254,216,45,246,213,44,99999,99999,99999,DNF,0
Paolo Nicolai,Lajom,Paolo Nicolai Lajom,236,M35-39,Male,San Rafael,PH-BUL,Philippines,PH,1:24:22,,,0:00:00,0:00:00,,5062,0,0,0,0,0,99999,99999,99999,99999,99999,99999,99999,99999,99999,99999,99999,99999,DNF,0
John Christian,Rodriguez,John Christian Rodriguez,228,M35-39,Male,Pulung cacutud angeles city,PH-PAM,Philippines,PH,0:42:10,,,0:07:56,0:00:00,,2530,0,0,476,0,0,99999,99999,99999,99999,99999,99999,99999,99999,99999,99999,99999,99999,DNF,0
Teresa,Generoso,Teresa Generoso,426,F50-54,Female,lAPAZ,PH-00,Philippines,PH,0:55:59,4:33:53,,0:09:02,0:00:00,,3359,16433,0,542,0,0,99999,99999,99999,99999,99999,99999,99999,99999,99999,99999,99999,99999,DNF,0
Hedrick,Sipacio,Hedrick Sipacio,240,M35-39,Male,Sta. Rosa,,Philippines,PH,0:58:32,,,0:09:24,0:00:00,,3512,0,0,564,0,0,99999,99999,99999,99999,99999,99999,99999,99999,99999,99999,99999,99999,DNF,0
Tyrone,Lacerna,Tyrone Lacerna,336,M45-49,Male,Los Banos,PH-LAG,Philippines,PH,0:42:57,4:15:31,,0:04:42,0:07:03,,2577,15331,0,282,423,0,99999,99999,99999,99999,99999,99999,99999,99999,99999,99999,99999,99999,DNF,0
Chul Min,Kim,Chul Min Kim,369,M55-59,Male,Busan,KR-26,South Korea,KR,0:56:14,3:57:07,,0:07:47,0:11:31,,3374,14227,0,467,691,0,99999,99999,99999,99999,99999,99999,99999,99999,99999,99999,99999,99999,DNF,0
Eric,Monnier,Eric Monnier,356,M50-54,Male,blagnac,,France,FR,,,,0:00:00,0:00:00,,0,0,0,0,0,0,99999,99999,99999,99999,99999,99999,99999,99999,99999,99999,99999,99999,DNS,0
Toshiya,Honda,Toshiya Honda,53,M50-54,Male,TAIPEI,TW-NWT,Japan,JP,0:36:41,3:33:28,,0:03:43,0:00:00,,2201,12808,0,223,0,0,99999,99999,99999,99999,99999,99999,99999,99999,99999,99999,99999,99999,DNF,0
Gianmarco Anton,Sibayan,Gianmarco Anton Sibayan,191,M30-34,Male,Pasig,National Capital Region,Philippines,PH,0:33:10,,,0:06:08,0:00:00,,1990,0,0,368,0,0,99999,99999,99999,99999,99999,99999,99999,99999,99999,99999,99999,99999,DNF,0
Luigie,Dungca,Luigie Dungca,265,M40-44,Male,BACOLOR,PAM,Philippines,PH,1:24:17,,,0:00:00,0:00:00,,5057,0,0,0,0,0,99999,99999,99999,99999,99999,99999,99999,99999,99999,99999,99999,99999,DNF,0
Kristina,Naoe,Kristina Naoe,416,F40-44,Female,San Rafael,BULACAN,Philippines,PH,1:06:23,4:11:14,,0:07:08,0:07:48,,3983,15074,0,428,468,0,99999,99999,99999,99999,99999,99999,99999,99999,99999,99999,99999,99999,DNF,0
Vladimir,Chugunov,Vladimir Chugunov,461,M30-34,Male,Singapore,,Singapore,SG,,,,0:00:00,0:00:00,,0,0,0,0,0,0,99999,99999,99999,99999,99999,99999,99999,99999,99999,99999,99999,99999,DNS,0
Juan Enrico,Milana,Juan Enrico Milana,272,M40-44,Male,Las Pinas,,Philippines,PH,0:48:08,4:25:01,,0:07:30,0:08:08,,2888,15901,0,450,488,0,99999,99999,99999,99999,99999,99999,99999,99999,99999,99999,99999,99999,DNF,0
Chris Joseph,Cui,Chris Joseph Cui,290,M40-44,Male,Taguig City,NATIONAL CAPITAL REGION,Philippines,PH,0:44:13,4:29:36,,0:07:51,0:07:10,,2653,16176,0,471,430,0,99999,99999,99999,99999,99999,99999,99999,99999,99999,99999,99999,99999,DNF,0
Kristel,Fuentes,Kristel Fuentes,411,F40-44,Female,Brgy. San Antonio,,Philippines,PH,,,,0:00:00,0:00:00,,0,0,0,0,0,0,99999,99999,99999,99999,99999,99999,99999,99999,99999,99999,99999,99999,DNS,0
Rocky Fritz,Valiente,Rocky Fritz Valiente,475,M30-34,Male,Pajac lapu lapu city,Cebu,Philippines,PH,,,,0:00:00,0:00:00,,0,0,0,0,0,0,99999,99999,99999,99999,99999,99999,99999,99999,99999,99999,99999,99999,DNS,0
Mark Louis Sidney,Capanzana,Mark Louis Sidney Capanzana,450,M40-44,Male,PHILIPPINES (PHI),,Philippines,PH,,,,0:00:00,0:00:00,,0,0,0,0,0,0,99999,99999,99999,99999,99999,99999,99999,99999,99999,99999,99999,99999,DNS,0
Bryan,Geron,Bryan Geron,247,M35-39,Male,Batangas,BATANGAS,Philippines,PH,0:56:04,4:17:26,,0:09:18,0:10:44,,3364,15446,0,558,644,0,99999,99999,99999,99999,99999,99999,99999,99999,99999,99999,99999,99999,DNF,0
Ronald ,Anies,Ronald Anies,364,M50-54,Male,Marikina,PH-00,Philippines,PH,0:54:01,4:01:19,,0:08:32,0:09:37,,3241,14479,0,512,577,0,99999,99999,99999,99999,99999,99999,99999,99999,99999,99999,99999,99999,DNF,0
Steven,Sy,Steven Sy,382,M55-59,Male,Quezon City,PH-00,Philippines,PH,0:56:31,3:51:16,3:26:17,0:10:00,0:09:50,8:33:54,3391,13876,12377,600,590,30834,99999,99999,99999,99999,99999,99999,99999,99999,99999,99999,99999,99999,Unofficial,0
Levi,Maliwat,Levi Maliwat,310,M45-49,Male,San Juan City,PH-00,Philippines,PH,0:56:37,4:15:34,3:11:27,0:07:57,0:07:54,8:39:29,3397,15334,11487,477,474,31169,99999,99999,99999,99999,99999,99999,99999,99999,99999,99999,99999,99999,Unofficial,0
Jongmin,Lee,Jongmin Lee,351,M50-54,Male,Gimpo-si,Gyeonggi-do,South Korea,KR,,,,0:00:00,0:00:00,,0,0,0,0,0,0,99999,99999,99999,99999,99999,99999,99999,99999,99999,99999,99999,99999,DNS,0
Kristopher Angelo,Narvaez,Kristopher Angelo Narvaez,231,M35-39,Male,Naga,PH-CAS,Philippines,PH,,,,0:00:00,0:00:00,,0,0,0,0,0,0,99999,99999,99999,99999,99999,99999,99999,99999,99999,99999,99999,99999,DNS,0
Joseph Delano,Hipolito,Joseph Delano Hipolito,340,M45-49,Male,Bocaue,BUL,Philippines,PH,0:51:33,4:21:22,,0:08:53,0:07:16,,3093,15682,0,533,436,0,99999,99999,99999,272,232,35,303,255,39,99999,99999,99999,DNF,0
Christian,De Guzman,Christian De Guzman,250,M35-39,Male,Baguio,PH-BEN,Philippines,PH,,,,0:00:00,0:00:00,,0,0,0,0,0,0,99999,99999,99999,99999,99999,99999,99999,99999,99999,99999,99999,99999,DNS,0
Chika,Nakamura,Chika Nakamura,420,F40-44,Female,futami district  yakumo town,JP-01,Japan,JP,0:54:05,4:08:55,,0:09:28,0:12:29,,3245,14935,0,568,749,0,99999,99999,99999,99999,99999,99999,99999,99999,99999,99999,99999,99999,DNF,0
Federico,Menini,Federico Menini,106,M35-39,Male,Singapore,Singapore,Italy,IT,0:30:32,3:09:49,,0:02:58,0:00:00,,1832,11389,0,178,0,0,99999,99999,99999,99999,99999,99999,99999,99999,99999,99999,99999,99999,DNF,0
Diego Rizal,Dilig,Diego Rizal Dilig,241,M35-39,Male,Balanga City ,PH-BAN,Philippines,PH,0:51:23,4:22:29,,0:09:06,0:08:03,,3083,15749,0,546,483,0,99999,99999,99999,99999,99999,99999,99999,99999,99999,99999,99999,99999,DNF,0
Karl,Ylaya,Karl Ylaya,252,M35-39,Male,Tagbilaran,PH-BOH,Philippines,PH,,,,0:00:00,0:00:00,,0,0,0,0,0,0,99999,99999,99999,99999,99999,99999,99999,99999,99999,99999,99999,99999,DNS,0
Gerard Martin,Mendoza,Gerard Martin Mendoza,350,M50-54,Male,alido hts. subd,malolos city. bulacan,Philippines,PH,,,,0:00:00,0:00:00,,0,0,0,0,0,0,99999,99999,99999,99999,99999,99999,99999,99999,99999,99999,99999,99999,DNS,0
Earl Jason,Pangapalan,Earl Jason Pangapalan,211,M30-34,Male,Quezon City,PH-00,Philippines,PH,0:59:13,4:26:18,,0:07:53,0:08:21,,3553,15978,0,473,501,0,99999,99999,99999,99999,99999,99999,99999,99999,99999,99999,99999,99999,DNF,0
Timothy,Kelsall,Timothy Kelsall,457,M50-54,Male,Singapore,,United Kingdom,GB,,,,0:00:00,0:00:00,,0,0,0,0,0,0,99999,99999,99999,99999,99999,99999,99999,99999,99999,99999,99999,99999,DNS,0
Jean-Marc,Bauquin,Jean-Marc Bauquin,372,M55-59,Male,Taguig,PH-00,France,FR,,,,0:00:00,0:00:00,,0,0,0,0,0,0,99999,99999,99999,99999,99999,99999,99999,99999,99999,99999,99999,99999,DNS,0
Alonzo,Magadia,Alonzo Magadia,163,M25-29,Male,Los banos,PH-LAG,Philippines,PH,0:33:40,4:03:42,,0:05:50,0:11:46,,2020,14622,0,350,706,0,99999,99999,99999,99999,99999,99999,99999,99999,99999,99999,99999,99999,DNF,0
Jarmo,Mäkeläinen,Jarmo Mäkeläinen,455,M45-49,Male,ESPOO,,Finland,FI,0:29:27,3:01:06,,0:03:03,0:07:42,,1767,10866,0,183,462,0,99999,99999,99999,99999,99999,99999,99999,99999,99999,99999,99999,99999,DNF,0
Mark Anthony,Betito,Mark Anthony Betito,229,M35-39,Male,Canaman,PH-CAS,Philippines,PH,,,,0:00:00,0:00:00,,0,0,0,0,0,0,99999,99999,99999,99999,99999,99999,99999,99999,99999,99999,99999,99999,DNS,0
Shogo,SHinoda,Shogo SHinoda,435,M25-29,Male,Kusatsu,Shiga,Japan,JP,,,,0:00:00,0:00:00,,0,0,0,0,0,0,99999,99999,99999,99999,99999,99999,99999,99999,99999,99999,99999,99999,DNS,0
Tommy Luis,King,Tommy Luis King,476,M18-24,Male,Quezon City,,Philippines,PH,,,,0:00:00,0:00:00,,0,0,0,0,0,0,99999,99999,99999,99999,99999,99999,99999,99999,99999,99999,99999,99999,DNS,0
Kilhak,Kunimoto,Kilhak Kunimoto,389,M75-79,Male,TAMUNING,GU,Guam,GU,0:45:23,4:29:57,,0:06:21,0:10:07,,2723,16197,0,381,607,0,99999,99999,99999,99999,99999,99999,99999,99999,99999,99999,99999,99999,DNF,0
Mitsuhiro,Katamata,Mitsuhiro Katamata,388,M65-69,Male,adati-ku,JP-13,Japan,JP,0:51:38,4:26:18,,0:09:02,0:07:29,,3098,15978,0,542,449,0,99999,99999,99999,99999,99999,99999,99999,99999,99999,99999,99999,99999,DNF,0
Jona,Pangapalan,Jona Pangapalan,410,F40-44,Female,Pasay,,Philippines,PH,0:57:03,4:13:36,,0:11:56,0:10:46,,3423,15216,0,716,646,0,99999,99999,99999,99999,99999,99999,99999,99999,99999,99999,99999,99999,DNF,0
Roxannie,Mabazza,Roxannie Mabazza,422,F45-49,Female,PATEROS,PH-00,Philippines,PH,,,,0:00:00,0:00:00,,0,0,0,0,0,0,99999,99999,99999,99999,99999,99999,99999,99999,99999,99999,99999,99999,DNS,0
Patama,Chapanya,Patama Chapanya,398,F30-34,Female,Nong Khai,,Thailand,TH,,,,0:00:00,0:00:00,,0,0,0,0,0,0,99999,99999,99999,99999,99999,99999,99999,99999,99999,99999,99999,99999,DNS,0
Romeo,Raquion,Romeo Raquion,373,M55-59,Male,Ermita,PH-00,Philippines,PH,,,,0:00:00,0:00:00,,0,0,0,0,0,0,99999,99999,99999,99999,99999,99999,99999,99999,99999,99999,99999,99999,DNS,0
Bryan,De Mata,Bryan De Mata,230,M35-39,Male,San Fernando,,Philippines,PH,,,,0:00:00,0:00:00,,0,0,0,0,0,0,99999,99999,99999,99999,99999,99999,99999,99999,99999,99999,99999,99999,DNS,0
Ruben,Lopez,Ruben Lopez,249,M35-39,Male,Brgy 7,PH-00,Philippines,PH,,,,0:00:00,0:00:00,,0,0,0,0,0,0,99999,99999,99999,99999,99999,99999,99999,99999,99999,99999,99999,99999,DNS,0
Paul O’neal,Talavera,Paul O’neal Talavera,208,M30-34,Male,Marikina,,Philippines,PH,0:46:24,3:46:26,,0:07:55,0:17:26,,2784,13586,0,475,1046,0,99999,99999,99999,99999,99999,99999,99999,99999,99999,99999,99999,99999,DNF,0
Stewart,Vogstad,Stewart Vogstad,93,M70-74,Male,Subic Bay Freeport Zone,PH-ZMB,Canada,CA,,,,0:00:00,0:00:00,,0,0,0,0,0,0,99999,99999,99999,99999,99999,99999,99999,99999,99999,99999,99999,99999,DNS,0
Paul,Joseph,Paul Joseph,347,M50-54,Male,Rizal,00,Philippines,PH,1:15:39,,,0:00:00,0:00:00,,4539,0,0,0,0,0,99999,99999,99999,99999,99999,99999,99999,99999,99999,99999,99999,99999,DNF,0
Maria Manuella,Pamintuan Lamorena,Maria Manuella Pamintuan Lamorena,413,F40-44,Female,General Santos,PH-SCO,Philippines,PH,0:43:41,4:31:28,,0:07:01,0:06:38,,2621,16288,0,421,398,0,99999,99999,99999,99999,99999,99999,99999,99999,99999,99999,99999,99999,DNF,0
Carl Daniel,Aguilar,Carl Daniel Aguilar,62,M18-24,Male,863,NATIONAL CAPITAL REGION,Philippines,PH,0:37:45,,,0:06:24,0:00:00,,2265,0,0,384,0,0,99999,99999,99999,99999,99999,99999,99999,99999,99999,99999,99999,99999,DNF,0
Samantha,Holyoak,Samantha Holyoak,425,F50-54,Female,Hong Kong,Hong Kong,Hong Kong,HK,,,,0:00:00,0:00:00,,0,0,0,0,0,0,99999,99999,99999,99999,99999,99999,99999,99999,99999,99999,99999,99999,DNS,0
Brian Humprey,Ramos,Brian Humprey Ramos,295,M40-44,Male,Paombong Bulacan,,Philippines,PH,,,,0:00:00,0:00:00,,0,0,0,0,0,0,99999,99999,99999,99999,99999,99999,99999,99999,99999,99999,99999,99999,DNS,0
DEAN ,RECUPERO,DEAN RECUPERO,463,M60-64,Male,OLONGAPO,PH-ZMB,Philippines,PH,0:41:28,3:25:06,,0:06:55,0:05:06,,2488,12306,0,415,306,0,99999,99999,99999,99999,99999,99999,99999,99999,99999,99999,99999,99999,DNF,0
Hong,Seokchan,Hong Seokchan,345,M45-49,Male,busan,KR-26,South Korea,KR,,,,0:00:00,0:00:00,,0,0,0,0,0,0,99999,99999,99999,99999,99999,99999,99999,99999,99999,99999,99999,99999,DNS,0
Ian,Layno,Ian Layno,257,M35-39,Male,Bambang,PH-00,Philippines,PH,,,,0:00:00,0:00:00,,0,0,0,0,0,0,99999,99999,99999,99999,99999,99999,99999,99999,99999,99999,99999,99999,DNS,0
Dennis,Castillo,Dennis Castillo,343,M45-49,Male,Bacoor,PH-CAV,Philippines,PH,,,,0:00:00,0:00:00,,0,0,0,0,0,0,99999,99999,99999,99999,99999,99999,99999,99999,99999,99999,99999,99999,DNS,0
Enrique,De Guzman,Enrique De Guzman,341,M45-49,Male,Sto.Tomas,PH-LAG,Philippines,PH,0:48:57,3:50:08,,0:05:47,0:08:42,,2937,13808,0,347,522,0,99999,99999,99999,99999,99999,99999,99999,99999,99999,99999,99999,99999,DNF,0
Harrier,Ongsun,Harrier Ongsun,293,M40-44,Male,Makati,PH-00,Philippines,PH,,,,0:00:00,0:00:00,,0,0,0,0,0,0,99999,99999,99999,99999,99999,99999,99999,99999,99999,99999,99999,99999,DNS,0
Bojones,Miraflor,Bojones Miraflor,348,M50-54,Male,Bagong Ilog,,Philippines,PH,0:55:36,,,0:12:04,0:00:00,,3336,0,0,724,0,0,99999,99999,99999,99999,99999,99999,99999,99999,99999,99999,99999,99999,DNF,0
Etta-Mai,Farrell,Etta-Mai Farrell,421,F45-49,Female,Taguig City,00,Ireland,IE,,,,0:00:00,0:00:00,,0,0,0,0,0,0,99999,99999,99999,99999,99999,99999,99999,99999,99999,99999,99999,99999,DNS,0
Borj,Alarcos,Borj Alarcos,405,F35-39,Female,Caniogan,PH-00,Philippines,PH,0:47:25,4:08:31,,0:07:52,0:05:40,,2845,14911,0,472,340,0,99999,99999,99999,233,35,5,291,45,7,99999,99999,99999,DNF,0
Emerson,Pagulayan Jr.,Emerson Pagulayan Jr.,266,M40-44,Male,Manila,PH-00,Philippines,PH,0:46:28,3:52:14,3:34:50,0:10:21,0:08:05,8:31:58,2788,13934,12890,621,485,30718,99999,99999,99999,99999,99999,99999,99999,99999,99999,99999,99999,99999,Unofficial,0
Rejie,Ronquillo,Rejie Ronquillo,261,M40-44,Male,Muntinlupa,,Philippines,PH,0:51:01,4:14:16,,0:09:19,0:07:39,,3061,15256,0,559,459,0,99999,99999,99999,99999,99999,99999,99999,99999,99999,99999,99999,99999,DNF,0
Ramon,Escala,Ramon Escala,349,M50-54,Male,"San Rafael, Tarlac City",,Philippines,PH,0:52:04,4:06:25,,0:09:40,0:06:20,,3124,14785,0,580,380,0,99999,99999,99999,99999,99999,99999,99999,99999,99999,99999,99999,99999,DNF,0
Angelica,Leysa,Angelica Leysa,429,F55-59,Female,Quezon City,ME,Philippines,PH,,,,0:00:00,0:00:00,,0,0,0,0,0,0,99999,99999,99999,99999,99999,99999,99999,99999,99999,99999,99999,99999,DNS,0
Mike,Meisner,Mike Meisner,381,M55-59,Male,Seaside,OR,United States,US,0:52:32,3:35:15,3:52:24,0:07:33,0:08:18,8:36:01,3152,12915,13944,453,498,30961,99999,99999,99999,99999,99999,99999,99999,99999,99999,99999,99999,99999,Unofficial,0
Tewan,Santitewagun,Tewan Santitewagun,201,M30-34,Male,Bangkok,,Thailand,TH,,,,0:00:00,0:00:00,,0,0,0,0,0,0,99999,99999,99999,99999,99999,99999,99999,99999,99999,99999,99999,99999,DNS,0
Michael,Klose,Michael Klose,24,M60-64,Male,"Cherng Talay, Thalang",,Germany,DE,0:35:36,3:12:14,,0:03:28,0:07:36,,2136,11534,0,208,456,0,99999,99999,99999,99999,99999,99999,99999,99999,99999,99999,99999,99999,DNF,0
Virgilio,Madrazo Jr,Virgilio Madrazo Jr,332,M45-49,Male,Quezon City,,Philippines,PH,0:50:03,4:25:27,,0:10:16,0:10:30,,3003,15927,0,616,630,0,99999,99999,99999,99999,99999,99999,99999,99999,99999,99999,99999,99999,DNF,0
Albert Joseph,Jimenez,Albert Joseph Jimenez,354,M50-54,Male,Ugong,00,Philippines,PH,0:55:21,4:13:21,,0:09:37,0:09:38,,3321,15201,0,577,578,0,99999,99999,99999,99999,99999,99999,99999,99999,99999,99999,99999,99999,DNF,0
Craig,Douglas,Craig Douglas,55,M40-44,Male,Singapore,YT,Philippines,PH,0:29:45,2:50:37,,0:02:36,0:03:23,,1785,10237,0,156,203,0,99999,99999,99999,99999,99999,99999,99999,99999,99999,99999,99999,99999,DNF,0
