FirstName,LastName,FullName,Bib,AgeGroup,Gender,City,State,Country,CountryISO,SwimTime,BikeTime,RunTime,T1Time,T2Time,FinishTime,SwimSeconds,BikeSeconds,RunSeconds,T1Seconds,T2Seconds,FinishSeconds,OverallRank,GenderRank,AgeGroupRank,SwimRankOverall,SwimRankGender,SwimRankGroup,BikeRankOverall,BikeRankGender,BikeRankGroup,RunRankOverall,RunRankGender,RunRankGroup,Status,Points
Andy,Wibowo,Andy Wibowo,1757,M35-39,Male,"Badung, Bali",Bali,Indonesia,ID,0:27:40,2:31:30,1:33:20,,,4:39:39,1660,9090,5600,311,118,16779,1,1,1,1,1,1,1,1,1,1,1,1,Finisher,3500
Giovanni,Bella,Giovanni Bella,1575,M25-29,Male,Milano,Milano,Italy,IT,0:30:17,2:32:36,1:38:28,,,4:48:42,1817,9156,5908,247,194,17322,2,2,1,6,5,2,2,2,1,2,2,1,Finisher,3500
Giulio,Vanni,Giulio Vanni,1576,M25-29,Male,Berlin,BE,Italy,IT,0:33:52,2:42:37,1:33:40,,,4:57:32,2032,9757,5620,283,160,17852,3,3,2,17,12,3,6,6,2,3,3,2,Finisher,3341
Naune Elison,Mejares,Naune Elison Mejares,1588,M30-34,Male,Ocaña,Cebu,Philippines,PH,0:36:27,2:42:57,1:34:42,,,5:00:09,2187,9777,5682,233,130,18009,4,4,1,32,24,3,9,9,2,4,4,1,Finisher,3500
Brittany,Campbell,Brittany Campbell,1850,F25-29,Female,Coolum Beach,QLD,Australia,AU,0:29:29,2:50:12,1:44:15,,,5:10:48,1769,10212,6255,288,124,18648,5,1,1,3,1,1,11,1,1,5,1,1,Finisher,3500
Toan,Tran,Toan Tran,1586,M30-34,Male,Klongton Nuea,Bangkok,Vietnam,VN,0:37:20,2:37:12,1:48:21,,,5:12:10,2240,9432,6501,382,175,18730,6,5,2,40,31,5,5,5,1,6,5,2,Finisher,3283
Pankaj,Ravalu,Pankaj Ravalu,1553,M18-24,Male,Kolhapur,Maharashtra,India,IN,0:37:07,2:45:30,1:43:22,,,5:15:20,2227,9930,6202,399,162,18920,7,6,1,36,28,2,17,16,3,7,6,1,Finisher,3500
Walton,Claire,Walton Claire,1851,F30-34,Female,Wirral,Merseyside,United Kingdom,GB,0:33:45,2:56:55,1:36:21,,,5:15:22,2025,10615,5781,341,160,18922,8,2,1,16,5,1,27,3,1,8,2,1,Finisher,3500
Ralph Francistino,Arche,Ralph Francistino Arche,1761,M35-39,Male,Cebu City,PH-CEB,Philippines,PH,0:31:19,2:52:00,1:43:33,,,5:15:41,1879,10320,6213,272,257,18941,9,7,2,8,7,3,15,14,3,9,7,2,Finisher,2851
Guido,Klingbeil,Guido Klingbeil,1683,M40-44,Male,1919-1 TanchaOnna-son,Okinawa,Germany,DE,0:36:06,2:34:55,1:57:50,,,5:16:06,2166,9295,7070,283,152,18966,10,8,1,28,21,3,3,3,1,10,8,1,Finisher,3500
Simon,Jones,Simon Jones,1628,M35-39,Male,Doha,Doha,Qatar,QA,0:31:56,2:52:42,1:43:01,,,5:17:30,1916,10362,6181,359,232,19050,11,9,3,10,9,4,19,18,4,11,9,3,Finisher,2818
Chiquito,Obeso Jr,Chiquito Obeso Jr,1559,M18-24,Male,Cebu City,PH-CEB,Philippines,PH,0:37:19,2:39:42,1:54:48,,,5:19:29,2239,9582,6888,322,138,19169,12,10,2,38,30,4,8,8,1,12,10,2,Finisher,3425
Vicente Luis,Catalan Bernia,Vicente Luis Catalan Bernia,1700,M45-49,Male,Valencia,,Spain,ES,0:39:49,2:54:00,1:38:52,,,5:20:24,2389,10440,5932,320,143,19224,13,11,1,55,44,2,37,33,4,13,11,1,Finisher,3500
Koji,Muroya,Koji Muroya,1733,M55-59,Male,Aoyama 7 chomeOtsu,,Japan,JP,0:32:20,2:52:13,1:47:25,,,5:21:21,1940,10333,6445,340,223,19281,14,12,1,13,10,1,18,17,3,14,12,1,Finisher,3500
Neil Adrian,Aynera,Neil Adrian Aynera,1556,M18-24,Male,Quezon City,Metro Manila,Philippines,PH,0:28:51,2:50:49,1:55:42,,,5:21:38,1731,10249,6942,257,119,19298,15,13,3,2,2,1,10,10,2,15,13,3,Finisher,3386
Inge,Prasetyo,Inge Prasetyo,1846,F35-39,Female,"Srisontoon, Thalang",Phuket,Indonesia,ID,0:32:01,2:54:27,1:47:44,,,5:22:00,1921,10467,6464,276,192,19320,16,3,1,11,2,1,20,2,1,16,3,1,Finisher,3500
WAN,GE,WAN GE,1769,M30-34,Male,重庆市,重庆市,China,CN,0:34:01,3:06:43,1:37:50,,,5:24:30,2041,11203,5870,208,148,19470,17,14,3,21,15,2,48,43,7,17,14,3,Finisher,3061
Lance,Watson,Lance Watson,1900,M50-54,Male,VICTORIA,BC,Canada,CA,0:29:37,2:44:21,2:03:31,,,5:24:46,1777,9861,7411,296,141,19486,18,15,1,4,3,1,4,4,1,18,15,1,Finisher,3500
Michael,Rice,Michael Rice,1710,M45-49,Male,Kunitachi,Tokyo,Japan,JP,0:40:15,2:37:56,1:49:50,,,5:25:10,2415,9476,6590,477,552,19510,19,16,2,65,52,5,12,11,1,19,16,2,Finisher,3414
Frank,Hesse,Frank Hesse,1713,M45-49,Male,PETALING JAYA,Selangor,France,FR,0:40:14,2:46:18,1:51:23,,,5:25:57,2414,9978,6683,332,150,19557,20,17,3,64,51,4,21,19,2,20,17,3,Finisher,3400
Frank,Mathews,Frank Mathews,1697,M45-49,Male,Mirdif,DXB,South Africa,ZA,0:31:42,3:01:57,1:44:19,,,5:27:13,1902,10917,6259,341,214,19633,21,18,4,9,8,1,38,34,5,21,18,4,Finisher,3377
Keith,Peralta,Keith Peralta,1694,M40-44,Male,St. Joseph San Juan City,Metro Manila,Philippines,PH,0:34:18,2:54:33,1:50:11,,,5:27:28,2058,10473,6611,322,184,19648,22,19,2,22,16,2,25,23,2,22,19,2,Finisher,3295
Jefrey,Codino,Jefrey Codino,1663,M40-44,Male,Cebu City,NY,Philippines,PH,0:42:29,2:48:50,1:48:14,,,5:27:43,2549,10130,6494,314,176,19663,23,20,3,94,77,11,29,26,4,23,20,3,Finisher,3290
Andrei,Sajulga,Andrei Sajulga,1551,M18-24,Male,Malaybalay,PH-BUK,Philippines,PH,0:37:10,2:49:32,1:52:51,,,5:27:45,2230,10172,6771,335,157,19665,24,21,4,37,29,3,23,21,4,24,21,4,Finisher,3276
Rakesh,Oberoi,Rakesh Oberoi,1785,M45-49,Male,,,Singapore,SG,0:39:52,2:48:00,1:49:49,,,5:27:47,2392,10080,6589,375,231,19667,25,22,5,58,46,3,24,22,3,25,22,5,Finisher,3367
Dmitrii,Abramov,Dmitrii Abramov,1754,M40-44,Male,Moscow,Moscow ,Russia,RU,0:40:23,2:50:51,1:50:04,,,5:29:38,2423,10251,6604,286,214,19778,26,23,4,69,55,8,26,24,3,26,23,4,Finisher,3256
Michael Raymond,Amistoso,Michael Raymond Amistoso,1613,M35-39,Male,Sucat Muntinlupa,Metro Manila,Philippines,PH,0:42:22,2:53:11,1:47:23,,,5:30:44,2542,10391,6443,323,145,19844,27,24,4,93,76,17,41,37,5,27,24,4,Finisher,2580
Anna,Willett,Anna Willett,1833,F45-49,Female,Kuala Lumpur,,Australia,AU,0:33:58,2:59:12,1:50:27,,,5:31:18,2038,10752,6627,351,110,19878,28,4,1,19,6,1,35,4,1,28,4,1,Finisher,3500
Pierce Aeron,Tan,Pierce Aeron Tan,1554,M18-24,Male,Paco,Manila / Metro Manila,Philippines,PH,0:38:34,2:55:44,1:49:36,,,5:31:54,2314,10544,6576,290,190,19914,29,25,5,48,38,5,36,32,6,29,25,5,Finisher,3201
Denis,Mahot,Denis Mahot,1730,M55-59,Male,Trainel,GRAND-EST,France,FR,0:33:54,2:48:36,1:59:06,,,5:32:20,2034,10116,7146,393,251,19940,30,26,2,18,13,2,16,15,2,30,26,2,Finisher,3302
Rune,Stroem,Rune Stroem,1780,M55-59,Male,"Valle Verde I, Pasig",Metro Manila,Norway,NO,0:35:48,2:44:39,2:04:02,,,5:34:17,2148,9879,7442,369,219,20057,31,27,3,26,19,3,13,12,1,31,27,3,Finisher,3267
Thomas,Joyce,Thomas Joyce,1602,M30-34,Male,,,United Kingdom,GB,0:42:07,2:48:18,1:55:51,,,5:35:40,2527,10098,6951,363,201,20140,32,28,4,88,72,13,28,25,4,32,28,4,Finisher,2860
James,Folino,James Folino,1773,M35-39,Male,surfers paradise,QLD,Australia,AU,0:36:37,3:03:17,1:47:56,,,5:36:47,2197,10997,6476,379,158,20207,33,29,5,33,25,9,51,46,8,33,29,5,Finisher,2471
Adrian,Ocampo,Adrian Ocampo,1676,M40-44,Male,Pasig City,National Capital Region,Philippines,PH,0:43:08,2:52:13,1:47:55,,,5:39:07,2588,10333,6475,690,261,20347,34,30,5,100,83,13,54,48,8,34,30,5,Finisher,3085
Ray Lester,Bajado,Ray Lester Bajado,1568,M25-29,Male,Tagum city,PH-DAS,Philippines,PH,0:41:22,2:48:53,2:00:06,,,5:39:21,2482,10133,7206,396,144,20361,35,31,3,80,65,9,30,27,4,35,31,3,Finisher,2588
Jermyn Rogelle,Batario,Jermyn Rogelle Batario,1583,M30-34,Male,Pio del Pilar,Metro Manila,Philippines,PH,0:36:56,2:55:00,1:59:05,,,5:40:03,2216,10500,7145,371,171,20403,36,32,5,34,26,4,33,30,5,36,32,5,Finisher,2781
Prince Dann,Allanigue,Prince Dann Allanigue,1592,M30-34,Male,"Sta Ana, Manila",METRO MANILA,Philippines,PH,0:40:47,2:51:37,2:00:25,,,5:42:04,2447,10297,7225,375,180,20524,37,33,6,74,59,11,34,31,6,37,33,6,Finisher,2745
Sarah,Economides,Sarah Economides,1729,M55-59,Female,Dubai,Dubai,United Kingdom,GB,0:41:29,2:49:17,2:02:39,,,5:43:29,2489,10157,7359,397,207,20609,38,34,4,83,67,5,31,28,4,38,34,4,Finisher,3101
Luke,Herbst,Luke Herbst,1561,M25-29,Male,Ho Chi Minh City,No State,South Africa,ZA,0:29:52,3:07:30,1:57:44,,,5:43:46,1792,11250,7064,337,183,20626,39,35,4,5,4,1,46,41,6,39,35,4,Finisher,2508
Daniel,Horton,Daniel Horton,1629,M35-39,Male,Feilding,MWT,New Zealand,NZ,0:38:18,2:37:05,2:20:47,,,5:44:54,2298,9425,8447,398,126,20694,40,36,6,45,36,12,7,7,2,40,36,6,Finisher,2325
Richard,Santiago,Richard Santiago,1786,M45-49,Male,"Mayamot, Antipolo",Rizal,Philippines,PH,0:42:21,2:58:30,1:56:04,,,5:45:35,2541,10710,6964,351,169,20735,41,37,6,92,75,8,52,47,7,41,37,6,Finisher,3046
Federico,Ibañez,Federico Ibañez,1595,M30-34,Male,Barcelona,,Argentina,AR,0:33:37,2:48:57,2:16:25,,,5:46:34,2017,10137,8185,307,148,20794,42,38,7,15,11,1,14,13,3,42,38,7,Finisher,2664
Donikko,Fernan,Donikko Fernan,1563,M25-29,Male,Muntinlupa,Laguna,Philippines,PH,0:42:33,2:56:54,2:01:36,,,5:48:57,2553,10614,7296,342,132,20937,43,39,5,95,78,11,49,44,7,43,39,5,Finisher,2415
Geron,Guanlao,Geron Guanlao,1742,M40-44,Male,Angeles City,Pampanga,Philippines,PH,0:46:22,2:47:57,2:04:32,,,5:49:26,2782,10077,7472,415,220,20966,44,40,6,145,123,24,43,38,7,44,40,6,Finisher,2900
Stephen,Willett,Stephen Willett,1705,M45-49,Male,Gundaroo,NSW,Australia,AU,0:43:50,2:55:30,2:00:46,,,5:49:55,2630,10530,7246,395,194,20995,45,41,7,113,93,12,50,45,6,45,41,7,Finisher,2968
Victor,Garcia,Victor Garcia,1759,M40-44,Male,San Antonio,TX,United States,US,0:33:59,2:59:53,2:07:55,,,5:51:03,2039,10793,7675,352,204,21063,46,42,7,20,14,1,39,35,5,46,42,7,Finisher,2870
Andy,Ellmers,Andy Ellmers,1632,M35-39,Male,Kaiapoi,CAN,New Zealand,NZ,0:40:11,2:56:42,2:03:07,,,5:51:05,2411,10602,7387,397,268,21065,47,43,7,62,49,15,47,42,7,47,43,7,Finisher,2214
Rey Jr.,Chan,Rey Jr. Chan,1558,M18-24,Male,BARANGAY SOUTH,TAGUM CITY,Philippines,PH,0:40:58,2:50:23,2:11:18,,,5:51:33,2458,10223,7878,362,172,21093,48,44,6,76,61,7,31,28,5,48,44,6,Finisher,2848
Julien Charles,Valencia,Julien Charles Valencia,1587,M30-34,Male,Batis,San juan city,Philippines,PH,0:48:32,3:01:28,1:52:31,,,5:52:31,2912,10888,6751,410,190,21151,49,45,8,170,141,23,77,68,13,49,45,8,Finisher,2557
Andrea,Villanueva,Andrea Villanueva,1803,F25-29,,Imus,Cavite,Philippines,PH,0:32:11,3:09:54,2:04:22,,,5:53:57,1931,11394,7462,317,133,21237,50,5,2,12,3,2,55,7,2,50,5,2,Finisher,2723
Reymond Kelvin,Dula,Reymond Kelvin Dula,1638,M35-39,Male,Dubai,DXB,Philippines,PH,0:35:00,3:00:38,2:09:04,,,5:55:22,2100,10838,7744,374,266,21322,51,46,8,24,17,5,44,39,6,51,46,8,Finisher,2137
Carlo,Suanes,Carlo Suanes,1660,M40-44,Male,United Arab Emirates,Sharjah,Philippines,PH,0:39:58,2:53:24,2:11:24,,,5:55:26,2398,10404,7884,423,217,21326,52,47,8,59,47,7,40,36,6,52,47,8,Finisher,2792
Paul,Espinosa,Paul Espinosa,1743,M35-39,Male,Whittier,CA,United States,US,0:37:57,3:10:13,1:54:31,,,5:55:42,2277,11413,6871,553,228,21342,53,48,9,43,34,11,78,69,14,53,48,9,Finisher,2131
Viet,Tran,Viet Tran,1778,M30-34,Male,Ho Chi Minh,HCMC,Vietnam,VN,0:49:13,3:05:34,1:51:48,,,5:56:20,2953,11134,6708,438,147,21380,54,49,9,175,146,25,89,79,15,54,49,9,Finisher,2488
Bernard Brian,Pingol,Bernard Brian Pingol,1635,M35-39,Male,doha,Intl State,Philippines,PH,0:38:58,3:12:38,1:57:33,,,5:59:13,2338,11558,7053,401,203,21553,55,50,10,49,39,13,81,71,16,55,50,10,Finisher,2067
Gene Arvin,Magampon,Gene Arvin Magampon,1584,M30-34,Male,"SAN JUAN, ALAMINOS",LAGUNA,Philippines,PH,0:38:26,3:06:54,2:03:55,,,5:59:13,2306,11214,7435,455,143,21553,55,50,10,46,37,7,64,57,10,55,50,10,Finisher,2436
Hubert,Odendhal,Hubert Odendhal,1585,M30-34,Male,,,France,FR,0:41:39,3:19:11,1:47:01,,,6:00:09,2499,11951,6421,428,310,21609,57,52,11,85,69,12,108,97,17,57,52,11,Finisher,2420
Jan Dennis,Borbolla,Jan Dennis Borbolla,1567,M25-29,Male,Penaranda,,Philippines,PH,0:45:26,3:12:46,1:54:32,,,6:00:55,2726,11566,6872,352,139,21655,58,53,6,131,109,16,99,89,12,58,53,6,Finisher,2200
Carly,Relf,Carly Relf,1844,F40-44,Female,makati,manila,United Kingdom,GB,0:36:25,3:11:37,2:05:09,,,6:01:46,2185,11497,7509,368,147,21706,59,6,1,30,8,1,66,8,1,59,6,1,Finisher,3500
Alex,Oviedo,Alex Oviedo,1735,M55-59,Male,Camarillo,CA,Chile,CL,0:40:34,3:10:10,2:03:00,,,6:02:31,2434,11410,7380,331,196,21751,60,54,5,71,56,4,75,66,5,60,54,5,Finisher,2759
Laura,Rossetti,Laura Rossetti,1855,F60-64,Female,Atlanta,GA,United States,US,0:34:26,2:59:22,2:17:45,,,6:03:01,2066,10762,8265,437,251,21781,61,7,1,23,7,1,42,5,1,61,7,1,Finisher,3500
Nelson,Ng,Nelson Ng,1726,M50-54,Male,,,Singapore,SG,0:53:09,3:09:51,1:51:39,,,6:03:13,3189,11391,6699,319,195,21793,62,55,2,197,161,6,109,98,3,62,55,2,Finisher,2807
Chadwick,Tsai,Chadwick Tsai,1564,M25-29,Male,Brgy Manresa,PH-00,Philippines,PH,0:40:46,3:06:51,2:05:53,,,6:03:13,2446,11211,7553,397,186,21793,62,55,7,73,58,7,67,59,9,62,55,7,Finisher,2158
Luis,Pereira,Luis Pereira,1642,M35-39,Male,Esposende,Esposende,Portugal,PT,0:44:50,3:09:32,1:58:31,,,6:03:26,2690,11372,7111,458,175,21806,64,57,11,128,106,22,88,78,19,64,57,11,Finisher,1991
Arnold,Gimoto,Arnold Gimoto,1718,M45-49,Male,Barrigada,GU,Guam,GU,0:46:47,3:06:43,1:58:55,,,6:05:14,2807,11203,7135,601,168,21914,65,58,8,150,127,15,95,85,11,65,58,8,Finisher,2693
Eric,Tan,Eric Tan,1670,M40-44,Male,Pasig City,Metro Manila,Philippines,PH,0:39:50,3:08:18,2:05:26,,,6:05:31,2390,11298,7526,445,272,21931,66,59,9,56,45,6,71,62,10,66,59,9,Finisher,2610
Eleazar,Gumela,Eleazar Gumela,1577,M25-29,Male,East,Tagum City,Philippines,PH,0:38:11,2:49:45,2:28:11,,,6:06:25,2291,10185,8891,260,358,21985,67,60,8,44,35,4,22,20,3,67,60,8,Finisher,2101
Wim,Verstraeten,Wim Verstraeten,1706,M45-49,Male,arenas,MALAGA,Belgium,BE,0:40:20,3:03:11,2:12:57,,,6:06:28,2420,10991,7977,401,199,21988,68,61,9,68,54,6,58,51,8,68,61,9,Finisher,2670
Harry,Daquep,Harry Daquep,1650,M35-39,Male,Poblacion san vicente,Ilocos sur,Philippines,PH,0:44:08,3:00:01,2:12:58,,,6:07:14,2648,10801,7978,398,209,22034,69,62,12,117,96,19,60,53,10,69,62,12,Finisher,1923
Janine,Campbell,Janine Campbell,1853,F50-54,Female,Ascot Vale,VIC,Australia,AU,0:32:21,3:08:14,2:16:35,,,6:07:41,1941,11294,8195,369,262,22061,70,8,1,14,4,1,53,6,1,70,8,1,Finisher,3500
Segal,Le Hegarat,Segal Le Hegarat,1664,M40-44,Male,Cesson sevigne,,France,FR,0:43:13,3:00:56,2:15:34,,,6:07:57,2593,10856,8134,335,159,22077,71,63,10,101,84,14,56,49,9,71,63,10,Finisher,2566
Shane,Davis,Shane Davis,1677,M40-44,Male,Brunswick East,VIC,Australia,AU,0:41:32,3:07:18,2:08:33,,,6:09:07,2492,11238,7713,435,269,22147,72,64,11,84,68,10,73,64,11,72,64,11,Finisher,2545
Arvin,Palilio,Arvin Palilio,1589,M30-34,Male,Talavera,Nueva Ecija,Philippines,PH,0:43:46,2:59:12,2:15:47,,,6:09:46,2626,10752,8147,419,242,22186,73,65,12,110,91,17,57,50,8,73,65,12,Finisher,2246
Danilo Miguel,Atienza,Danilo Miguel Atienza,1573,M25-29,Male,"Pallocan West, Batangas City",Batangas,Philippines,PH,0:40:47,3:06:04,2:14:01,,,6:10:16,2447,11164,8041,353,211,22216,74,66,9,74,59,8,63,56,8,74,66,9,Finisher,2031
Leyzander,Rosell,Leyzander Rosell,1572,M25-29,Male,Tagum City,PH-DAV,Philippines,PH,0:40:43,2:55:23,2:25:18,,,6:10:40,2443,10523,8718,353,203,22240,75,67,10,72,57,6,45,40,5,75,67,10,Finisher,2024
Guillaume,Lecomte,Guillaume Lecomte,1631,M35-39,Male,Singapore,Singapore,France,FR,0:36:25,3:08:00,2:18:47,,,6:12:02,2185,11280,8327,355,175,22322,76,68,13,30,23,8,59,52,9,76,68,13,Finisher,1837
Paul,Lagzdins,Paul Lagzdins,1648,M35-39,Male,wesley chapel,FL,United States,US,0:35:36,3:26:30,1:59:55,,,6:12:23,2136,12390,7195,387,235,22343,77,69,14,25,18,6,111,100,23,77,69,14,Finisher,1830
Richard,Rocha,Richard Rocha,1605,M30-34,Male,Tinago,Camarines Sur,Philippines,PH,0:42:08,3:03:52,2:13:49,,,6:12:33,2528,11032,8029,511,253,22353,78,70,13,89,73,14,69,61,12,78,70,13,Finisher,2196
Jonathan,Loma,Jonathan Loma,1750,M25-29,Male,Catalunan grande,Davao city,Philippines,PH,0:42:19,3:05:49,2:12:01,,,6:12:51,2539,11149,7921,503,259,22371,79,71,11,91,74,10,76,67,10,79,71,11,Finisher,1985
Kriska,Sto Domingo,Kriska Sto Domingo,1852,F25-29,Female,Merville Parañaque,Metro Manila,Philippines,PH,0:38:30,3:13:07,2:12:59,,,6:13:33,2310,11587,7979,352,185,22413,80,9,3,47,10,3,79,10,4,80,9,3,Finisher,2370
Bernard Lou Endaya,Sayarot,Bernard Lou Endaya Sayarot,1633,M35-39,Male,Barangay Ugong,Pasig City,Philippines,PH,0:39:10,3:16:40,2:06:35,,,6:14:13,2350,11800,7595,471,237,22453,81,72,15,50,40,14,96,86,20,81,72,15,Finisher,1797
Yoshimi,Fukumoto,Yoshimi Fukumoto,1156,M55-59,Male,kawashimatagotenba city,shizuoka,Japan,JP,0:44:07,3:15:35,2:02:24,,,6:15:14,2647,11735,7344,406,382,22514,82,73,6,116,95,6,104,93,6,82,73,6,Finisher,2530
Louie Cesar,Carpio,Louie Cesar Carpio,1555,M18-24,Male,"Tenejero, Balanga",PH-BAN,Philippines,PH,0:39:59,3:19:19,2:06:35,,,6:15:28,2399,11959,7595,352,223,22528,83,74,7,60,48,6,102,92,8,83,74,7,Finisher,2417
Archie Val,Rubio,Archie Val Rubio,1597,M30-34,Male,BF homes,Paranaque,Philippines,PH,0:43:01,3:03:29,2:17:43,,,6:15:48,2581,11009,8263,425,270,22548,84,75,14,99,82,15,65,58,11,84,75,14,Finisher,2138
Giang,Hoang,Giang Hoang,1579,M30-34,Male,Ho Chi Minh,Ho Chi Minh,Vietnam,VN,0:45:21,3:09:54,2:11:06,,,6:16:31,2721,11394,7866,361,249,22591,85,76,15,130,108,20,84,74,14,85,76,15,Finisher,2125
Tiffany Blanche,Quijada,Tiffany Blanche Quijada,1805,F25-29,Female,Guadalupe,Cebu,Philippines,PH,0:41:23,3:07:17,2:18:22,,,6:16:40,2483,11237,8302,398,180,22600,86,10,4,81,16,6,70,9,3,86,10,4,Finisher,2314
Aljuhn,Davantes,Aljuhn Davantes,1720,M45-49,Male,manila,manila,Philippines,PH,0:54:12,3:01:44,2:11:06,,,6:17:12,3252,10904,7866,418,192,22632,87,77,10,203,167,20,91,81,9,87,77,10,Finisher,2477
裕之,野村,裕之 野村,1724,M50-54,Male,札幌市中央区南13条西,Hokkaido,Japan,JP,0:41:16,3:05:02,2:19:58,,,6:17:23,2476,11102,8398,479,188,22643,88,78,3,79,64,3,68,60,2,88,78,3,Finisher,2552
Chris,Nadeau,Chris Nadeau,1614,M35-39,Male,,,Guam,GU,0:35:50,3:14:16,2:16:53,,,6:18:11,2150,11656,8213,368,304,22691,89,79,16,27,20,7,74,65,13,89,79,16,Finisher,1726
Gilbert,Garcia,Gilbert Garcia,1680,M40-44,Male,Paranaque,NCR,Philippines,PH,0:42:47,3:13:06,2:11:22,,,6:18:54,2567,11586,7882,448,251,22734,90,80,12,98,81,12,93,83,15,90,80,12,Finisher,2369
Carlos Benedict,Santos,Carlos Benedict Santos,1581,M25-29,Male,"Tinajeros, Malabon City",PH-00,Philippines,PH,0:40:18,3:18:18,2:13:12,,,6:19:52,2418,11898,7992,313,171,22792,91,81,12,66,53,5,97,87,11,91,81,12,Finisher,1859
Giorgia,Guidicelli,Giorgia Guidicelli,1806,F25-29,Female,Muntinlupa,Laguna,Philippines,PH,0:39:24,3:20:25,2:10:28,,,6:19:57,2364,12025,7828,393,187,22797,92,11,5,53,11,4,103,11,5,92,11,5,Finisher,2255
Timothy Joseph,Isla,Timothy Joseph Isla,1646,M35-39,Male,Quezon City,Metro Manila,Philippines,PH,0:41:53,3:05:06,2:22:30,,,6:20:01,2513,11106,8550,316,316,22801,93,82,17,87,71,16,61,54,11,93,82,17,Finisher,1693
Cielito,Salazar,Cielito Salazar,1783,M45-49,Male,"Mabayuan, Olongapo",Zambales,Philippines,PH,0:58:51,2:56:06,2:14:35,,,6:21:27,3531,10566,8075,499,216,22887,94,83,11,232,190,27,92,82,10,94,83,11,Finisher,2401
Nick,Tesselaar,Nick Tesselaar,1625,M35-39,Male,Langwarrin South,AU-VIC,Australia,AU,0:46:37,3:04:20,2:20:17,,,6:22:05,2797,11060,8417,436,215,22925,95,84,18,149,126,31,80,70,15,95,84,18,Finisher,1656
Brian Chavez,Brigoli,Brian Chavez Brigoli,1667,M40-44,Male,Cebu,CEB,Philippines,PH,0:48:14,3:06:06,2:14:19,,,6:22:07,2894,11166,8059,507,301,22927,96,85,13,168,139,26,90,80,14,96,85,13,Finisher,2311
Bernard Manuel,Syching,Bernard Manuel Syching,1550,M18-24,Male,Arevalo,Iloilo,Philippines,PH,0:41:27,3:11:47,2:21:24,,,6:23:28,2487,11507,8484,352,178,23008,97,86,8,82,66,8,83,73,7,97,86,8,Finisher,2273
Carlo Paolo,Mallari,Carlo Paolo Mallari,1782,M35-39,Male,West kalayaan,zambales,Philippines,PH,0:43:27,3:18:00,2:12:35,,,6:24:46,2607,11880,7955,413,231,23086,98,87,19,105,87,18,110,99,22,98,87,19,Finisher,1607
Rex,Villaflor,Rex Villaflor,1644,M35-39,Male,Singapore,01,Philippines,PH,0:31:15,3:23:28,2:18:47,,,6:24:57,1875,12208,8327,397,290,23097,99,88,20,7,6,2,85,75,18,99,88,20,Finisher,1604
Glenn,Cabalit,Glenn Cabalit,1682,M40-44,Male,Tagbilaran City,Bohol,Philippines,PH,0:54:38,3:08:48,2:09:31,,,6:25:22,3278,11328,7771,559,186,23122,100,89,14,205,169,34,120,108,19,100,89,14,Finisher,2253
Jose Daniel,Borromeo,Jose Daniel Borromeo,1770,M45-49,Male,Mandaue,Cebu,Philippines,PH,0:44:15,3:16:44,2:10:01,,,6:25:30,2655,11804,7801,525,345,23130,101,90,12,118,97,13,115,104,15,101,90,12,Finisher,2328
Philip Jr,Tan,Philip Jr Tan,1703,M45-49,Male,Tagbilaran City,Bohol,Philippines,PH,0:42:38,3:14:18,2:17:06,,,6:25:31,2558,11658,8226,456,233,23131,102,91,13,97,80,9,100,90,12,102,91,13,Finisher,2327
Joshua Elijah,Ong,Joshua Elijah Ong,1608,M30-34,Male,Baliwag City,PH-BUL,Philippines,PH,0:46:52,3:29:05,1:59:01,,,6:25:57,2812,12545,7141,471,188,23157,103,92,16,153,130,22,142,128,23,103,92,16,Finisher,1955
Liao,Zhihui,Liao Zhihui,1604,M30-34,Male,Dalian,Liaoning,China,CN,0:49:06,3:12:27,2:05:23,,,6:26:34,2946,11547,7523,744,434,23194,104,93,17,174,145,24,121,109,18,104,93,17,Finisher,1944
Chris Lee,Sendjaja,Chris Lee Sendjaja,1591,M30-34,Male,Calgary,AB,Indonesia,ID,0:44:16,2:59:44,2:30:37,,,6:27:06,2656,10784,9037,511,238,23226,105,94,18,119,98,18,62,55,9,105,94,18,Finisher,1934
Indra,Kantawibawa,Indra Kantawibawa,1570,M25-29,Male,"kuta
denpasar","
bali",Indonesia,ID,0:42:36,3:18:52,2:13:24,,,6:27:27,2556,11932,8004,489,266,23247,106,95,13,96,79,12,114,103,13,106,95,13,Finisher,1722
Mark,Gorriceta,Mark Gorriceta,1665,M40-44,Male,Quezon,NCR,Philippines,PH,0:45:40,3:11:56,2:20:55,,,6:28:23,2740,11516,8455,351,241,23303,107,96,15,136,114,21,94,84,16,107,96,15,Finisher,2198
Pilar Angela,Paraiso,Pilar Angela Paraiso,1813,F30-34,Female,"Bonifacio Global City,","Taguig, Metro Manila",Philippines,PH,0:40:27,3:22:31,2:16:06,,,6:29:00,2427,12151,8166,412,184,23340,108,12,2,70,15,2,116,12,2,108,12,2,Finisher,2174
John Carlos,Sevilla,John Carlos Sevilla,1679,M40-44,Male,Pasig City,Metro Manila,Philippines,PH,0:55:40,3:21:18,2:00:47,,,6:29:34,3340,12078,7247,474,235,23374,109,97,16,216,176,36,144,130,23,109,97,16,Finisher,2177
Edna,Agoo,Edna Agoo,1807,F25-29,Female,,NSW,Philippines,PH,0:55:14,3:31:41,1:51:05,,,6:29:50,3314,12701,6665,444,266,23390,110,13,6,214,40,9,177,20,7,110,13,6,Finisher,2077
Gerard Paul,Magampon,Gerard Paul Magampon,1627,M35-39,Male,Alaminos,Laguna,Kuwait,KW,0:48:35,3:02:07,2:27:36,,,6:30:06,2915,10927,8856,477,231,23406,111,98,21,171,142,39,82,72,17,111,98,21,Finisher,1511
Noel Arthur,Cruz,Noel Arthur Cruz,1752,M25-29,Male,Barangay Poblacion 4C,Cavite,Philippines,PH,0:47:15,3:24:24,2:11:11,,,6:30:52,2835,12264,7871,317,165,23452,112,99,14,157,133,17,126,114,14,112,99,14,Finisher,1661
Glenn,Cuenca,Glenn Cuenca,1571,M25-29,Male,Ashburton,CAN,New Zealand,NZ,0:55:12,3:16:00,2:08:24,,,6:30:55,3312,11760,7704,456,223,23455,113,100,15,213,174,19,134,121,15,113,100,15,Finisher,1660
Jossette,Tanghal,Jossette Tanghal,1831,F40-44,Female,Meycauayan,Bulacan,Philippines,PH,0:47:24,3:22:08,2:08:44,,,6:31:00,2844,12128,7724,468,296,23460,114,14,2,158,25,4,128,13,2,114,14,2,Finisher,2973
Masahiro,Sato,Masahiro Sato,1758,M40-44,Male,Setagaya-kuTokyo,Tokyo,Japan,JP,0:43:20,3:25:09,2:09:09,,,6:31:20,2600,12309,7749,467,355,23480,115,101,17,103,85,15,124,112,20,115,101,17,Finisher,2145
Jason Brian,Marquez,Jason Brian Marquez,1695,M45-49,Male,La Trinidad,CORDILLERA ADMINISTRATIVE REGION,Philippines,PH,0:48:48,3:21:30,2:08:36,,,6:31:31,2928,12090,7716,402,355,23491,116,102,14,173,144,17,127,115,16,116,102,14,Finisher,2219
Romeo Lii,Puncia,Romeo Lii Puncia,1594,M30-34,Male,Springfield Gardens,NY,Philippines,PH,0:45:38,3:23:47,2:11:50,,,6:32:07,2738,12227,7910,445,207,23527,117,103,19,135,113,21,125,113,19,117,103,19,Finisher,1844
Toshikazu,Kobayashi,Toshikazu Kobayashi,1766,M60-64,Male,Fukuroi,SHIZUOKA,Japan,JP,0:43:26,3:24:23,2:12:44,,,6:32:33,2606,12263,7964,474,246,23553,118,104,1,104,86,1,123,111,1,118,104,1,Finisher,3500
Jin Ping,Zhao,Jin Ping Zhao,1738,M60-64,Male,大连,辽宁省,China,CN,0:53:52,3:27:08,1:58:25,,,6:33:18,3232,12428,7105,542,291,23598,119,105,2,202,166,3,161,144,2,119,105,2,Finisher,3486
Jared,Remulta,Jared Remulta,1598,M30-34,Male,Cabuyao Laguna,Laguna,Philippines,PH,0:44:17,3:36:06,2:05:32,,,6:33:56,2657,12966,7532,338,143,23636,120,106,20,121,99,19,146,132,24,120,106,20,Finisher,1811
Erick Andrew,Olonan,Erick Andrew Olonan,1622,M35-39,Male,Quezon City,Metro Manila,Philippines,PH,0:46:25,3:16:42,2:19:46,,,6:34:17,2785,11802,8386,453,231,23657,121,107,22,146,124,30,117,105,24,121,107,22,Finisher,1436
Ramon Miguel,Abeleda,Ramon Miguel Abeleda,1582,M30-34,Male,Barangay Ususan,NATIONAL CAPITAL REGION,Philippines,PH,0:37:34,3:21:21,2:23:19,,,6:35:56,2254,12081,8599,513,309,23756,122,108,21,41,32,6,106,95,16,122,108,21,Finisher,1775
Randy,Viacrusis,Randy Viacrusis,1656,M40-44,Male,Philam Homes,,Philippines,PH,0:55:34,3:19:05,2:06:16,,,6:36:42,3334,11945,7576,727,220,23802,123,109,18,215,175,35,149,135,25,123,109,18,Finisher,2049
Efigene,Dumlao,Efigene Dumlao,1804,F25-29,,,,Philippines,PH,0:51:32,3:28:46,2:07:14,,,6:36:44,3092,12526,7634,411,141,23804,124,15,7,189,36,8,152,15,6,124,15,7,Finisher,1953
Duncan,Wilson,Duncan Wilson,1639,M35-39,Male,Christchuch,CAN,Myanmar,MM,0:47:04,3:30:18,2:01:52,,,6:37:00,2824,12618,7312,797,269,23820,125,110,23,156,132,34,163,145,35,125,110,23,Finisher,1387
Marcos,Lontoc,Marcos Lontoc,1655,M35-39,Male,manila,Manila,Philippines,PH,0:47:57,3:35:25,2:00:24,,,6:38:56,2877,12925,7224,638,272,23936,126,111,24,163,137,37,176,157,36,126,111,24,Finisher,1352
Paul Michael,De Guia,Paul Michael De Guia,1647,M35-39,Male,DM Guevara street Highway Hills,Mandaluyong,Philippines,PH,0:44:28,3:18:05,2:23:52,,,6:39:21,2668,11885,8632,509,267,23961,127,112,25,126,104,21,119,107,25,127,112,25,Finisher,1345
Philippides,Cayetano,Philippides Cayetano,1610,M35-39,Male,Balibago,PH-LAG,Philippines,PH,0:44:18,3:16:18,2:28:03,,,6:39:47,2658,11778,8883,412,256,23987,128,113,26,123,101,20,106,95,21,128,113,26,Finisher,1337
Lauren,Lim,Lauren Lim,1802,F25-29,Female,Malabon,National Capital Region,Philippines,PH,0:43:18,3:48:40,1:56:43,,,6:40:02,2598,13720,7003,421,260,24002,129,16,8,102,18,7,190,27,8,129,16,8,Finisher,1893
Emmanuel,Embuscado,Emmanuel Embuscado,1751,M35-39,Male,"Dampulan, Jaen",Nueva Ecija,Philippines,PH,0:46:10,3:24:11,2:17:07,,,6:40:11,2770,12251,8227,473,290,24011,130,114,27,140,118,26,131,118,28,130,114,27,Finisher,1330
Miguel,Vea,Miguel Vea,1640,M35-39,Male,BGC,Taguig,Philippines,PH,0:37:52,3:12:00,2:39:15,,,6:41:04,2272,11520,9555,372,345,24064,131,115,28,42,33,10,72,63,12,131,115,28,Finisher,1314
Jeffrey,Real,Jeffrey Real,1669,M40-44,Male,Tagbilaran City,PH-BOH,Philippines,PH,0:37:04,3:17:15,2:33:48,,,6:41:05,2224,11835,9228,432,346,24065,132,116,19,35,27,4,87,77,13,132,116,19,Finisher,1970
Tirso,Mabulac,Tirso Mabulac,1715,M45-49,Male,Talisay City,Negros Occidental,Philippines,PH,0:54:41,3:29:11,2:02:13,,,6:41:55,3281,12551,7333,548,402,24115,133,117,15,206,170,21,171,152,21,133,117,15,Finisher,2032
Jodel,Elcano,Jodel Elcano,1619,M35-39,Male,Berlin,BERLIN,Philippines,PH,0:46:21,3:34:46,2:07:59,,,6:42:34,2781,12886,7679,421,387,24154,134,118,29,144,122,29,157,142,33,134,118,29,Finisher,1287
Romy,Naciongayo,Romy Naciongayo,1637,M35-39,Male,Pagadian,zamboanga del sur,Philippines,PH,0:46:47,3:24:26,2:20:13,,,6:42:53,2807,12266,8413,476,211,24173,135,119,30,150,127,32,135,122,29,135,119,30,Finisher,1281
Xerxes Anthony,Delgado,Xerxes Anthony Delgado,1630,M35-39,Male,Pasig City,METRO MANILA,Philippines,PH,0:47:50,3:21:30,2:20:52,,,6:43:26,2870,12090,8452,528,266,24206,136,120,31,162,136,36,130,117,27,136,120,31,Finisher,1271
Terry,Loo,Terry Loo,1714,M45-49,Male,,,Singapore,SG,0:44:17,3:17:39,2:27:02,,,6:43:38,2657,11859,8822,446,434,24218,137,121,16,121,99,14,113,102,14,137,121,16,Finisher,2001
Geovani,Lapina,Geovani Lapina,1624,M35-39,Male,Don Bosco,Paranaque City,Philippines,PH,0:48:20,3:32:10,2:12:28,,,6:45:45,2900,12730,7948,545,222,24345,138,122,32,169,140,38,160,143,34,138,122,32,Finisher,1230
Resty,Dela Cruz,Resty Dela Cruz,1652,M35-39,Male,Tikay,Malolos city,Philippines,PH,0:47:43,3:29:49,2:15:01,,,6:46:51,2863,12589,8101,584,274,24411,139,123,33,161,135,35,153,138,32,139,123,33,Finisher,1210
Zowel Wilmer,Unciano,Zowel Wilmer Unciano,1666,M40-44,Male,Gosi Sur/Tuguegarao City,Cagayan,Philippines,PH,0:44:25,3:17:27,2:31:47,,,6:46:55,2665,11847,9107,531,265,24415,140,124,20,125,103,18,118,106,18,140,124,20,Finisher,1865
Mario Hansel,Linao,Mario Hansel Linao,1596,M30-34,Male,SAN ISIDRO,METRO MANILA,Philippines,PH,0:52:16,3:30:00,2:09:33,,,6:47:29,3136,12600,7773,668,272,24449,141,125,22,194,158,28,172,153,27,141,125,22,Finisher,1568
Lloyd,Galicia,Lloyd Galicia,1636,M35-39,Male,Manila,Manila,Philippines,PH,0:51:02,3:39:04,2:00:10,,,6:48:06,3062,13144,7210,757,313,24486,142,126,34,185,152,42,197,167,40,142,126,34,Finisher,1187
Rogelio Jr,Roy,Rogelio Jr Roy,1709,M45-49,Male,OLONGAPO,ZAMBALES,Philippines,PH,0:48:02,3:22:10,2:27:55,,,6:49:36,2882,12130,8875,466,223,24576,143,127,17,164,138,16,129,116,17,143,127,17,Finisher,1894
Andresito,Aguila,Andresito Aguila,1723,M50-54,Male,Makati City,Metro Manila,Philippines,PH,0:36:19,3:23:37,2:37:08,,,6:50:04,2179,12217,9428,520,260,24604,144,128,4,29,22,2,112,101,4,144,128,4,Finisher,1964
Bombolini,Bacani,Bombolini Bacani,1698,M45-49,Male,Binan,Laguna,Philippines,PH,0:43:43,3:24:48,2:28:04,,,6:50:56,2623,12288,8884,603,258,24656,145,129,18,109,90,10,133,120,18,145,129,18,Finisher,1870
Alexander,Reynolds,Alexander Reynolds,1599,M30-34,Male,Carmen,"Cagayan de Oro, Mindanao",United Kingdom,GB,0:39:19,3:55:16,2:06:10,,,6:51:39,2359,14116,7570,489,165,24699,146,130,23,52,42,8,198,168,29,146,130,23,Finisher,1493
John Bill,Benedicto,John Bill Benedicto,1755,M30-34,Male,Lourdes,Metro Manila,Philippines,PH,0:51:35,3:33:17,2:14:57,,,6:51:58,3095,12797,8097,406,323,24718,147,131,24,190,154,26,167,148,26,147,131,24,Finisher,1487
Kent Patrick,Young,Kent Patrick Young,1612,M35-39,Male,Buhangin,Davao City,Philippines,PH,0:46:06,3:47:10,2:07:11,,,6:52:19,2766,13630,7631,476,236,24739,148,132,35,139,117,25,195,166,39,148,132,35,Finisher,1112
Francis Eric,Te,Francis Eric Te,1626,M35-39,Male,gapan,nueva ecija,Philippines,PH,1:04:59,3:02:33,2:31:30,,,6:52:23,3899,10953,9090,443,358,24743,149,133,36,241,198,49,122,110,26,149,133,36,Finisher,1110
Chilun,Leung,Chilun Leung,1687,M40-44,Male,General Santos City,South Cotabato,Philippines,PH,0:45:30,3:33:37,2:20:41,,,6:53:52,2730,12817,8441,512,332,24832,150,134,21,134,112,20,154,139,26,150,134,21,Finisher,1740
Angela,Aguilo,Angela Aguilo,1809,F30-34,Female,Manama,Saar,Philippines,PH,0:43:40,3:37:49,2:21:31,,,6:54:10,2620,13069,8491,460,210,24850,151,17,3,108,19,4,158,16,3,151,17,3,Finisher,1721
Mary Jane,Durkin,Mary Jane Durkin,1843,F50-54,Female,Taguig,Metro Manila,New Zealand,NZ,0:37:19,3:37:36,2:30:12,,,6:54:58,2239,13056,9012,376,215,24898,152,18,2,38,9,2,140,14,2,152,18,2,Finisher,2648
Jerome,Golez,Jerome Golez,1607,M30-34,Male,Western bicutan,Taguig,Philippines,PH,0:39:45,3:43:27,2:21:00,,,6:55:58,2385,13407,8460,461,245,24958,153,135,25,54,43,9,164,146,25,153,135,25,Finisher,1415
Kristine,Golez,Kristine Golez,1821,F35-39,Female,Western bicutan,Taguig,Philippines,PH,0:39:51,3:41:26,2:22:43,,,6:56:04,2391,13286,8563,474,250,24964,154,19,2,57,12,2,159,17,2,154,19,2,Finisher,1806
Mylene,Garcia,Mylene Garcia,1837,F45-49,Female,DEDEDO,GU,Guam,GU,0:55:52,3:31:28,2:14:08,,,6:56:06,3352,12688,8048,594,284,24966,155,20,2,217,41,4,182,23,2,155,20,2,Finisher,1973
Deogracias Iv,De La Paz,Deogracias Iv De La Paz,1747,M40-44,Male,Forbes,NCR,Philippines,PH,0:46:31,3:33:44,2:24:04,,,6:57:57,2791,12824,8644,456,362,25077,156,136,22,148,125,25,156,141,27,156,136,22,Finisher,1666
Jomick,Lumawig,Jomick Lumawig,1690,M40-44,Male,Kapitolyo,"PASIG, METRO MANILA",Philippines,PH,0:51:49,3:19:10,2:34:33,,,6:58:11,3109,11950,9273,448,311,25091,157,137,23,192,156,30,132,119,21,157,137,23,Finisher,1662
Joselito,Aliwalas,Joselito Aliwalas,1722,M50-54,Male,Mecauayan,Bulacan,Philippines,PH,0:48:46,3:24:15,2:32:33,,,6:58:23,2926,12255,9153,487,282,25103,158,138,5,172,143,4,139,126,5,158,138,5,Finisher,1814
Edward Patrick,Hao,Edward Patrick Hao,1618,M35-39,Male,Old Balara,Metro Manila,Philippines,PH,0:45:28,3:24:31,2:36:16,,,7:01:11,2728,12271,9376,637,259,25271,159,139,37,132,110,23,138,125,30,159,139,37,Finisher,952
Elisar Chase,Manuel,Elisar Chase Manuel,1580,M25-29,Male,New Kababae,Olongapo City,Philippines,PH,0:57:36,3:19:30,2:30:15,,,7:01:30,3456,11970,9015,633,216,25290,160,140,16,225,183,21,154,139,18,160,140,16,Finisher,1109
Ralph Jerome,Madriaga,Ralph Jerome Madriaga,1600,M30-34,Male,Manila,NCR,Philippines,PH,0:53:38,3:18:35,2:39:18,,,7:02:34,3218,11915,9558,480,183,25354,161,141,26,200,164,29,136,123,20,161,141,26,Finisher,1296
Dennis,Respecki,Dennis Respecki,1838,F45-49,Male,Taguig,,United States,US,0:40:18,3:52:13,2:18:38,,,7:02:36,2418,13933,8318,417,270,25356,162,21,3,66,14,2,193,29,3,162,21,3,Finisher,1856
Naira,Miranda,Naira Miranda,1817,F35-39,Female,BGC,Manila,Philippines,PH,0:51:11,3:31:41,2:26:04,,,7:02:37,3071,12701,8764,486,335,25357,163,22,3,186,34,6,165,19,4,163,22,3,Finisher,1688
Joemari,Polo,Joemari Polo,1749,M40-44,Male,Tagbilaran City,PH-BOH,Philippines,PH,0:50:17,3:37:28,2:22:10,,,7:03:04,3017,13048,8530,507,282,25384,164,142,24,183,151,28,180,159,30,164,142,24,Finisher,1574
Maria Ivy,Kyono,Maria Ivy Kyono,1823,F40-44,Female,"Banilad, Cebu City",Cebu,Philippines,PH,0:44:16,3:43:22,2:21:59,,,7:03:56,2656,13402,8519,638,221,25436,165,23,3,119,22,2,187,25,5,165,23,3,Finisher,2381
Sean Philip,Alexander,Sean Philip Alexander,1760,M45-49,Male,Eugene,OR,Hong Kong,HK,0:41:49,3:34:54,2:31:51,,,7:04:14,2509,12894,9111,566,374,25454,166,143,19,86,70,7,148,134,19,166,143,19,Finisher,1631
Argee Grexa,Hizon,Argee Grexa Hizon,1845,F30-34,Female,Paranaque City,Metro Manila,Philippines,PH,0:48:07,3:42:31,2:22:46,,,7:04:36,2887,13351,8566,434,238,25476,167,24,4,165,27,7,186,24,4,167,24,4,Finisher,1533
JANSSEN JAMES,MORADOS,JANSSEN JAMES MORADOS,1768,M40-44,Male,Binan,PH-LAG,Philippines,PH,0:39:16,3:14:36,2:57:02,,,7:04:38,2356,11676,10622,458,366,25478,168,144,25,51,41,5,86,76,12,168,144,25,Finisher,1546
Carlene,Ocampo,Carlene Ocampo,1818,F35-39,Female,Brgy Kaunlaran,Quezon City,Philippines,PH,0:43:59,3:38:57,2:30:26,,,7:04:39,2639,13137,9026,448,229,25479,169,25,4,115,21,3,162,18,3,169,25,4,Finisher,1652
Leopoldo Jun,Garcia Jr,Leopoldo Jun Garcia Jr,1659,M40-44,Male,Valenzuela City,,Philippines,PH,0:57:37,3:29:55,2:22:27,,,7:05:33,3457,12595,8547,596,338,25533,170,145,26,227,185,38,183,160,31,170,145,26,Finisher,1529
Emerson,Ortiz,Emerson Ortiz,1692,M40-44,Male,Brgy Soledad Sta Rosa,Nueva Ecija,Philippines,PH,0:45:47,3:39:01,2:27:55,,,7:05:43,2747,13141,8875,541,239,25543,171,146,27,137,115,22,175,156,29,171,146,27,Finisher,1526
Maria Cecilia,Nicolas,Maria Cecilia Nicolas,1830,F40-44,Female,Malanday,Marikina City,Philippines,PH,0:47:01,3:41:13,2:24:14,,,7:06:07,2821,13273,8654,499,320,25567,172,26,4,155,24,3,181,22,4,172,26,4,Finisher,2341
Eileen,Bravante,Eileen Bravante,1824,F40-44,Female,Sta. Cruz,Antipolo City,Philippines,PH,0:47:37,3:39:43,2:28:33,,,7:08:52,2857,13183,8913,495,284,25732,173,27,5,159,26,5,179,21,3,173,27,5,Finisher,2292
Maximo,Rueda,Maximo Rueda,1606,M30-34,Male,Calamba,Intl State,Philippines,PH,0:40:12,3:31:11,2:43:47,,,7:10:24,2412,12671,9827,677,237,25824,174,147,27,63,50,10,141,127,22,174,147,27,Finisher,1155
Ronald,Rivera,Ronald Rivera,1674,M40-44,Male,General santos city,south cotabato,Philippines,PH,0:43:37,3:12:25,3:00:27,,,7:10:52,2617,11545,10827,479,384,25852,175,148,28,107,89,16,98,88,17,175,148,28,Finisher,1434
Fabiola Rodriguez,De Aja,Fabiola Rodriguez De Aja,1841,F30-34,Female,Kuala Lumpur,Kuala Lumpur,Mexico,MX,0:46:26,3:48:15,2:21:15,,,7:11:05,2786,13695,8475,591,318,25865,176,28,5,147,23,6,203,31,6,176,28,5,Finisher,1417
John Ervin,Cataneo,John Ervin Cataneo,1565,M25-29,Male,Inchican,Silang Cavite,Philippines,PH,0:54:43,3:28:45,2:31:43,,,7:11:10,3283,12525,9103,614,345,25870,177,149,17,207,171,18,174,155,20,177,149,17,Finisher,935
Diane,Castillo,Diane Castillo,1854,F30-34,Female,East Canumay,Valenzuela City,Philippines,PH,0:43:49,3:48:39,2:28:08,,,7:11:47,2629,13719,8888,397,274,25907,178,29,6,112,20,5,192,28,5,178,29,6,Finisher,1404
Ericley Louise,Lazaro,Ericley Louise Lazaro,1678,M40-44,Male,Ugac Sur,Tuguegarao City,Philippines,PH,0:57:54,3:19:28,2:43:34,,,7:12:08,3474,11968,9814,400,272,25928,179,150,29,229,187,39,143,129,22,179,150,29,Finisher,1411
Richard,Navo,Richard Navo,1762,M40-44,Male,Cavite,Cavite city,Philippines,PH,0:51:15,3:43:40,2:22:17,,,7:12:27,3075,13420,8537,616,299,25947,180,151,30,187,153,29,207,175,35,180,151,30,Finisher,1405
Angelito,Santos,Angelito Santos,1711,M45-49,Male,hulo,mandaluyong city,Philippines,PH,0:53:50,3:28:53,2:34:03,,,7:13:03,3230,12533,9243,586,391,25983,181,152,20,201,165,19,169,150,20,181,152,20,Finisher,1472
Robert,Crespo,Robert Crespo,1776,M45-49,Male,Taguig,Manila,Philippines,PH,0:43:46,3:14:03,3:01:23,,,7:14:11,2626,11643,10883,537,362,26051,182,153,21,110,91,11,105,94,13,182,153,21,Finisher,1451
Emerson,Pejo,Emerson Pejo,1691,M40-44,Male,"Magtaking, San Carlos City",Pangasinan,Philippines,PH,0:41:10,3:42:10,2:37:18,,,7:14:45,2470,13330,9438,579,268,26085,183,154,31,77,62,9,170,151,28,183,154,31,Finisher,1364
Michael Bryan,Briones,Michael Bryan Briones,1746,M30-34,Male,Barangay Poblacion,Davao del Norte,Philippines,PH,0:43:28,3:30:22,2:51:29,,,7:15:01,2608,12622,10289,397,185,26101,184,155,28,106,88,16,137,124,21,184,155,28,Finisher,1072
Charles Albert,Salazar,Charles Albert Salazar,1621,M35-39,Male,"Niugan, Cabuyao",Laguna,Philippines,PH,0:55:09,3:33:56,2:34:51,,,7:19:21,3309,12836,9291,578,347,26361,185,156,38,212,173,43,189,163,38,185,156,38,Finisher,700
Joemel,Pulido,Joemel Pulido,1662,M40-44,Male,"Biluso, Silang",Cavite,Philippines,PH,0:52:31,3:23:42,2:48:50,,,7:20:12,3151,12222,10130,593,316,26412,186,157,32,195,159,31,147,133,24,186,157,32,Finisher,1266
Raymund,Pua,Raymund Pua,1756,M40-44,Male,CONCEPCION PEQUENA,NAGA,Philippines,PH,0:49:17,3:45:39,2:30:08,,,7:20:39,2957,13539,9008,637,298,26439,187,158,33,176,147,27,208,176,36,187,158,33,Finisher,1258
Paul,Brewer,Paul Brewer,1740,M70-74,Male,Kuala Lumpur,MY-14,Canada,CA,0:41:10,3:14:10,3:08:14,,,7:20:42,2470,11650,11294,582,446,26442,188,159,1,77,62,1,101,91,1,188,159,1,Finisher,3500
Feliciano,Quilala,Feliciano Quilala,1777,M40-44,Male,"Brgy. Valdez, batac city",Ilocos norte,Philippines,PH,0:53:21,3:34:57,2:38:35,,,7:22:16,3201,12897,9515,571,352,26536,189,160,34,198,162,32,185,162,33,189,160,34,Finisher,1229
Michael Jason,Tee,Michael Jason Tee,1611,M35-39,Male,Makati,NATIONAL CAPITAL REGION,Philippines,PH,0:46:14,3:29:16,2:53:42,,,7:22:35,2774,12556,10422,601,202,26555,190,161,39,142,120,27,145,131,31,190,161,39,Finisher,700
hyuma,mahadevia,hyuma mahadevia,1675,M40-44,Male,ahmedabad,gujarat,India,IN,0:43:58,3:45:02,2:39:18,,,7:23:44,2638,13502,9558,603,323,26624,191,162,35,114,94,17,191,164,34,191,162,35,Finisher,1202
Kristine,Tan,Kristine Tan,1822,F40-44,Female,Brgy Sto. Domingo,"CAINTA, RIZAL",Philippines,PH,0:49:20,3:41:38,2:43:15,,,7:25:48,2960,13298,9795,439,256,26748,192,30,6,178,30,7,188,26,6,192,30,6,Finisher,1987
Gianluca,Guidicelli,Gianluca Guidicelli,1731,M55-59,Male,Muntinlupa,Laguna,Philippines,PH,0:53:26,3:38:24,2:39:20,,,7:25:59,3206,13104,9560,529,360,26759,193,163,7,199,163,7,194,165,7,193,163,7,Finisher,1256
Marion,Ridon,Marion Ridon,1681,M40-44,Male,east bajac bajac olongapo city,rambles,Philippines,PH,0:45:28,3:42:26,2:47:12,,,7:30:14,2728,13346,10032,574,334,27014,194,164,36,132,110,19,183,160,31,194,164,36,Finisher,1085
Vince Christian,Ang,Vince Christian Ang,1557,M18-24,Male,Makati,PH-00,Philippines,PH,0:47:41,3:37:46,2:53:31,,,7:30:28,2861,13066,10411,390,300,27028,195,165,9,160,134,10,168,149,9,195,165,9,Finisher,1067
Chino Marco,Encisa,Chino Marco Encisa,1744,M25-29,Male,Bacoor,Cavite,Philippines,PH,0:57:05,3:39:03,2:41:48,,,7:31:09,3425,13143,9708,515,278,27069,196,166,18,223,182,20,204,173,21,196,166,18,Finisher,700
Erika,Sampaio,Erika Sampaio,1842,F35-39,Male,NY,NY,Brazil,BR,0:50:02,3:59:37,2:28:45,,,7:32:31,3002,14377,8925,516,331,27151,197,31,5,182,32,5,224,36,5,197,31,5,Finisher,1150
Orland,Espero,Orland Espero,1775,M35-39,Male,Paranaque city,PH-00,Philippines,PH,0:56:34,3:30:18,2:49:53,,,7:33:03,3394,12618,10193,493,485,27183,198,167,40,220,179,44,178,158,37,198,167,40,Finisher,700
Richard,Dollins,Richard Dollins,1737,M60-64,Male,Ellicott City,MD,United States,US,0:52:41,3:43:12,2:41:24,,,7:33:42,3161,13392,9684,617,368,27222,199,168,3,196,160,2,210,178,3,199,168,3,Finisher,2399
Arnold,Evangelista,Arnold Evangelista,1696,M45-49,Male,Project 6,Quezon City,Philippines,PH,0:56:20,3:42:44,2:41:25,,,7:34:08,3380,13364,9685,527,292,27248,200,169,22,218,177,23,213,180,24,200,169,22,Finisher,1092
Perry,Nulud,Perry Nulud,1615,M35-39,Male,Sta Rita,Pampanga,Philippines,PH,0:57:04,3:43:22,2:34:28,,,7:34:47,3424,13402,9268,834,359,27287,201,170,41,222,181,45,215,181,44,201,170,41,Finisher,700
Julio Sebastian,Rivero,Julio Sebastian Rivero,1654,M35-39,Male,Pasig City,PH-00,Philippines,PH,0:46:49,3:46:39,2:46:41,,,7:36:25,2809,13599,10001,558,418,27385,202,171,42,152,129,33,199,169,41,202,171,42,Finisher,700
Michael,Pavia,Michael Pavia,1753,M18-24,Male,heber city,UT,Philippines,PH,0:46:54,3:49:49,2:48:20,,,7:36:57,2814,13789,10100,458,256,27417,203,172,10,154,131,9,201,171,10,203,172,10,Finisher,950
Octo,Wijaya,Octo Wijaya,1590,M30-34,Male,"pluit, penjaringan
Jakarta Utara / 14440","Jakarta
DKI Jakarta",Indonesia,ID,0:51:47,3:28:34,2:59:54,,,7:38:22,3107,12514,10794,790,297,27502,204,173,29,191,155,27,173,154,28,204,173,29,Finisher,700
Elmer Francis A,Pasion,Elmer Francis A Pasion,1649,M35-39,Male,Marilag,Quezon city,Philippines,PH,0:46:19,3:58:14,2:40:07,,,7:42:04,2779,14294,9607,699,345,27724,205,174,43,143,121,28,221,187,47,205,174,43,Finisher,700
Reynaldo,Jonson,Reynaldo Jonson,1701,M45-49,Male,Habay 1 Bacoor,Cavite,Philippines,PH,1:00:44,3:55:29,2:33:24,,,7:42:23,3644,14129,9204,499,267,27743,206,175,23,235,193,28,228,190,25,206,175,23,Finisher,944
Severino,Ramos,Severino Ramos,1721,M45-49,Male,Brgy 41,Caloocan,Philippines,PH,0:58:41,3:34:38,2:52:04,,,7:42:46,3521,12878,10324,744,299,27766,207,176,24,231,189,26,209,177,23,207,176,24,Finisher,937
Luisita,Jadulco,Luisita Jadulco,1836,F45-49,Female,Consolacion,PH-CEB,Philippines,PH,0:54:48,3:39:01,2:56:52,,,7:43:32,3288,13141,10612,512,259,27812,208,32,4,208,37,3,196,30,4,208,32,4,Finisher,1119
Mary Joy,Octavo,Mary Joy Octavo,1812,F30-34,Female,Al Sadd Street,Doha,Philippines,PH,0:49:33,3:50:13,2:53:11,,,7:46:16,2973,13813,10391,465,334,27976,209,33,7,179,31,8,212,33,8,209,33,7,Finisher,783
Karl Angelo,Roque,Karl Angelo Roque,1574,M25-29,Male,Talon Dos,Las Pinas City,Philippines,PH,0:44:39,3:34:28,3:14:18,,,7:47:01,2679,12868,11658,479,337,28021,210,177,19,127,105,14,150,136,16,210,177,19,Finisher,700
Marianne,Ragudo,Marianne Ragudo,1811,F30-34,Female,Muntinlupa,PH-00,Philippines,PH,0:50:17,3:45:10,3:00:47,,,7:49:47,3017,13510,10847,560,253,28187,211,34,8,183,33,9,205,32,7,211,34,8,Finisher,720
Remelee,Gonzales,Remelee Gonzales,1819,F35-39,Female,Lynchburg,VA,Philippines,PH,0:48:08,4:09:11,2:38:53,,,7:50:27,2888,14951,9533,626,229,28227,212,35,6,166,28,4,234,41,6,212,35,6,Finisher,827
Joel,Parajas,Joel Parajas,1725,M50-54,Male,"Del Remedio, San Pablo City",Laguna,Philippines,PH,0:49:54,3:43:00,3:02:37,,,7:50:30,2994,13380,10957,597,302,28230,213,178,6,181,150,5,200,170,6,213,178,6,Finisher,876
Jeffrey,Wong,Jeffrey Wong,1671,M40-44,Male,Singapore,,Singapore,SG,0:56:48,3:50:32,2:48:48,,,7:51:00,3408,13832,10128,532,360,28260,214,179,37,221,180,37,221,187,38,214,179,37,Finisher,711
Salve,Ocampo,Salve Ocampo,1808,F30-34,Female,Pasig,NCR,Philippines,PH,0:57:31,3:55:25,2:44:59,,,7:51:12,3451,14125,9899,483,314,28272,215,36,9,224,42,10,226,38,9,215,36,9,Finisher,700
Roldan,Capito,Roldan Capito,1645,M35-39,Male,Kapitolyo,,Philippines,PH,0:45:50,3:51:25,2:58:42,,,7:52:00,2750,13885,10722,610,353,28320,216,180,44,138,116,24,211,179,43,216,180,44,Finisher,700
Paul,Andrada,Paul Andrada,1609,M35-39,Male,92,Pasay City,Philippines,PH,1:04:22,4:00:51,2:35:38,,,7:54:31,3862,14451,9338,531,289,28471,217,181,45,239,196,48,238,196,49,217,181,45,Finisher,700
Kennyl,Labatos,Kennyl Labatos,1560,M25-29,Male,Mandaue City,Cebu,Philippines,PH,0:45:14,3:34:04,3:20:05,,,7:55:04,2714,12844,12005,468,473,28504,218,182,20,129,107,15,150,136,16,218,182,20,Finisher,700
Gemymah Sylvia,Victorio,Gemymah Sylvia Victorio,1847,F40-44,Female,UPPER CARMEN,MISAMIS ORIENTAL,Philippines,PH,0:55:05,3:52:49,2:48:15,,,7:56:08,3305,13969,10095,752,447,28568,219,37,7,211,39,10,225,37,8,219,37,7,Finisher,1441
Julius,Salagan,Julius Salagan,1617,M35-39,Male,Commonwealth,Quezon City,Philippines,PH,0:49:17,3:54:57,2:56:33,,,7:57:34,2957,14097,10593,684,323,28654,220,183,46,176,147,40,217,183,45,220,183,46,Finisher,700
Sonny,Bautista,Sonny Bautista,1708,M45-49,Male,Makati City,NCR,Philippines,PH,0:51:56,3:42:25,3:06:41,,,7:57:38,3116,13345,11201,610,386,28658,221,184,25,193,157,18,202,172,22,221,184,25,Finisher,700
Patrick,Pecson,Patrick Pecson,1566,M25-29,Male,Sta Cruz,NCR,Philippines,PH,0:44:23,3:37:10,3:22:01,,,7:58:09,2663,13030,12121,570,305,28689,222,185,21,124,102,13,166,147,19,222,185,21,Finisher,700
Ferdinand,Pecson,Ferdinand Pecson,1748,M55-59,Male,Sta Cruz,MM,Philippines,PH,0:56:32,3:48:04,2:56:36,,,7:58:09,3392,13684,10596,678,339,28689,222,185,8,219,178,8,218,184,8,222,185,8,Finisher,700
Mark Andrew,Armamento,Mark Andrew Armamento,1578,M25-29,Male,Quezon City,NCR,Philippines,PH,0:59:36,3:49:05,3:02:16,,,8:04:21,3576,13745,10936,443,361,29061,224,187,22,233,191,22,220,186,22,224,187,22,Finisher,700
Dennis Roxas,Panganiban,Dennis Roxas Panganiban,1688,M40-44,Male,Barangay Talon Dos,Las Piñas City,Philippines,PH,0:54:16,3:58:23,2:46:51,,,8:04:25,3256,14303,10011,788,707,29065,225,188,38,204,168,33,230,191,39,225,188,38,Finisher,700
Kreskin,Solda,Kreskin Solda,1657,M40-44,Male,Brgy BF Homes Paranaque City,Metro Manila,Philippines,PH,1:00:32,3:43:51,3:10:00,,,8:08:52,3632,13431,11400,609,260,29332,226,189,39,234,192,40,216,182,37,226,189,39,Finisher,700
Lorfel Ian,Dela Peña,Lorfel Ian Dela Peña,1634,M35-39,Male,Bilwang,"Isabel, Leyte",Philippines,PH,0:57:48,3:38:39,3:21:13,,,8:09:52,3468,13119,12073,511,221,29392,227,190,47,228,186,46,206,174,42,227,190,47,Finisher,700
Aurora,Timbol,Aurora Timbol,1828,F40-44,Female,LONG BEACH,CA,United States,US,1:02:17,3:56:43,2:55:33,,,8:10:30,3737,14203,10533,564,393,29430,228,38,8,236,43,11,235,42,10,228,38,8,Finisher,1182
Maribeth,Reyes,Maribeth Reyes,1826,F40-44,Female,Parañaque,Metro manila,Philippines,PH,0:48:12,3:51:40,3:14:18,,,8:10:52,2892,13900,11658,592,410,29452,229,39,9,167,29,6,214,34,7,229,39,9,Finisher,1176
Nek-Nek,Espino,Nek-Nek Espino,1620,M35-39,Male,"Bantug Norte, Cabanatuan City",Nueva Ecija,Philippines,PH,1:02:40,3:49:26,3:02:52,,,8:10:59,3760,13766,10972,619,342,29459,230,191,48,237,194,47,227,189,48,230,191,48,Finisher,700
Armaine Bel,Santos,Armaine Bel Santos,1801,F25-29,Female,Alangilan,Batangas City,Philippines,PH,0:40:01,4:09:00,3:09:00,,,8:12:03,2401,14940,11340,529,313,29523,231,40,9,61,13,5,223,35,9,231,40,9,Finisher,700
Sarah,Erana,Sarah Erana,1815,F30-34,Female,Brgy Ugong,National Capital Region,Philippines,PH,0:42:18,4:12:18,3:03:09,,,8:13:25,2538,15138,10989,614,326,29605,232,41,10,90,17,3,229,39,10,232,41,10,Finisher,700
Samantha,Allen,Samantha Allen,1825,F40-44,Female,Makati,Intl State,Philippines,PH,0:55:03,4:17:33,2:46:01,,,8:14:57,3303,15453,9961,655,325,29697,233,42,10,210,38,9,241,43,11,233,42,10,Finisher,1102
Richard,Bitoy,Richard Bitoy,1745,M35-39,Male,,,Philippines,PH,0:49:33,3:52:10,3:14:34,,,8:15:56,2973,13930,11674,854,325,29756,234,192,49,179,149,41,219,185,46,234,192,49,Finisher,700
Leo,Villarico,Leo Villarico,1719,M45-49,Male,719,Manila,Philippines,PH,0:54:53,4:12:15,2:57:51,,,8:19:58,3293,15135,10671,670,229,29998,235,193,26,209,172,22,240,198,28,235,193,26,Finisher,700
Gideon,Pesic,Gideon Pesic,1699,M45-49,Male,mandaluyong,metro manila,Philippines,PH,0:58:07,4:04:56,3:05:06,,,8:23:01,3487,14696,11106,575,317,30181,236,194,27,230,188,25,237,195,26,236,194,27,Finisher,700
Rigel,Valdez,Rigel Valdez,1673,M40-44,Male,San Andres,Cainta Rizal,Philippines,PH,0:46:11,4:10:25,3:09:35,,,8:23:38,2771,15025,11375,606,441,30218,237,195,40,141,119,23,231,192,40,237,195,40,Finisher,700
Richard,Galvez,Richard Galvez,1686,M40-44,Male,Bancal Ext.,Meycauayan Bulacan,Philippines,PH,1:03:43,3:53:29,3:08:22,,,8:24:28,3823,14009,11302,614,520,30268,238,196,41,238,195,41,233,193,41,238,196,41,Finisher,700
Crispo,Mojica,Crispo Mojica,1736,M60-64,Male,Bagong Tanyag,Taguig,Philippines,PH,1:04:55,3:52:54,3:10:05,,,8:24:55,3895,13974,11405,688,333,30295,239,197,4,240,197,4,236,194,4,239,197,4,Finisher,1477
Nerza Marie,Del Rosario,Nerza Marie Del Rosario,1829,F40-44,Female,Tondo,Manila,Philippines,PH,0:51:28,4:04:55,3:13:59,,,8:26:43,3088,14695,11639,647,334,30403,240,43,11,188,35,8,232,40,9,240,43,11,Finisher,890
Cristopher,Cura,Cristopher Cura,1704,M45-49,Male,Cutcut Angeles City,Pampanga,Philippines,PH,0:57:36,4:06:06,3:04:56,,,8:27:02,3456,14766,11096,687,417,30422,241,198,28,225,183,24,239,197,27,241,198,28,Finisher,700
Tetsuro,Nomoto,Tetsuro Nomoto,1153,M55-59,Male,松山市,愛媛県,Japan,JP,,,,,,,0,0,0,0,0,0,99999,99999,99999,99999,99999,99999,99999,99999,99999,99999,99999,99999,DNS,0
Nelson,Armamento,Nelson Armamento,1702,M45-49,Male,Olongapo,Subic Bay Freeport Zone,Philippines,PH,,,,,,,0,0,0,0,0,0,99999,99999,99999,99999,99999,99999,99999,99999,99999,99999,99999,99999,DNS,0
Arvin,Alivia,Arvin Alivia,1651,M35-39,Male,Distric II,Cauayan City,Philippines,PH,1:02:02,4:29:52,,,,,3722,16192,0,718,0,0,99999,99999,99999,99999,99999,99999,99999,99999,99999,99999,99999,99999,DNF,0
Jen,Payoyo,Jen Payoyo,1816,F35-39,Female,Barangay Ugong,Pasig City,Philippines,PH,,,,,,,0,0,0,0,0,0,99999,99999,99999,99999,99999,99999,99999,99999,99999,99999,99999,99999,DNS,0
Jane,Mak,Jane Mak,1839,F60-64,Female,Noordlaren,,Netherlands,NL,0:50:57,,,,,,3057,0,0,733,0,0,99999,99999,99999,99999,99999,99999,99999,99999,99999,99999,99999,99999,DNF,0
Voltaire,Montebon,Voltaire Montebon,629,M40-44,Male,samba 1,cebu,Philippines,PH,,,,,,,0,0,0,0,0,0,99999,99999,99999,99999,99999,99999,99999,99999,99999,99999,99999,99999,DNS,0
Mark,Weis,Mark Weis,1693,M40-44,Male,,,Australia,AU,,,,,,,0,0,0,0,0,0,99999,99999,99999,99999,99999,99999,99999,99999,99999,99999,99999,99999,DNS,0
Jose Amado,Mamuric,Jose Amado Mamuric,1039,M50-54,Male,Malate Manila,Manila,Philippines,PH,,,,,,,0,0,0,0,0,0,99999,99999,99999,99999,99999,99999,99999,99999,99999,99999,99999,99999,DNS,0
Paolo Pio,De Guzman,Paolo Pio De Guzman,1689,M40-44,Male,Pasig,National Capital Region,Philippines,PH,0:46:55,4:13:22,,,,,2815,15202,0,724,415,0,99999,99999,99999,99999,99999,99999,99999,99999,99999,99999,99999,99999,DNF,0
Faheem,Ebrahim,Faheem Ebrahim,1643,M35-39,Male,,,Thailand,TH,,,,,,,0,0,0,0,0,0,99999,99999,99999,99999,99999,99999,99999,99999,99999,99999,99999,99999,DNS,0
Alvin,Ang,Alvin Ang,1716,M45-49,Male,Round lake beach,IL,United States,US,1:00:31,4:34:39,,,,,3631,16479,0,921,0,0,99999,99999,99999,99999,99999,99999,99999,99999,99999,99999,99999,99999,DNF,0
David,Perrot,David Perrot,1707,M45-49,Male,chang wattana,chang wattana,Switzerland,CH,,,,,,,0,0,0,0,0,0,99999,99999,99999,99999,99999,99999,99999,99999,99999,99999,99999,99999,DNS,0
Gerardo,Gutierrez,Gerardo Gutierrez,1717,M45-49,Male,Molino Bacoor,Cavite,Philippines,PH,0:53:58,4:09:30,,,,,3238,14970,0,625,362,0,99999,99999,99999,99999,99999,99999,99999,99999,99999,99999,99999,99999,DNF,0
Yvette,Medalla,Yvette Medalla,1835,F45-49,Female,muntinlupa,manila,Philippines,PH,,,,,,,0,0,0,0,0,0,99999,99999,99999,99999,99999,99999,99999,99999,99999,99999,99999,99999,DNS,0
Jeffrey,Balbas,Jeffrey Balbas,1616,M35-39,Male,Makati City,Metro Manila,Philippines,PH,,,,,,,0,0,0,0,0,0,99999,99999,99999,99999,99999,99999,99999,99999,99999,99999,99999,99999,DNS,0
Danilo,Aparis,Danilo Aparis,1774,M50-54,Male,Pasig,MM,Philippines,PH,0:53:38,4:19:33,,,,,3218,15573,0,731,295,0,99999,99999,99999,99999,99999,99999,99999,99999,99999,99999,99999,99999,DNF,0
Arthur Joseph,Marquez,Arthur Joseph Marquez,1767,M35-39,Male,,PASIG,Philippines,PH,,,,,,,0,0,0,0,0,0,99999,99999,99999,99999,99999,99999,99999,99999,99999,99999,99999,99999,DNS,0
Oleg,Borovkov,Oleg Borovkov,550,M40-44,Male,Odintsovo,Moscow region,Russia,RU,,,,,,,0,0,0,0,0,0,99999,99999,99999,99999,99999,99999,99999,99999,99999,99999,99999,99999,DNS,0
Mariasole,Ghidini,Mariasole Ghidini,1848,F35-39,Female,Dubai,Dubai,Italy,IT,,,,,,,0,0,0,0,0,0,99999,99999,99999,99999,99999,99999,99999,99999,99999,99999,99999,99999,DNS,0
Mark,Goosen,Mark Goosen,1741,M35-39,Male,Irvine,CA,South Africa,ZA,,,,,,,0,0,0,0,0,0,99999,99999,99999,99999,99999,99999,99999,99999,99999,99999,99999,99999,DNS,0
Elvo,Teatro,Elvo Teatro,1712,M45-49,Male,tipanoy,Lanao Del Norte,Philippines,PH,,,,,,,0,0,0,0,0,0,99999,99999,99999,99999,99999,99999,99999,99999,99999,99999,99999,99999,DNS,0
Satoshi,Nagaoka,Satoshi Nagaoka,1175,M60-64,Male,Okinawa,Okinawa,Japan,JP,,,,,,,0,0,0,0,0,0,99999,99999,99999,99999,99999,99999,99999,99999,99999,99999,99999,99999,DNS,0
Teodoro,Tong,Teodoro Tong,1732,M55-59,Male,Paranaque,Intl State,Philippines,PH,1:05:12,4:07:28,3:01:57,,,8:33:06,3912,14848,10917,764,345,30786,99999,99999,99999,99999,99999,99999,99999,99999,99999,99999,99999,99999,DNF,0
Benjamin,Tan,Benjamin Tan,1727,M50-54,Male,CLARENDON HLS,IL,Philippines,PH,,,,,,,0,0,0,0,0,0,99999,99999,99999,99999,99999,99999,99999,99999,99999,99999,99999,99999,DNS,0
Wouter,Delbaere,Wouter Delbaere,1603,M30-34,Male,,,Belgium,BE,,,,,,,0,0,0,0,0,0,99999,99999,99999,99999,99999,99999,99999,99999,99999,99999,99999,99999,DNS,0
Thomas,Dekeyser,Thomas Dekeyser,1623,M35-39,Male,Jette,,Belgium,BE,,,,,,,0,0,0,0,0,0,99999,99999,99999,99999,99999,99999,99999,99999,99999,99999,99999,99999,DNS,0
Raoul Franco,Ramos,Raoul Franco Ramos,1672,M40-44,Male,Makati,NATIONAL CAPITAL REGION,Philippines,PH,0:44:50,4:50:34,,,,,2690,17434,0,415,72,0,99999,99999,99999,99999,99999,99999,99999,99999,99999,99999,99999,99999,DNF,0
Hélyette,Jarny,Hélyette Jarny,1814,F30-34,Female,Louvigné,,France,FR,0:46:16,3:38:10,,,,,2776,13090,0,459,0,0,99999,99999,99999,99999,99999,99999,99999,99999,99999,99999,99999,99999,DNF,0
Dani,Famarin,Dani Famarin,1810,F30-34,Female,"San Antonio, Pasig City",NCR,Philippines,PH,0:55:19,4:34:52,,,,,3319,16492,0,697,0,0,99999,99999,99999,99999,99999,99999,99999,99999,99999,99999,99999,99999,DNF,0
Maricel,Salas,Maricel Salas,1385,F40-44,Female,New Asinan,Olongapo City,Philippines,PH,,,,,,,0,0,0,0,0,0,99999,99999,99999,99999,99999,99999,99999,99999,99999,99999,99999,99999,DNS,0
Michael John,Encarnacion,Michael John Encarnacion,1138,M55-59,Male,Markina,Markina city,Philippines,PH,,,,,,,0,0,0,0,0,0,99999,99999,99999,99999,99999,99999,99999,99999,99999,99999,99999,99999,DNS,0
Angelo,Tavares,Angelo Tavares,1739,M60-64,Male,Taipa-Macau,Macau,Portugal,PT,,,,,,,0,0,0,0,0,0,99999,99999,99999,99999,99999,99999,99999,99999,99999,99999,99999,99999,DNS,0
Rhina,Sison,Rhina Sison,1834,F45-49,Female,Binan,,Philippines,PH,1:05:02,4:27:41,,,,,3902,16061,0,628,602,0,99999,99999,99999,99999,99999,99999,99999,99999,99999,99999,99999,99999,DNF,0
Thea,Spencer,Thea Spencer,1832,F40-44,Female,SALAPAN SAN JUAN,METRO MANILA,Philippines,PH,0:57:10,4:21:48,2:45:20,,,8:23:12,3430,15708,9920,767,367,30192,99999,99999,99999,99999,99999,99999,99999,99999,99999,99999,99999,99999,DNF,0
Miles,Herbst,Miles Herbst,1569,M25-29,Male,Jhb,Gauteng,South Africa,ZA,,,,,,,0,0,0,0,0,0,99999,99999,99999,99999,99999,99999,99999,99999,99999,99999,99999,99999,DNS,0
De Carlo,Uy,De Carlo Uy,1601,M30-34,Male,MAGUGPO EAST,DAVAO DEL NORTE,Philippines,PH,,,,,,,0,0,0,0,0,0,99999,99999,99999,99999,99999,99999,99999,99999,99999,99999,99999,99999,DNS,0
Kai Jie Ryan,Soon,Kai Jie Ryan Soon,1661,M40-44,Male,Singapore,02,Singapore,SG,,,,,,,0,0,0,0,0,0,99999,99999,99999,99999,99999,99999,99999,99999,99999,99999,99999,99999,DNS,0
Charlene,Tang,Charlene Tang,1800,F18-24,Female,,,Singapore,SG,,,,,,,0,0,0,0,0,0,99999,99999,99999,99999,99999,99999,99999,99999,99999,99999,99999,99999,DNS,0
John,Wesley Jr,John Wesley Jr,1641,M35-39,Male,tamuning,GU,Guam,GU,1:41:18,,,,,,6078,0,0,6364,0,0,99999,99999,99999,99999,99999,99999,99999,99999,99999,99999,99999,99999,DNF,0
Daiki,Taniguchi,Daiki Taniguchi,184,M30-34,Male,"Kitakyusyusi,Kokuraminamiku,takano",Fukuoka,Japan,JP,,,,,,,0,0,0,0,0,0,99999,99999,99999,99999,99999,99999,99999,99999,99999,99999,99999,99999,DNS,0
Demosthenes,Ydia,Demosthenes Ydia,1772,M55-59,Male,"Bonuan Gueset, Dagupan City",Pangasinan,Philippines,PH,,,,,,,0,0,0,0,0,0,99999,99999,99999,99999,99999,99999,99999,99999,99999,99999,99999,99999,DNS,0
Ana,Leitao,Ana Leitao,1840,F60-64,Female,,,Brazil,BR,,,,,,,0,0,0,0,0,0,99999,99999,99999,99999,99999,99999,99999,99999,99999,99999,99999,99999,DNS,0
Fumihiko,Kida,Fumihiko Kida,164,M30-34,Male,目黒区,東京都,Japan,JP,,,,,,,0,0,0,0,0,0,99999,99999,99999,99999,99999,99999,99999,99999,99999,99999,99999,99999,DNS,0
Ronald,Asuncion,Ronald Asuncion,1734,M55-59,Male,Muntinlupa,MetroManila,Philippines,PH,,,,,,,0,0,0,0,0,0,99999,99999,99999,99999,99999,99999,99999,99999,99999,99999,99999,99999,DNS,0
Patrick,Javier,Patrick Javier,1684,M40-44,Male,Brgy. Wack Wack,NCR,Philippines,PH,0:51:40,11:26:43,,,,,3100,41203,0,919,0,0,99999,99999,99999,99999,99999,99999,99999,99999,99999,99999,99999,99999,DNF,0
Xingwu,Xie,Xingwu Xie,919,M45-49,Male,重庆市,重庆市江北区,China,CN,,,,,,,0,0,0,0,0,0,99999,99999,99999,99999,99999,99999,99999,99999,99999,99999,99999,99999,DNS,0
Sang-Loc,Nguyen,Sang-Loc Nguyen,1784,M30-34,Male,HO CHI MINH (SAI GON),HO CHI MINH (SAI GON),Singapore,SG,1:11:22,4:31:59,,,,,4282,16319,0,730,74,0,99999,99999,99999,99999,99999,99999,99999,99999,99999,99999,99999,99999,DNF,0
Ma. Leonora,Tabladillo,Ma. Leonora Tabladillo,1827,F40-44,Female,Lower Cubi,Zambales,Philippines,PH,,,,,,,0,0,0,0,0,0,99999,99999,99999,99999,99999,99999,99999,99999,99999,99999,99999,99999,DNS,0
Joseph,Ramirez,Joseph Ramirez,1765,M35-39,Male,Merville,NCR,Philippines,PH,,,,,,,0,0,0,0,0,0,99999,99999,99999,99999,99999,99999,99999,99999,99999,99999,99999,99999,DNS,0
Carmelo,Braganza,Carmelo Braganza,1668,M40-44,Male,Barangay Socorro,"Cubao, Quezon City",Philippines,PH,0:50:55,5:55:08,,,,,3055,21308,0,464,100,0,99999,99999,99999,99999,99999,99999,99999,99999,99999,99999,99999,99999,DNF,0
Cody,Ewing,Cody Ewing,1653,M35-39,Male,,,United States,US,0:55:41,5:00:31,,,,,3341,18031,0,717,79,0,99999,99999,99999,99999,99999,99999,99999,99999,99999,99999,99999,99999,DNF,0
Tristan,Madi,Tristan Madi,1781,M35-39,Male,Castillejos,Zambales,Philippines,PH,0:50:34,,,,,,3034,0,0,6434,0,0,99999,99999,99999,99999,99999,99999,99999,99999,99999,99999,99999,99999,DNF,0
Martin,Reynolds,Martin Reynolds,1083,M50-54,Male,STOCKPORT,England,United Kingdom,GB,,,,,,,0,0,0,0,0,0,99999,99999,99999,99999,99999,99999,99999,99999,99999,99999,99999,99999,DNS,0
Chuan Rong,Loo,Chuan Rong Loo,1764,M35-39,Male,,,Singapore,SG,0:28:54,2:58:57,,,,,1734,10737,0,276,0,0,99999,99999,99999,99999,99999,99999,99999,99999,99999,99999,99999,99999,DNF,0
Renz,Velasco,Renz Velasco,1562,M25-29,Male,North Fairview,Quezon city,Philippines,PH,,,,,,,0,0,0,0,0,0,99999,99999,99999,99999,99999,99999,99999,99999,99999,99999,99999,99999,DNS,0
Becky,Somers,Becky Somers,1820,F35-39,Female,Klongtan Nuea,Bangkok,United States,US,,,,,,,0,0,0,0,0,0,99999,99999,99999,99999,99999,99999,99999,99999,99999,99999,99999,99999,DNS,0
Abdulaziz,Alhazeem,Abdulaziz Alhazeem,1763,M30-34,Male,Kuwait,Ahmadi,Kuwait,KW,,,,,,,0,0,0,0,0,0,99999,99999,99999,99999,99999,99999,99999,99999,99999,99999,99999,99999,DNS,0
Russell,Allen,Russell Allen,1728,M55-59,Male,Mont Kiara,Kuala Lumpur,United Kingdom,GB,,,,,,,0,0,0,0,0,0,99999,99999,99999,99999,99999,99999,99999,99999,99999,99999,99999,99999,DNS,0
Andrew,Coronel,Andrew Coronel,1685,M40-44,Male,Sta Rita,Pampanga,Philippines,PH,,,,,,,0,0,0,0,0,0,99999,99999,99999,99999,99999,99999,99999,99999,99999,99999,99999,99999,DNS,0
Alan,Apolinar,Alan Apolinar,1069,M50-54,Male,Irvine,CA,Philippines,PH,,,,,,,0,0,0,0,0,0,99999,99999,99999,99999,99999,99999,99999,99999,99999,99999,99999,99999,DNS,0
TOSHINARI,OTA,TOSHINARI OTA,918,M45-49,Male,Matsuyama,JP-38,Japan,JP,,,,,,,0,0,0,0,0,0,99999,99999,99999,99999,99999,99999,99999,99999,99999,99999,99999,99999,DNS,0
Hardik,Patil,Hardik Patil,1771,M30-34,Male,Virar,Maharashtra,India,IN,0:47:53,10:23:53,,,,,2873,37433,0,608,124,0,99999,99999,99999,99999,99999,99999,99999,99999,99999,99999,99999,99999,DNF,0
Diosdado,Trillana,Diosdado Trillana,854,M45-49,Male,Ortigas Center,Pasig City,Philippines,PH,,,,,,,0,0,0,0,0,0,99999,99999,99999,99999,99999,99999,99999,99999,99999,99999,99999,99999,DNS,0
赵,凌,赵 凌,1332,F30-34,Female,重庆市,重庆市,China,CN,,,,,,,0,0,0,0,0,0,99999,99999,99999,99999,99999,99999,99999,99999,99999,99999,99999,99999,DNS,0
