FirstName,LastName,FullName,Bib,AgeGroup,Gender,City,State,Country,CountryISO,SwimTime,BikeTime,RunTime,T1Time,T2Time,FinishTime,SwimSeconds,BikeSeconds,RunSeconds,T1Seconds,T2Seconds,FinishSeconds,OverallRank,GenderRank,AgeGroupRank,SwimRankOverall,SwimRankGender,SwimRankGroup,BikeRankOverall,BikeRankGender,BikeRankGroup,RunRankOverall,RunRankGender,RunRankGroup,Status,Points
Nathan,Dortmann,Nathan Dortmann,1004,M25-29,Male,Kangaroo Point,AU-QLD,Australia,AU,0:28:21,2:18:16,1:24:16,,,4:15:07,1701,8296,5056,130,124,15307,1,1,1,7,6,2,1,1,1,1,1,1,Finisher,3500
Damien,Bulters,Damien Bulters,1097,M35-39,Male,,QLD,Australia,AU,0:25:26,2:24:54,1:35:07,,,4:29:21,1526,8694,5707,120,113,16161,2,2,1,1,1,1,2,2,1,2,2,1,Finisher,3500
Jason,Hamilton,Jason Hamilton,1388,M30-34,Male,North Toowoomba,QLD,Australia,AU,0:28:01,2:22:08,1:29:07,,,4:29:41,1681,8528,5347,482,143,16181,3,3,1,5,4,1,4,4,1,3,3,1,Finisher,3500
Jarrod,Owen,Jarrod Owen,1411,M35-39,Male,Arana Hills,QLD,Australia,AU,0:29:53,2:26:40,1:27:40,,,4:30:20,1793,8800,5260,225,142,16220,4,4,2,24,19,4,7,7,2,4,4,2,Finisher,3482
Robert,Dendle,Robert Dendle,1003,M30-34,Male,Maroochydore,QLD,Australia,AU,0:31:56,2:20:07,1:32:05,,,4:34:20,1916,8407,5525,482,131,16460,5,5,2,53,42,10,5,5,2,5,5,2,Finisher,3416
Paul,Marchant,Paul Marchant,1379,M25-29,Male,,QLD,Australia,AU,0:28:11,2:29:57,1:32:55,,,4:35:58,1691,8997,5575,163,132,16558,6,6,2,6,5,1,8,8,3,6,6,2,Finisher,3124
Graeme,Renard,Graeme Renard,1029,M25-29,Male,Teneriffe,,South Africa,ZA,0:28:44,2:26:40,1:38:17,,,4:39:06,1724,8800,5897,143,183,16746,7,7,3,12,10,3,3,3,2,7,7,3,Finisher,3068
Nick,Carling,Nick Carling,1002,M35-39,Male,Kewarra Beach,AU-QLD,Australia,AU,0:34:21,2:27:27,1:34:17,,,4:39:44,2061,8847,5657,129,91,16784,8,8,3,87,69,13,11,11,4,8,8,3,Finisher,3313
Andrew,Carracher,Andrew Carracher,1104,M40-44,Male,Bridgewater,SA,Australia,AU,0:32:42,2:26:25,1:37:02,,,4:45:47,1962,8785,5822,482,97,17147,9,9,1,67,54,4,17,17,2,9,9,1,Finisher,3500
Glenn,Wassmuth,Glenn Wassmuth,1392,M35-39,Male,AYR,QLD,Australia,AU,0:28:27,2:32:29,1:43:23,,,4:49:17,1707,9149,6203,133,165,17357,10,10,4,8,7,2,9,9,3,10,10,4,Finisher,3141
Callum,Ogilvie,Callum Ogilvie,1265,M30-34,Male,Mooroobool,QLD,Australia,AU,0:28:30,2:28:23,1:43:10,,,4:50:31,1710,8903,6190,482,145,17431,11,11,3,9,8,2,12,12,3,11,11,3,Finisher,3125
Margo,Mackintosh,Margo Mackintosh,1407,F35-39,Female,Pelican Waters,QLD,Australia,AU,0:29:38,2:36:58,1:35:24,,,4:52:52,1778,9418,5724,482,170,17572,12,1,1,21,5,4,37,4,1,12,1,1,Finisher,3500
Brendan,Peeters,Brendan Peeters,1027,M35-39,Male,Cairns,QLD,Australia,AU,0:30:26,2:27:15,1:45:07,,,4:53:08,1826,8835,6307,482,140,17588,13,12,5,34,27,6,14,14,5,13,12,5,Finisher,3071
Tony,Flanders,Tony Flanders,1394,M40-44,Male,Idalia,AU-QLD,Australia,AU,0:34:06,2:26:24,1:46:10,,,4:53:30,2046,8784,6370,171,240,17610,14,13,2,83,65,7,10,10,1,14,13,2,Finisher,3361
Justin,Littlefield,Justin Littlefield,1009,M45-49,Male,Trinity Beach,QLD,Australia,AU,0:36:15,2:37:02,1:34:09,,,4:53:37,2175,9422,5649,194,177,17617,15,14,1,131,100,16,39,35,7,15,14,1,Finisher,3500
Craig,Seaton,Craig Seaton,1011,M25-29,Male,Northgate,QLD,Australia,AU,0:29:25,2:32:47,1:41:09,,,4:54:19,1765,9167,6069,482,177,17659,16,15,4,17,14,6,23,22,5,16,15,4,Finisher,2794
Shaun,Sanders,Shaun Sanders,1298,M45-49,Male,,QLD,United Kingdom,GB,0:30:08,2:35:29,1:46:33,,,4:56:56,1808,9329,6393,156,129,17816,17,16,2,28,22,3,18,18,2,17,16,2,Finisher,3440
Georgina,Wright,Georgina Wright,1366,F30-34,Female,Torquay,VIC,Australia,AU,0:30:37,2:36:57,1:45:04,,,4:57:06,1837,9417,6304,158,110,17826,18,2,1,36,9,2,22,1,1,18,2,1,Finisher,3500
Tim,Berkman,Tim Berkman,1395,M40-44,Male,Bulimba,QLD,Australia,AU,0:30:38,2:35:06,1:46:12,,,4:57:16,1838,9306,6372,176,143,17836,19,17,3,37,28,3,20,20,3,19,17,3,Finisher,3293
Michael,Quinn,Michael Quinn,1283,M30-34,Male,Adelaide,AU-SA,Australia,AU,0:33:32,2:39:45,1:33:16,,,4:57:38,2012,9585,5596,241,424,17858,20,18,4,76,62,13,43,38,7,20,18,4,Finisher,2996
Jye,Spriggs,Jye Spriggs,1313,M18-24,Male,,QLD,Australia,AU,0:29:47,2:22:18,1:55:31,,,4:58:17,1787,8538,6931,482,161,17897,21,19,1,22,17,1,6,6,1,21,19,1,Finisher,3500
Phil,Harris,Phil Harris,1380,M25-29,Male,MORLEY,WA,Australia,AU,0:38:41,2:35:57,1:39:49,,,4:59:21,2321,9357,5989,137,158,17961,22,20,5,170,130,22,42,37,9,22,20,5,Finisher,2703
Joshua,Somerville,Joshua Somerville,1310,M25-29,Male,Manly,QLD,Australia,AU,0:31:00,2:31:57,1:51:47,,,4:59:28,1860,9117,6707,167,117,17968,23,21,6,40,31,7,15,15,4,23,21,6,Finisher,2701
Jordan,Moore,Jordan Moore,1012,M35-39,Male,Belgian gardens,QLD,Australia,AU,0:29:27,2:36:09,1:50:06,,,5:00:34,1767,9369,6606,187,106,18034,24,22,6,18,15,3,21,21,6,24,22,6,Finisher,2938
Sarah,Richmond,Sarah Richmond,1370,F45-49,Female,Chelmer,QLD,Australia,AU,0:35:02,2:36:45,1:46:32,,,5:03:51,2102,9405,6392,167,165,18231,25,3,1,102,23,1,36,3,1,25,3,1,Finisher,3500
Jaryd,Hamilton,Jaryd Hamilton,1041,M30-34,Male,hervey bay,QLD,Australia,AU,0:30:06,2:33:20,1:56:01,,,5:04:20,1806,9200,6961,150,143,18260,26,23,5,26,20,4,16,16,4,26,23,5,Finisher,2876
Dan,Broadfoot,Dan Broadfoot,1091,M45-49,Male,Townsville,QLD,Australia,AU,0:33:09,2:36:21,1:50:04,,,5:05:57,1989,9381,6604,188,195,18357,27,24,3,72,58,9,28,26,4,27,24,3,Finisher,3278
Alexander,Toleman,Alexander Toleman,1389,M30-34,Male,Shenton Park,WA,Australia,AU,0:31:16,2:31:15,1:53:59,,,5:07:34,1876,9075,6839,482,182,18454,28,25,6,46,36,8,25,24,5,28,25,6,Finisher,2818
Ian,Jones,Ian Jones,1206,M40-44,Male,Trinity Beach,QLD,Australia,AU,0:35:07,2:34:53,1:52:03,,,5:08:21,2107,9293,6723,188,190,18501,29,26,4,103,80,8,31,29,4,29,26,4,Finisher,3093
Megan,Hendry,Megan Hendry,1007,F30-34,Female,Yungaburra,AU-QLD,Australia,AU,0:27:56,2:41:57,1:54:49,,,5:08:32,1676,9717,6889,132,98,18512,30,4,2,4,1,1,27,2,2,30,4,2,Finisher,3294
Daniel,Vicenzino,Daniel Vicenzino,1384,M25-29,Male,Albany Creek,AU-QLD,Australia,AU,0:29:24,2:33:05,1:54:27,,,5:08:40,1764,9185,6867,482,223,18520,31,27,7,16,13,5,24,23,6,31,27,7,Finisher,2536
Duane,Russell,Duane Russell,1383,M25-29,Male,Canberra,ACT,Australia,AU,0:31:16,2:47:45,1:44:08,,,5:09:35,1876,10065,6248,206,180,18575,32,28,8,45,35,8,55,48,10,32,28,8,Finisher,2519
Albie,Firley,Albie Firley,1036,M45-49,Male,Burleigh Waters,AU-QLD,Australia,AU,0:31:59,2:41:03,1:51:34,,,5:10:05,1919,9663,6694,173,156,18605,33,29,4,54,43,5,38,34,6,33,29,4,Finisher,3203
Ben,Cooper,Ben Cooper,1124,M35-39,Male,Townsville,,Australia,AU,0:38:17,2:40:05,1:46:47,,,5:10:11,2297,9605,6407,177,125,18611,34,30,7,163,124,25,52,45,12,34,30,7,Finisher,2765
Lloyd,Saharin,Lloyd Saharin,1296,M25-29,Male,Ormiston,QLD,Australia,AU,0:33:39,2:35:06,1:54:25,,,5:11:07,2019,9306,6865,262,215,18667,35,31,9,77,63,13,30,28,7,35,31,9,Finisher,2492
Louise,Saggers,Louise Saggers,1031,F25-29,Female,Redlynch,AU-QLD,Australia,AU,0:30:34,2:43:42,1:53:21,,,5:12:13,1834,9822,6801,145,131,18733,36,5,1,35,8,1,40,5,1,36,5,1,Finisher,3500
Melissa,Charlton,Melissa Charlton,1110,F35-39,Female,Buderim,QLD,Australia,AU,0:35:10,2:47:47,1:44:27,,,5:12:28,2110,10067,6267,139,165,18748,37,6,2,104,24,9,66,8,4,37,6,2,Finisher,3147
Jonathan,Camilleri,Jonathan Camilleri,1410,M35-39,Male,Mount Sheridan,AU-QLD,Australia,AU,0:35:49,2:37:30,1:52:51,,,5:12:51,2149,9450,6771,245,157,18771,38,32,8,115,89,19,44,39,9,38,32,8,Finisher,2717
Jack,Taylor,Jack Taylor,1327,M30-34,Male,Earlville,QLD,Australia,AU,0:31:12,2:46:36,1:48:51,,,5:13:16,1872,9996,6531,235,162,18796,39,33,7,42,32,6,53,46,8,39,33,7,Finisher,2715
Nicholas,Chung,Nicholas Chung,1113,M30-34,Male,Palmview,QLD,Australia,AU,0:30:49,2:54:26,1:39:16,,,5:13:59,1849,10466,5956,335,233,18839,40,34,8,39,30,5,76,64,11,40,34,8,Finisher,2702
Tate,Jones,Tate Jones,1023,M45-49,Male,Malanda,QLD,Australia,AU,0:30:13,2:38:15,2:02:01,,,5:15:54,1813,9495,7321,162,164,18954,41,35,5,31,25,4,26,25,3,41,35,5,Finisher,3098
Troy,Smedley,Troy Smedley,1050,M35-39,Male,,QLD,Australia,AU,0:30:07,2:40:56,1:59:47,,,5:16:54,1807,9656,7187,183,180,19014,42,36,9,27,21,5,34,32,7,42,36,9,Finisher,2644
Danny,Paxton,Danny Paxton,1270,M50-54,Male,,QLD,Australia,AU,0:31:14,2:38:21,2:00:21,,,5:17:51,1874,9501,7221,219,255,19071,43,37,1,43,33,4,32,30,1,43,37,1,Finisher,3500
James ,Ogilvie ,James Ogilvie,1266,M35-39,Male,Brinsmead,AU-QLD,Australia,AU,0:31:18,2:35:12,2:01:20,,,5:18:24,1878,9312,7280,482,153,19104,44,38,10,48,38,7,35,33,8,44,38,10,Finisher,2617
Tamir,Alford,Tamir Alford,1378,M25-29,Male,Parramatta Park,QLD,Israel,IL,0:29:03,2:58:23,1:45:06,,,5:19:13,1743,10703,6306,252,149,19153,45,39,10,13,11,4,81,67,13,45,39,10,Finisher,2346
Saskia,Jurriaans,Saskia Jurriaans,1209,F35-39,Female,North Ward,QLD,Netherlands,NL,0:31:39,2:46:16,1:53:27,,,5:19:25,1899,9976,6807,482,2,19165,46,7,3,52,11,6,69,10,6,46,7,3,Finisher,3022
Rose,Everitt,Rose Everitt,1019,F40-44,Female,Nundah,QLD,Australia,AU,0:30:05,2:48:40,1:50:41,,,5:19:49,1805,10120,6641,482,143,19189,47,8,1,25,6,1,71,12,1,47,8,1,Finisher,3500
Christopher,Vadas,Christopher Vadas,1342,M35-39,Male,Cairns,QLD,Australia,AU,0:32:32,2:49:10,1:50:18,,,5:19:56,1952,10150,6618,211,265,19196,48,40,11,63,51,9,65,58,15,48,40,11,Finisher,2589
Sam,Mcinnerney,Sam Mcinnerney,1245,M40-44,Male,,QLD,Australia,AU,0:32:45,2:36:47,1:59:30,,,5:20:06,1965,9407,7170,482,181,19206,49,41,5,68,55,5,45,40,5,49,41,5,Finisher,2882
Brendan,Mcmahon,Brendan Mcmahon,1246,M45-49,Male,Cairns,AU-QLD,Australia,AU,0:34:14,2:45:48,1:53:10,,,5:20:10,2054,9948,6790,230,189,19210,50,42,6,86,68,11,59,52,10,50,42,6,Finisher,3022
David,Arnold,David Arnold,1013,M55-59,Male,Ivory Creek,AU-QLD,Australia,AU,0:35:31,2:39:51,1:58:25,,,5:20:41,2131,9591,7105,235,179,19241,51,43,1,112,87,5,48,42,2,51,43,1,Finisher,3500
Ben,Marner,Ben Marner,1238,M35-39,Male,Morningside,QLD,Australia,AU,0:32:38,2:42:12,2:00:39,,,5:21:46,1958,9732,7239,174,204,19306,52,44,12,64,52,10,46,41,10,52,44,12,Finisher,2556
Judy,Kensington,Judy Kensington,1213,F35-39,Female,SUNSHINE BEACH,QLD,New Zealand,NZ,0:29:36,2:48:55,1:57:22,,,5:21:53,1776,10135,7042,154,206,19313,53,9,4,19,4,3,50,7,3,53,9,4,Finisher,2977
Brayden,Robinson,Brayden Robinson,1292,M25-29,Male,Mount Louisa,QLD,Australia,AU,0:35:16,2:35:18,2:06:30,,,5:21:57,2116,9318,7590,172,121,19317,54,45,11,107,83,15,33,31,8,54,45,11,Finisher,2297
Rob,Davison,Rob Davison,1138,M50-54,Male,Redlynch,QLD,Australia,AU,0:35:38,2:54:43,1:45:48,,,5:22:08,2138,10483,6348,216,143,19328,55,46,2,113,88,7,89,74,5,55,46,2,Finisher,3422
Nicholas,Kensington,Nicholas Kensington,1214,M45-49,Male,Sunshine Beach,QLD,New Zealand,NZ,0:27:46,2:34:44,2:14:18,,,5:22:43,1666,9284,8058,178,177,19363,56,47,7,3,3,2,13,13,1,56,47,7,Finisher,2976
James,Costello,James Costello,1126,M35-39,Male,Coombabah,QLD,Australia,AU,0:36:12,2:53:32,1:47:23,,,5:23:16,2172,10412,6443,202,168,19396,57,48,13,130,99,21,84,70,16,57,48,13,Finisher,2529
David,Souter,David Souter,1311,M45-49,Male,Huonville,AU-TAS,Australia,AU,0:34:12,2:42:23,2:01:00,,,5:24:02,2052,9743,7260,164,223,19442,58,49,8,85,67,10,49,43,8,58,49,8,Finisher,2952
Fabian,Williams,Fabian Williams,1356,M35-39,Male,Redlynch,QLD,Australia,AU,0:34:11,2:43:18,2:00:02,,,5:24:44,2051,9798,7202,218,217,19484,59,50,14,84,66,12,51,44,11,59,50,14,Finisher,2503
Matthew,Day,Matthew Day,1140,M30-34,Male,walkerston,QLD,Australia,AU,0:37:05,2:35:47,2:04:44,,,5:24:45,2225,9347,7484,236,192,19485,60,51,9,147,113,18,41,36,6,60,51,9,Finisher,2508
Kimberly,Alcorn,Kimberly Alcorn,1364,F30-34,Female,Bundaberg North,AU-QLD,Australia,AU,0:37:46,2:46:34,1:56:34,,,5:25:12,2266,9994,6994,134,124,19512,61,10,3,158,37,6,70,11,3,61,10,3,Finisher,2994
Andrew,Hermitage,Andrew Hermitage,1187,M25-29,Male,Katherine,AU-NT,Australia,AU,0:33:31,2:53:58,1:52:46,,,5:26:33,2011,10438,6766,225,152,19593,62,52,12,75,61,12,79,66,12,62,52,12,Finisher,2214
Brad,Dowling,Brad Dowling,1018,M50-54,Male,,QLD,Australia,AU,0:31:36,2:47:53,1:58:32,,,5:26:49,1896,10073,7112,253,275,19609,63,53,3,51,41,5,58,51,3,63,53,3,Finisher,3338
Adam,Phillips,Adam Phillips,1274,M35-39,Male,Smithfield,AU-QLD,Australia,AU,0:37:26,2:49:37,1:47:39,,,5:27:20,2246,10177,6459,437,321,19640,64,54,15,153,118,23,92,77,18,64,54,15,Finisher,2456
John,Weisgerber,John Weisgerber,1053,M55-59,Male,Redlynch,AU-QLD,Australia,AU,0:34:34,2:46:26,1:57:38,,,5:27:34,2074,9986,7058,235,300,19654,65,55,2,92,73,4,64,57,3,65,55,2,Finisher,3376
Marion,Hermitage,Marion Hermitage,1188,F55-59,Female,,QLD,Australia,AU,0:31:09,2:56:10,1:51:34,,,5:29:10,1869,10570,6694,482,136,19750,66,11,1,41,10,1,97,16,1,66,11,1,Finisher,3500
James,Leonard,James Leonard,1008,M40-44,Male,Moranbah,QLD,Australia,AU,0:33:23,2:47:27,2:01:47,,,5:30:52,2003,10047,7307,202,294,19852,67,56,6,73,59,6,60,53,6,67,56,6,Finisher,2688
Dominic,Toole,Dominic Toole,1034,M50-54,Male,Maroochydore BC,AU-QLD,Australia,AU,0:29:51,2:48:23,2:06:33,,,5:32:01,1791,10103,7593,235,199,19921,68,57,4,23,18,2,54,47,2,68,57,4,Finisher,3245
Angela,Vinnicombe,Angela Vinnicombe,1368,F40-44,Female,,QLD,Australia,AU,0:34:59,2:53:19,1:58:00,,,5:32:06,2099,10399,7080,168,180,19926,69,12,2,100,22,2,78,13,2,69,12,2,Finisher,3278
Kate,Gayner,Kate Gayner,1161,F35-39,Female,,QLD,Australia,AU,0:28:39,2:41:27,2:10:56,,,5:32:34,1719,9687,7856,482,211,19954,70,13,5,11,2,1,47,6,2,70,13,5,Finisher,2785
Andrew,Richardson,Andrew Richardson,1400,M45-49,Male,Mooroobool,QLD,Australia,AU,0:32:40,2:47:54,2:03:33,,,5:32:45,1960,10074,7413,234,285,19965,71,58,9,65,53,8,61,54,11,71,58,9,Finisher,2795
adam,beale,adam beale,1078,M45-49,Male,mooroobool,AU-QLD,Australia,AU,0:35:16,2:43:59,2:04:11,,,5:32:50,2116,9839,7451,209,355,19970,72,59,10,106,82,14,56,49,9,72,59,10,Finisher,2794
Juanita,Barter,Juanita Barter,1014,F45-49,Female,Madang,,Papua New Guinea,PG,0:39:00,2:50:53,1:57:26,,,5:33:22,2340,10253,7046,198,164,20002,73,14,2,177,44,3,85,15,2,73,14,2,Finisher,2968
Mark,Geddes,Mark Geddes,1401,M55-59,Male,Cairns,AU-QLD,Australia,AU,0:30:14,2:35:35,2:21:53,,,5:33:33,1814,9335,8513,160,191,20013,74,60,3,32,26,1,19,19,1,74,60,3,Finisher,3268
Toby,Slee,Toby Slee,1307,M30-34,Male,Busselton,AU-WA,Australia,AU,0:36:29,2:50:19,1:59:32,,,5:33:52,2189,10219,7172,252,201,20032,75,61,10,135,104,16,77,65,12,75,61,10,Finisher,2344
Giovanni,Clemente,Giovanni Clemente,1117,M25-29,Male,Campbelltown,SA,Australia,AU,0:43:24,2:55:02,1:49:05,,,5:35:24,2604,10502,6545,278,195,20124,76,62,13,241,165,29,137,112,20,76,62,13,Finisher,2054
Jordan,Andreu,Jordan Andreu,1386,M30-34,Male,Morningside,QLD,Australia,AU,0:37:36,2:45:01,2:02:55,,,5:36:16,2256,9901,7375,358,285,20176,77,63,11,156,120,19,72,60,9,77,63,11,Finisher,2301
Giro,Samale,Giro Samale,1297,M30-34,Male,Newstead,QLD,United States,US,0:36:08,2:48:57,2:04:57,,,5:38:38,2168,10137,7497,217,299,20318,78,64,12,128,98,15,73,61,10,78,64,12,Finisher,2258
Raymond,Genn,Raymond Genn,1163,M40-44,Male,"Manoora, Cairns",AU-QLD,Australia,AU,0:28:35,2:51:47,2:10:52,,,5:39:29,1715,10307,7852,271,224,20369,79,65,7,10,9,1,63,56,7,79,65,7,Finisher,2533
Steve,Van Bodegraven,Steve Van Bodegraven,1343,M40-44,Male,NIGHTCLIFF,NT,Australia,AU,0:38:10,2:54:19,2:02:04,,,5:40:39,2290,10459,7324,153,213,20439,80,66,8,162,123,13,95,80,8,80,66,8,Finisher,2512
Tracy,Darveniza,Tracy Darveniza,1136,F50-54,Female,South Johnstone,QLD,Australia,AU,0:38:05,2:56:04,2:00:42,,,5:41:50,2285,10564,7242,223,196,20510,81,15,1,161,39,5,109,19,1,81,15,1,Finisher,3500
Amy,Waddell,Amy Waddell,1348,F25-29,Female,Elanora,QLD,Australia,AU,0:37:51,2:59:35,1:58:30,,,5:42:36,2271,10775,7110,207,193,20556,82,16,2,160,38,8,123,22,4,82,16,2,Finisher,2953
Marcel,Zevenbergen,Marcel Zevenbergen,1362,M45-49,Male,Aitkenvale,QLD,Australia,AU,0:38:46,2:56:22,1:59:09,,,5:42:49,2326,10582,7149,279,235,20569,83,67,11,172,131,17,120,99,16,83,67,11,Finisher,2614
Donal,Watters,Donal Watters,1402,M55-59,Male,Smithfield,QLD,Australia,AU,0:39:42,2:54:02,1:57:45,,,5:42:51,2382,10442,7065,355,328,20571,84,68,4,186,137,10,118,97,6,84,68,4,Finisher,3101
Susannah,Deaman,Susannah Deaman,1017,F30-34,Female,Kanimbla,QLD,Australia,AU,0:38:42,2:55:42,2:03:06,,,5:43:05,2322,10542,7386,189,146,20585,85,17,4,171,41,7,108,18,4,85,17,4,Finisher,2672
Ash,Milroy,Ash Milroy,1250,M35-39,Male,Redlynch,AU-QLD,Australia,AU,0:35:10,2:56:58,2:03:12,,,5:43:06,2110,10618,7392,207,259,20586,86,69,16,105,81,16,101,84,19,86,69,16,Finisher,2172
Darren,Lydeamore,Darren Lydeamore,1233,M50-54,Male,,QLD,Australia,AU,0:36:07,2:53:56,2:02:29,,,5:43:22,2167,10436,7349,347,302,20602,87,70,5,127,97,9,104,87,6,87,70,5,Finisher,3040
Jamie,Martin,Jamie Martin,1393,M40-44,Male,Annandale,QLD,Australia,AU,0:37:26,2:53:28,2:03:40,,,5:44:52,2246,10408,7420,386,233,20692,88,71,9,152,117,12,106,89,11,88,71,9,Finisher,2436
Ryan,O'Hara,Ryan O'Hara,1263,M18-24,Male,wheelers Hill,VIC,Australia,AU,0:39:56,3:12:31,1:42:51,,,5:45:02,2396,11551,6171,301,283,20702,89,72,2,190,141,6,182,139,4,89,72,2,Finisher,2658
Ben,Sartor,Ben Sartor,1299,M25-29,Male,Yeronga,QLD,Australia,AU,0:31:22,2:58:30,2:07:12,,,5:45:18,1882,10710,7632,206,288,20718,90,73,14,49,39,9,86,71,14,90,73,14,Finisher,1876
Jane,Smith,Jane Smith,1033,F35-39,Female,Noosa,QLD,Australia,AU,0:30:17,2:52:11,2:16:23,,,5:46:17,1817,10331,8183,198,248,20777,91,18,6,33,7,5,68,9,5,91,18,6,Finisher,2538
Dustin,Osborn,Dustin Osborn,1269,M35-39,Male,Wavell Heights,QLD,Australia,AU,0:35:21,2:54:50,2:08:24,,,5:46:27,2121,10490,7704,234,239,20787,92,74,17,109,84,17,90,75,17,92,74,17,Finisher,2112
Hans,Cool,Hans Cool,1122,M35-39,Male,Manoora,AU-QLD,Belgium,BE,0:34:33,2:45:52,2:18:35,,,5:47:03,2073,9952,8315,260,223,20823,93,75,18,91,72,14,62,55,14,93,75,18,Finisher,2101
Jonathan,Gonzalez Botero,Jonathan Gonzalez Botero,1166,M25-29,Male,Surfers Paradise,QLD,Colombia,CO,0:37:01,2:54:00,2:09:57,,,5:47:06,2221,10440,7797,145,222,20826,94,76,15,145,111,16,87,72,15,94,76,15,Finisher,1844
Ji,Burton,Ji Burton,1098,M25-29,Male,TOWNSVILLE,QLD,Australia,AU,0:40:39,2:53:15,2:05:06,,,5:48:23,2439,10395,7506,341,222,20903,95,77,16,203,147,25,117,96,18,95,77,16,Finisher,1821
Troy,Harrison,Troy Harrison,1021,M55-59,Male,Crafers,SA,Australia,AU,0:36:19,2:55:16,2:06:35,,,5:48:46,2179,10516,7595,379,257,20926,96,78,5,133,102,8,110,91,5,96,78,5,Finisher,2994
Fiona,Lenz,Fiona Lenz,1229,F35-39,Female,Bowen,AU-QLD,Australia,AU,0:40:55,2:52:01,2:10:07,,,5:49:12,2455,10321,7807,148,221,20952,97,19,7,207,59,13,99,17,7,97,19,7,Finisher,2486
Catherine,Mercer,Catherine Mercer,1043,F35-39,Female,Carina heights,QLD,Australia,AU,0:41:51,3:03:51,1:56:01,,,5:49:58,2511,11031,6961,273,222,20998,98,20,8,222,67,14,162,35,11,98,20,8,Finisher,2472
Nicholas,Murphy,Nicholas Murphy,1382,M25-29,Male,Cairns North,QLD,Australia,AU,0:41:19,2:42:41,2:15:51,,,5:50:16,2479,9761,8151,296,328,21016,99,79,17,215,151,26,74,62,11,99,79,17,Finisher,1787
Mark,Turnbull,Mark Turnbull,1338,M45-49,Male,Cairns,QLD,Australia,AU,0:27:27,2:41:58,2:34:47,,,5:50:55,1647,9718,9287,206,197,21055,100,80,12,2,2,1,29,27,5,100,80,12,Finisher,2468
Heidi,Hatch,Heidi Hatch,1363,F25-29,Female,Ayr,QLD,Australia,AU,0:32:10,2:54:59,2:15:40,,,5:51:10,1930,10499,8140,265,236,21070,101,21,3,58,12,2,80,14,2,101,21,3,Finisher,2798
Robin,Van Der Ploeg,Robin Van Der Ploeg,1344,M35-39,Male,Townsville,QLD,Netherlands,NL,0:37:44,2:41:52,2:23:30,,,5:51:16,2264,9712,8610,210,280,21076,102,81,19,157,121,24,57,50,13,102,81,19,Finisher,2025
Gary,Williams,Gary Williams,1054,M60-64,Male,Cairns,AU-QLD,Australia,AU,0:35:01,2:55:37,2:12:06,,,5:51:34,2101,10537,7926,227,303,21094,103,82,1,101,79,3,93,78,1,103,82,1,Finisher,3500
Robert,Harvey,Robert Harvey,1182,M30-34,Male,Mount Pleasant,AU-WA,Australia,AU,0:36:42,2:57:12,2:07:48,,,5:51:35,2202,10632,7668,331,262,21095,104,83,13,139,106,17,116,95,14,104,83,13,Finisher,2025
Jane,Weir,Jane Weir,1052,F30-34,Female,Charters Towers,QLD,Australia,AU,0:33:08,3:18:54,1:53:14,,,5:51:51,1988,11934,6794,246,150,21111,105,22,5,71,14,4,177,42,5,105,22,5,Finisher,2514
John,Van Rooyen,John Van Rooyen,1413,M55-59,Male,STAFFORD,QLD,Australia,AU,0:39:53,3:08:19,1:53:37,,,5:52:12,2393,11299,6817,298,325,21132,106,84,6,189,140,11,168,131,10,106,84,6,Finisher,2932
Joshua,Baker,Joshua Baker,1073,M25-29,Male,Paignton,,Australia,AU,0:37:09,3:11:40,1:55:49,,,5:52:17,2229,11500,6949,213,246,21137,107,85,18,148,114,17,166,129,22,107,85,18,Finisher,1751
Vivian,Matthews,Vivian Matthews,1239,M60-64,Male,Kewarra beach,AU-QLD,Australia,AU,0:32:27,2:59:43,2:09:39,,,5:52:18,1947,10783,7779,371,258,21138,108,86,2,61,49,1,113,93,2,108,86,2,Finisher,3486
Steven,Sutcliffe,Steven Sutcliffe,1322,M55-59,Male,Clifton Beach,QLD,Australia,AU,0:36:32,2:55:28,2:13:12,,,5:52:36,2192,10528,7992,207,237,21156,109,87,7,137,105,9,100,83,4,109,87,7,Finisher,2925
Colleen,Boshoff,Colleen Boshoff,1086,F40-44,Female,Mount Isa,AU-QLD,Australia,AU,0:39:07,2:54:47,2:10:11,,,5:52:48,2347,10487,7811,254,269,21168,110,23,3,178,45,6,111,20,3,110,23,3,Finisher,2906
Benjamin,Coxon,Benjamin Coxon,1131,M25-29,Male,Trinity Beach,QLD,Australia,AU,0:34:54,2:58:17,2:10:44,,,5:52:57,2094,10697,7844,305,236,21177,111,88,19,99,78,14,112,92,17,111,88,19,Finisher,1739
Justin,Zanetich,Justin Zanetich,1390,M30-34,Male,Fishery Falls,AU-QLD,Australia,AU,0:33:29,3:05:09,2:08:32,,,5:54:11,2009,11109,7712,193,229,21251,112,89,14,74,60,12,129,104,15,112,89,14,Finisher,1979
Wayne ,Reynolds,Wayne Reynolds,1286,M50-54,Male,Holloways Beach,AU-QLD,Australia,AU,0:39:34,2:49:35,2:16:16,,,5:54:19,2374,10175,8176,263,271,21259,113,90,6,184,135,14,88,73,4,113,90,6,Finisher,2843
Meg,Taylor,Meg Taylor,1051,F25-29,Female,Mooroobool,QLD,Australia,AU,0:33:47,3:00:26,2:10:41,,,5:54:22,2027,10826,7841,272,295,21262,114,24,4,79,16,3,114,21,3,114,24,4,Finisher,2741
Mitch,Allen-Waters,Mitch Allen-Waters,1060,M25-29,Male,MOOROOBOOL,QLD,Australia,AU,0:44:31,3:02:28,1:57:34,,,5:55:39,2671,10948,7054,400,267,21339,115,91,20,252,170,33,171,133,23,115,91,20,Finisher,1690
Laure,Baumgartner,Laure Baumgartner,1077,F35-39,Female,Freshwater,AU-QLD,Australia,AU,0:29:06,3:09:00,2:05:34,,,5:55:39,1746,11340,7534,482,238,21339,116,25,9,14,3,2,150,30,9,116,25,9,Finisher,2369
Nancy,Cullen,Nancy Cullen,1374,F60-64,Female,West Beach,SA,Australia,AU,0:35:20,3:07:15,2:03:58,,,5:56:13,2120,11235,7438,277,302,21373,117,26,1,108,25,1,154,32,1,117,26,1,Finisher,3500
Jason,Selman,Jason Selman,1304,M50-54,Male,Aitkenvale,AU-QLD,Australia,AU,0:29:12,3:03:54,2:15:17,,,5:56:44,1752,11034,8117,225,276,21404,118,92,7,15,12,1,105,88,7,118,92,7,Finisher,2800
Shelley,Lewis,Shelley Lewis,1272,F40-44,Female,Fairfield Gardens,QLD,Australia,AU,0:36:31,3:04:19,2:09:32,,,5:56:57,2191,11059,7772,201,194,21417,119,27,4,136,32,4,140,27,4,119,27,4,Finisher,2831
Sue,Phillips,Sue Phillips,1373,F55-59,Female,,QLD,United Kingdom,GB,0:34:39,3:02:06,2:10:58,,,5:57:10,2079,10926,7858,304,263,21430,120,28,2,95,20,2,128,25,2,120,28,2,Finisher,2996
Joshua,Porta,Joshua Porta,1387,M30-34,Male,Clifton beach,QLD,Australia,AU,0:31:14,2:58:44,2:16:45,,,5:57:26,1874,10724,8205,300,343,21446,121,93,15,44,34,7,94,79,13,121,93,15,Finisher,1920
Jackson,Lee,Jackson Lee,1375,M18-24,Male,Garbutt,QLD,Australia,AU,0:38:36,3:01:21,2:07:33,,,5:57:30,2316,10881,7653,284,316,21450,122,94,3,168,128,5,143,115,3,122,94,3,Finisher,2434
Craig,Outtrim,Craig Outtrim,1399,M45-49,Male,Peregian Springs,QLD,Australia,AU,0:34:53,2:46:14,2:28:42,,,5:57:31,2093,9974,8922,262,199,21451,123,95,13,98,77,13,67,59,12,123,95,13,Finisher,2349
Caleb,Gunn,Caleb Gunn,1172,M35-39,Male,,QLD,Australia,AU,0:35:30,2:54:24,2:17:29,,,5:58:40,2130,10464,8249,347,331,21520,124,96,20,111,86,18,102,85,20,124,96,20,Finisher,1892
Sally,Green,Sally Green,1039,F50-54,Female,Smithfield,QLD,Australia,AU,0:40:57,2:56:28,2:14:10,,,5:58:51,2457,10588,8050,218,219,21531,125,29,2,209,61,6,124,23,2,125,29,2,Finisher,3193
Mike,Dunstan,Mike Dunstan,1150,M60-64,Male,,,Australia,AU,0:35:52,3:00:20,2:15:08,,,6:00:23,2152,10820,8108,236,306,21623,126,97,3,118,91,4,121,100,3,126,97,3,Finisher,3341
Kevin,Davies,Kevin Davies,1016,M50-54,Male,Mareeba,QLD,Australia,AU,0:30:48,2:58:37,2:18:58,,,6:00:34,1848,10717,8338,482,249,21634,127,98,8,38,29,3,107,90,8,127,98,8,Finisher,2731
Bonnie,Macmillan,Bonnie Macmillan,1037,F25-29,Female,Mount Isa,QLD,Australia,AU,0:40:59,2:58:52,2:12:23,,,6:01:02,2459,10732,7943,241,287,21662,128,30,5,210,62,12,138,26,5,128,30,5,Finisher,2621
Tim,Kennett,Tim Kennett,1212,M30-34,Male,Noosaville,AU-QLD,Australia,AU,0:40:38,2:55:45,2:13:21,,,6:01:39,2438,10545,8001,390,324,21699,129,99,16,202,146,20,135,110,16,129,99,16,Finisher,1844
Daniel,Hughes,Daniel Hughes,1199,M40-44,Male,Brinsmead,AU-QLD,Australia,AU,0:36:19,3:02:18,2:18:20,,,6:03:08,2179,10938,8300,184,187,21788,130,100,10,134,103,10,127,103,13,130,100,10,Finisher,2107
Scott,Ezard,Scott Ezard,1153,M45-49,Male,Caravonica,QLD,Australia,AU,0:43:14,2:53:57,2:16:45,,,6:03:15,2594,10437,8205,260,300,21795,131,101,14,239,163,24,125,102,17,131,101,14,Finisher,2246
Warren,Forbes,Warren Forbes,1156,M45-49,Male,Kallangur ,QLD,New Zealand,NZ,0:42:21,2:42:23,2:29:44,,,6:03:35,2541,9743,8984,300,247,21815,132,102,15,230,159,23,75,63,13,132,102,15,Finisher,2240
Brett,Carlsson,Brett Carlsson,1103,M40-44,Male,Redlynch,AU-QLD,Australia,AU,0:36:48,2:54:05,2:23:38,,,6:04:03,2208,10445,8618,263,309,21843,133,103,11,142,108,11,96,81,9,133,103,11,Finisher,2091
Peter,Greven,Peter Greven,1170,M45-49,Male,Innisfail,AU-QLD,Australia,AU,0:32:04,2:51:41,2:27:03,,,6:04:03,1924,10301,8823,484,312,21843,134,104,16,55,44,6,82,68,14,134,104,16,Finisher,2232
Vicky,Torrisi,Vicky Torrisi,1334,F40-44,Female,Bayview Heights,QLD,Australia,AU,0:40:59,2:59:57,2:15:04,,,6:05:45,2459,10797,8104,301,283,21945,135,31,5,211,63,11,148,29,5,135,31,5,Finisher,2673
Julie,Zeller,Julie Zeller,1361,F35-39,Female,Tennyson,AU-QLD,Australia,AU,0:33:55,3:07:56,2:14:16,,,6:06:37,2035,11276,8056,286,344,21997,136,32,10,80,17,8,152,31,10,136,32,10,Finisher,2172
Anthony,Cooper,Anthony Cooper,1123,M50-54,Male,Freshwater,QLD,Australia,AU,0:36:54,3:02:55,2:06:44,,,6:06:51,2214,10975,7604,577,641,22011,137,105,9,144,110,10,160,127,11,137,105,9,Finisher,2618
Candice,Priebbenow,Candice Priebbenow,1281,F30-34,Female,KINGSTON,ACT,Australia,AU,0:36:46,3:15:40,2:03:07,,,6:07:02,2206,11740,7387,306,383,22022,138,33,6,141,34,5,183,44,6,138,33,6,Finisher,2241
Mark,Prasser,Mark Prasser,1280,M35-39,Male,,QLD,Australia,AU,0:37:20,3:00:03,2:23:45,,,6:07:39,2240,10803,8625,173,218,22059,139,106,21,149,115,22,122,101,21,139,106,21,Finisher,1730
Margaret,Tremayne,Margaret Tremayne,1335,F55-59,Female,Huntly,AU-VIC,Australia,AU,0:41:41,3:09:19,2:06:49,,,6:08:10,2501,11359,7609,303,319,22090,140,34,3,219,66,5,176,41,3,140,34,3,Finisher,2798
Anton,Guinea,Anton Guinea,1040,M45-49,Male,,QLD,Australia,AU,0:36:05,2:56:18,2:28:35,,,6:08:22,2165,10578,8915,177,266,22102,141,107,17,124,95,15,98,82,15,141,107,17,Finisher,2154
Camilla,Lyttle,Camilla Lyttle,1235,F25-29,Female,Mountain Creek,QLD,United Kingdom,GB,0:40:42,3:18:28,1:57:15,,,6:09:16,2442,11908,7035,334,437,22156,142,35,6,204,57,11,211,56,9,142,35,6,Finisher,2473
Emma,Cook,Emma Cook,1369,F45-49,Female,Machans Beach,QLD,Australia,AU,0:40:19,2:56:43,2:23:54,,,6:09:58,2419,10603,8634,277,265,22198,143,36,3,197,55,4,126,24,3,143,36,3,Finisher,2309
Hamish,Watkins,Hamish Watkins,1351,M25-29,Male,Edge Hill,QLD,Australia,AU,0:38:26,3:15:28,2:07:22,,,6:09:59,2306,11728,7642,256,267,22199,144,108,21,165,126,21,185,141,24,144,108,21,Finisher,1432
Helen,Smyth,Helen Smyth,1309,F50-54,Female,Cairns,QLD,Australia,AU,0:37:30,3:11:48,2:15:12,,,6:10:29,2250,11508,8112,157,201,22229,145,37,3,154,36,4,165,37,4,145,37,3,Finisher,2984
Jaala,Papworth,Jaala Papworth,1046,F45-49,Female,Redlynch,QLD,Australia,AU,0:37:22,3:11:13,2:13:34,,,6:11:02,2242,11473,8014,294,239,22262,146,38,4,150,35,2,170,38,4,146,38,4,Finisher,2290
Emma,Blacklock,Emma Blacklock,1082,F40-44,Female,,QLD,Australia,AU,0:39:58,3:03:06,2:17:52,,,6:11:36,2398,10986,8272,288,352,22296,147,39,6,191,50,7,155,33,6,147,39,6,Finisher,2567
Demelza,Gardem,Demelza Gardem,1158,F35-39,Female,Mount Low,QLD,Australia,AU,0:40:08,2:58:51,2:21:45,,,6:12:15,2408,10731,8505,320,372,22335,148,40,11,195,53,11,141,28,8,148,40,11,Finisher,2071
Brendon,Hickman,Brendon Hickman,1193,M35-39,Male,Clifton Beach,QLD,Australia,AU,0:34:43,3:02:07,2:26:18,,,6:12:22,2083,10927,8778,328,226,22342,149,109,22,96,76,15,132,107,22,149,109,22,Finisher,1645
Rob,Tideman,Rob Tideman,1332,M50-54,Male,Machans Beach,QLD,Australia,AU,0:37:24,3:03:50,2:22:35,,,6:12:38,2244,11030,8555,198,330,22358,150,110,10,151,116,12,142,114,9,150,110,10,Finisher,2513
Matt,Richardson,Matt Richardson,1288,M35-39,Male,Bassendean,AU-WA,Australia,AU,0:39:34,3:03:42,2:16:44,,,6:14:20,2374,11022,8204,320,540,22460,151,111,23,183,134,28,158,125,24,151,111,23,Finisher,1610
Jeanette,Grigoris,Jeanette Grigoris,1372,F50-54,Female,Maroochydore,AU-QLD,Australia,AU,0:35:51,3:11:11,2:21:02,,,6:14:23,2151,11471,8462,178,201,22463,152,41,4,116,27,1,161,34,3,152,41,4,Finisher,2914
Scott,Hutchinson,Scott Hutchinson,1200,M40-44,Male,Caravonica,QLD,Australia,AU,0:35:29,3:21:01,2:09:18,,,6:15:19,2129,12061,7758,313,258,22519,153,112,12,110,85,9,198,150,16,153,112,12,Finisher,1888
Toby,Wicks,Toby Wicks,1385,M25-29,Male,Brisbane,QLD,Australia,AU,0:37:49,3:39:14,1:50:23,,,6:15:48,2269,13154,6623,226,276,22548,154,113,22,159,122,19,248,168,31,154,113,22,Finisher,1327
Rodney,Green,Rodney Green,1403,M60-64,Male,KAIRI,AU-QLD,Australia,AU,0:34:35,3:02:52,2:28:27,,,6:16:18,2075,10972,8907,269,354,22578,155,114,4,93,74,2,130,105,4,155,114,4,Finisher,3054
Shane,Brown,Shane Brown,1096,M45-49,Male,Cairns,QLD,Australia,AU,0:34:37,3:14:05,2:17:15,,,6:16:24,2077,11645,8235,225,403,22584,156,115,18,94,75,12,167,130,20,156,115,18,Finisher,2009
Matthew,Brady,Matthew Brady,1089,M30-34,Male,Freshwater,AU-QLD,Australia,AU,0:31:17,3:08:39,2:22:37,,,6:16:31,1877,11319,8557,310,528,22591,157,116,17,47,37,9,145,117,18,157,116,17,Finisher,1577
Paula,Pool,Paula Pool,1276,F40-44,Female,West End,QLD,Australia,AU,0:46:23,3:05:10,2:17:06,,,6:16:57,2783,11110,8226,261,237,22617,158,42,7,266,94,16,175,40,9,158,42,7,Finisher,2471
Krysti,Rosmalen-Brinkley,Krysti Rosmalen-Brinkley,1293,F25-29,Female,Whitfield,QLD,Australia,AU,0:42:39,3:25:57,2:02:05,,,6:17:14,2559,12357,7325,205,187,22634,159,43,7,232,73,17,230,70,14,159,43,7,Finisher,2329
Andrew,Lamond,Andrew Lamond,1224,M30-34,Male,Cairns North,QLD,Australia,AU,0:32:53,3:02:12,2:28:18,,,6:17:43,1973,10932,8898,470,390,22663,160,117,18,70,57,11,136,111,17,160,117,18,Finisher,1555
Emer,Flannery,Emer Flannery,1155,F25-29,Female,Coogee,NSW,Australia,AU,0:46:12,3:12:33,2:11:04,,,6:18:04,2772,11553,7864,188,307,22684,161,44,8,265,93,18,200,50,8,161,44,8,Finisher,2314
Laura,Manrique,Laura Manrique,1236,F25-29,Female,Kirra,QLD,Colombia,CO,0:34:21,3:27:14,2:05:56,,,6:18:24,2061,12434,7556,201,452,22704,162,45,9,88,19,5,212,57,10,162,45,9,Finisher,2308
Reuben,Richardson,Reuben Richardson,1290,M30-34,Male,CONDON,NSW,Australia,AU,0:42:59,3:07:20,2:19:03,,,6:18:32,2579,11240,8343,272,278,22712,163,118,19,235,161,23,173,134,20,163,118,19,Finisher,1540
Kara,Cronin,Kara Cronin,1132,F30-34,Female,Trinity Beach,QLD,Australia,AU,0:43:00,3:15:27,2:10:11,,,6:18:39,2580,11727,7811,229,371,22719,164,46,7,236,75,10,204,52,8,164,46,7,Finisher,2032
Jonathon,Bagley,Jonathon Bagley,1070,M25-29,Male,Smithfield,QLD,Australia,AU,0:32:07,2:54:05,2:40:35,,,6:19:15,1927,10445,9635,482,265,22755,165,119,23,57,46,10,91,76,16,165,119,23,Finisher,1265
Amy,Schmidt,Amy Schmidt,1302,F25-29,Female,Fairfield,QLD,Australia,AU,0:35:47,3:32:29,2:04:21,,,6:19:41,2147,12749,7461,191,232,22781,166,47,10,114,26,7,228,68,13,166,47,10,Finisher,2285
William,Dang,William Dang,1135,M35-39,Male,Wishart,QLD,Australia,AU,0:35:56,3:03:06,2:26:11,,,6:19:58,2156,10986,8771,421,464,22798,167,120,24,120,93,20,149,120,23,167,120,24,Finisher,1508
Annie,Smith,Annie Smith,1365,F30-34,Female,Fishery Falls,QLD,Australia,AU,0:40:07,3:23:53,2:09:04,,,6:20:47,2407,12233,7744,261,202,22847,168,48,8,194,52,9,218,63,9,168,48,8,Finisher,1993
Tristan,Jones,Tristan Jones,1207,M25-29,Male,ROSSLYN,QLD,United Kingdom,GB,0:45:45,3:16:56,2:01:44,,,6:20:57,2745,11816,7304,647,345,22857,169,121,24,262,172,34,235,163,29,169,121,24,Finisher,1235
Joshua,Mcdiarmid,Joshua Mcdiarmid,1241,M25-29,Male,Cairns,QLD,Australia,AU,0:40:26,2:59:01,2:31:36,,,6:22:07,2426,10741,9096,371,293,22927,170,122,25,198,143,24,147,119,21,170,122,25,Finisher,1214
Leighanna,Chappell,Leighanna Chappell,1109,F25-29,Female,Cairns,QLD,Australia,AU,0:34:04,3:24:32,2:18:19,,,6:23:15,2044,12272,8299,191,189,22995,171,49,11,82,18,4,199,49,7,171,49,11,Finisher,2221
Trudie,Trewin,Trudie Trewin,1337,F55-59,Female,Trinity Beach,QLD,Australia,AU,0:47:07,3:12:11,2:10:00,,,6:23:35,2827,11531,7800,458,399,23015,172,50,4,272,98,8,215,60,4,172,50,4,Finisher,2520
Michal,Nemecek,Michal Nemecek,1397,M40-44,Male,WOREE,foreigner,Australia,AU,0:40:01,3:18:30,2:16:45,,,6:23:38,2401,11910,8205,296,207,23018,173,123,13,193,142,15,206,153,17,173,123,13,Finisher,1738
Chris,Hansor,Chris Hansor,1180,M40-44,Male,Freshwater,AU-QLD,Australia,AU,0:39:52,2:54:25,2:38:48,,,6:24:19,2392,10465,9528,303,371,23059,174,124,14,188,139,14,115,94,12,174,124,14,Finisher,1726
Matthieu,Mo,Matthieu Mo,1251,M18-24,Male,Toronto,ON,Canada,CA,0:43:15,3:12:18,2:19:41,,,6:24:32,2595,11538,8381,289,269,23072,175,125,4,240,164,8,193,147,6,175,125,4,Finisher,1947
George,Russell,George Russell,1294,M35-39,Male,Innes Park,AU-QLD,Australia,AU,0:38:46,3:15:07,2:25:15,,,6:25:23,2326,11707,8715,210,166,23123,176,126,25,173,132,27,180,138,26,176,126,25,Finisher,1411
Colin,Stollery,Colin Stollery,1319,M55-59,Male,Bargara,QLD,Australia,AU,0:31:31,3:10:02,2:30:35,,,6:25:53,1891,11402,9035,335,491,23153,177,127,8,50,40,2,153,122,8,177,127,8,Finisher,2326
Jason,Lund,Jason Lund,1232,M45-49,Male,,QLD,Australia,AU,0:40:53,2:57:09,2:39:19,,,6:26:25,2453,10629,9559,251,293,23185,178,128,19,206,148,20,131,106,18,178,128,19,Finisher,1829
Jim,Ham,Jim Ham,1177,M18-24,Male,Birkdale,QLD,Australia,AU,0:30:12,2:56:27,2:44:54,,,6:26:43,1812,10587,9894,377,534,23203,179,129,5,30,24,2,83,69,2,179,129,5,Finisher,1908
Patrick,Norton,Patrick Norton,1381,M25-29,Male,Gilles Plains,SA,Australia,AU,0:44:23,2:49:03,2:41:00,,,6:26:50,2663,10143,9660,377,368,23210,180,130,26,251,169,32,119,98,19,180,130,26,Finisher,1129
Heather,Moore,Heather Moore,1252,F40-44,Female,Trinity beach,QLD,Australia,AU,0:40:29,3:08:22,2:26:50,,,6:27:21,2429,11302,8810,323,376,23241,181,51,8,199,56,9,172,39,8,181,51,8,Finisher,2284
William,Doble,William Doble,1144,M50-54,Male,Heatley,QLD,Australia,AU,0:39:48,3:07:47,2:22:36,,,6:27:34,2388,11267,8556,556,486,23254,182,131,11,187,138,15,179,137,13,182,131,11,Finisher,2245
Ruth,Bullen,Ruth Bullen,1015,F60-64,Female,,QLD,Australia,AU,0:40:55,3:20:32,2:20:09,,,6:27:57,2455,12032,8409,171,210,23277,183,52,2,208,60,3,209,55,4,183,52,2,Finisher,2928
Christopher,Arong,Christopher Arong,1067,M45-49,Male,White Rock,AU-QLD,Australia,AU,0:49:46,3:01:27,2:20:50,,,6:28:05,2986,10887,8450,428,534,23285,184,132,20,279,176,25,187,142,22,184,132,20,Finisher,1799
Peter,Anderson,Peter Anderson,1064,M35-39,Male,Kanimbla,QLD,Australia,AU,0:38:40,3:14:19,2:25:32,,,6:28:24,2320,11659,8732,292,301,23304,185,133,26,169,129,26,184,140,27,185,133,26,Finisher,1357
Sarah,Collins,Sarah Collins,1120,F60-64,Female,Currumbin waters,QLD,Australia,AU,0:41:53,3:14:05,2:20:25,,,6:28:56,2513,11645,8425,374,378,23336,186,53,3,224,68,4,203,51,2,186,53,3,Finisher,2911
Brendan,Dobe,Brendan Dobe,1143,M35-39,Male,MIAMI,QLD,Australia,AU,0:41:45,3:16:14,2:20:43,,,6:29:45,2505,11774,8443,349,315,23385,187,134,27,220,154,29,208,154,31,187,134,27,Finisher,1332
Thomas,Vijoen,Thomas Vijoen,1347,M40-44,Male,Wanguri,NT,Australia,AU,0:41:13,2:54:12,2:39:45,,,6:29:47,2473,10452,9585,441,436,23387,188,135,15,212,149,16,134,109,14,188,135,15,Finisher,1628
Tara,Whykes,Tara Whykes,1355,F30-34,Female,Earlville,QLD,Australia,AU,0:39:09,3:29:49,2:11:29,,,6:31:11,2349,12589,7889,365,278,23471,189,54,9,180,47,8,236,73,10,189,54,9,Finisher,1806
Sally,Byrne,Sally Byrne,1099,F25-29,Female,East brisbane,QLD,Ireland,IE,0:39:08,3:13:47,2:30:11,,,6:31:47,2348,11627,9011,273,248,23507,190,55,12,179,46,10,181,43,6,190,55,12,Finisher,2067
Jemima,Boyd,Jemima Boyd,1088,F25-29,Female,Cairns,QLD,Australia,AU,0:38:54,3:25:00,2:21:05,,,6:32:05,2334,12300,8465,232,194,23525,191,56,13,176,43,9,217,62,11,191,56,13,Finisher,2062
Gary,Wall,Gary Wall,1349,M55-59,Male,Darwin,AU-NT,Australia,AU,0:35:52,3:02:17,2:40:04,,,6:32:12,2152,10937,9604,352,488,23532,192,136,9,117,90,6,139,113,7,192,136,9,Finisher,2212
Gregory,Starmer,Gregory Starmer,1315,M40-44,Male,Redlynch,AU-QLD,Australia,AU,0:45:10,2:54:22,2:41:49,,,6:33:59,2710,10462,9709,351,407,23639,193,137,16,257,171,17,146,118,15,193,137,16,Finisher,1552
Kyle,Greene,Kyle Greene,1169,M30-34,Male,Cairns,QLD,Australia,AU,0:42:15,3:16:17,2:28:11,,,6:34:07,2535,11777,8891,216,227,23647,194,138,20,229,158,22,202,152,23,194,138,20,Finisher,1260
Varley,James,Varley James,1042,F40-44,Female,,QLD,Australia,AU,0:36:42,3:09:45,2:36:06,,,6:34:12,2202,11385,9366,235,465,23652,195,57,9,138,33,5,163,36,7,195,57,9,Finisher,2161
Darren,Hickenbotham,Darren Hickenbotham,1191,M50-54,Male,Caravonica,QLD,Australia,AU,0:32:05,3:13:15,2:36:59,,,6:34:38,1925,11595,9419,482,257,23678,196,139,12,56,45,6,169,132,12,196,139,12,Finisher,2117
Nick,Notaras,Nick Notaras,1262,M35-39,Male,SMITHFIELD,QLD,Australia,AU,0:43:50,3:07:57,2:26:35,,,6:34:53,2630,11277,8795,475,516,23693,197,140,28,247,168,32,190,144,28,197,140,28,Finisher,1240
Peter,Peckett,Peter Peckett,1271,M35-39,Male,Townsville,AU-QLD,Australia,AU,0:42:06,3:01:10,2:40:44,,,6:35:36,2526,10870,9644,352,344,23736,198,141,29,226,157,31,159,126,25,198,141,29,Finisher,1227
Robert,Mackenzie,Robert Mackenzie,1405,M70-74,Male,Caravonica,QLD,Australia,AU,0:36:17,3:20:04,2:32:04,,,6:35:59,2177,12004,9124,228,225,23759,199,142,1,132,101,1,192,146,1,199,142,1,Finisher,3500
Danielle,Garner,Danielle Garner,1159,F30-34,Female,Cairns,QLD,Australia,AU,0:32:42,3:20:53,2:28:37,,,6:36:10,1962,12053,8917,482,358,23770,200,58,10,66,13,3,197,48,7,200,58,10,Finisher,1716
Josh,Mcdonald,Josh Mcdonald,1242,M30-34,Male,Coolangatta,QLD,Australia,AU,0:29:36,3:21:57,2:31:12,,,6:36:43,1776,12117,9072,313,525,23803,201,143,21,20,16,3,178,136,21,201,143,21,Finisher,1213
Sean,Hampson,Sean Hampson,1178,M55-59,Male,Edmonton,QLD,Australia,AU,0:32:52,3:10:44,2:39:48,,,6:36:57,1972,11444,9588,285,527,23817,202,144,10,69,56,3,157,124,9,202,144,10,Finisher,2127
Justin,Haines,Justin Haines,1174,M25-29,Male,The Range,QLD,Australia,AU,0:38:23,3:39:43,2:06:44,,,6:37:11,2303,13183,7604,409,332,23831,203,145,27,164,125,20,259,172,32,203,145,27,Finisher,942
Andy,Steane,Andy Steane,1316,M60-64,Male,Blacks Beach,QLD,Australia,AU,0:36:53,3:04:52,2:43:32,,,6:37:14,2213,11092,9812,374,343,23834,204,146,5,143,109,5,156,123,5,204,146,5,Finisher,2678
Mark,Colbridge,Mark Colbridge,1119,M50-54,Male,,QLD,Australia,AU,0:38:49,3:26:46,2:23:46,,,6:37:57,2329,12406,8626,271,245,23877,205,147,13,175,133,13,224,158,15,205,147,13,Finisher,2058
Ching Siang,Cheng,Ching Siang Cheng,1111,M45-49,Male,Zetland,NSW,Singapore,SG,0:32:18,3:29:00,2:22:46,,,6:38:04,1938,12540,8566,482,359,23884,206,148,21,59,47,7,220,156,23,206,148,21,Finisher,1619
Daniel,Gibbs,Daniel Gibbs,1164,M18-24,Male,Kanimbla,QLD,Australia,AU,0:36:44,3:17:06,2:35:30,,,6:38:43,2204,11826,9330,273,289,23923,207,149,6,140,107,4,188,143,5,207,149,6,Finisher,1692
Paul,Moscos,Paul Moscos,1255,M35-39,Male,Belmont,QLD,Australia,AU,0:46:23,3:28:30,2:08:18,,,6:38:50,2783,12510,7698,538,401,23930,208,150,30,267,173,33,256,171,33,208,150,30,Finisher,1169
Roisin,Lyons,Roisin Lyons,1234,F18-24,Female,Kewarra Beach,QLD,Australia,AU,0:58:09,3:16:20,2:11:04,,,6:39:02,3489,11780,7864,482,327,23942,209,59,1,282,106,2,252,83,1,209,59,1,Finisher,3500
Leanda,Robbins,Leanda Robbins,1030,F60-64,Female,,QLD,Australia,AU,0:38:30,3:18:27,2:32:13,,,6:39:56,2310,11907,9133,379,267,23996,210,60,4,166,40,2,205,53,3,210,60,4,Finisher,2713
Naomi,Lewis,Naomi Lewis,1230,F40-44,Female,trinity beach,QLD,Australia,AU,0:44:47,3:23:22,2:21:36,,,6:39:56,2687,12202,8496,297,314,23996,211,61,10,254,84,14,234,72,13,211,61,10,Finisher,2057
Laura,Garner,Laura Garner,1160,F50-54,Female,,QLD,Australia,AU,0:36:09,3:19:37,2:33:21,,,6:40:05,2169,11977,9201,324,335,24005,212,62,5,129,31,3,195,47,5,212,62,5,Finisher,2451
Natasha,Freeman,Natasha Freeman,1157,F45-49,Female,Rapid Creek,NT,Australia,AU,0:43:35,3:32:34,2:13:43,,,6:42:01,2615,12754,8023,318,411,24121,213,63,5,243,78,7,250,82,7,213,63,5,Finisher,1733
Dave,Cavanagh,Dave Cavanagh,1107,M45-49,Male,Cairns,QLD,Australia,AU,0:40:32,3:11:22,2:41:22,,,6:43:39,2432,11482,9682,228,395,24219,214,151,22,200,144,18,174,135,21,214,151,22,Finisher,1519
Michael,Martin,Michael Martin,1396,M40-44,Male,Wynnum,QLD,Australia,AU,0:30:09,2:58:55,3:03:36,,,6:44:19,1809,10735,11016,405,294,24259,215,152,17,29,23,2,103,86,10,215,152,17,Finisher,1366
Macey,Chevalier,Macey Chevalier,1112,F25-29,Female,,QLD,Australia,AU,0:42:36,3:22:14,2:30:35,,,6:44:28,2556,12134,9035,264,279,24268,216,64,14,231,72,16,219,64,12,216,64,14,Finisher,1839
Donna,Dowling,Donna Dowling,1147,F50-54,Female,,QLD,Australia,AU,0:41:31,3:16:23,2:33:59,,,6:44:52,2491,11783,9239,334,445,24292,217,65,6,217,65,7,207,54,6,217,65,6,Finisher,2365
Jodie,Smith,Jodie Smith,1308,F45-49,Female,Charters Towers,QLD,Australia,AU,0:46:25,3:13:53,2:32:22,,,6:45:07,2785,11633,9142,309,438,24307,218,66,6,268,95,9,213,58,5,218,66,6,Finisher,1677
Shaun,Blackmore,Shaun Blackmore,1083,M30-34,Male,Mount Sheridan,QLD,Australia,AU,0:34:23,3:14:02,2:42:00,,,6:45:56,2063,11642,9720,167,764,24356,219,153,22,89,70,14,164,128,19,219,153,22,Finisher,1047
Margaret,Dobson,Margaret Dobson,1145,F50-54,Female,Scarborough,QLD,Australia,AU,0:35:56,3:29:00,2:30:11,,,6:46:00,2156,12540,9011,285,369,24360,220,67,7,121,28,2,222,65,7,220,67,7,Finisher,2345
Meghan,Aitken,Meghan Aitken,1058,F25-29,Female,Whitfield,QLD,Ireland,IE,0:41:16,3:33:57,2:19:54,,,6:46:06,2476,12837,8394,253,407,24366,221,68,15,213,64,13,243,77,16,221,68,15,Finisher,1810
Ben,Kettle,Ben Kettle,1215,M35-39,Male,Douglas,QLD,Australia,AU,0:41:51,3:15:55,2:39:36,,,6:46:11,2511,11755,9576,248,281,24371,222,154,31,221,155,30,201,151,30,222,154,31,Finisher,1037
Catherine,Mcgregor,Catherine Mcgregor,1244,F40-44,Female,Ellen Grove,QLD,Australia,AU,0:36:03,3:18:10,2:41:13,,,6:46:38,2163,11890,9673,328,344,24398,223,69,11,123,29,3,189,46,11,223,69,11,Finisher,1937
Michael,Krisanski,Michael Krisanski,1222,M30-34,Male,Redlynch,QLD,Australia,AU,0:41:17,3:09:11,2:37:16,,,6:47:36,2477,11351,9436,599,592,24456,224,155,23,214,150,21,194,148,22,224,155,23,Finisher,1017
Jared,Hohns,Jared Hohns,1195,M18-24,Male,Mareeba,QLD,Australia,AU,0:42:52,3:21:27,2:35:30,,,6:48:32,2572,12087,9330,306,217,24512,225,156,7,233,160,7,221,157,7,225,156,7,Finisher,1515
Alison,Bethune,Alison Bethune,1080,F40-44,Female,Hermit Park,QLD,Australia,AU,0:40:00,3:12:31,2:45:33,,,6:49:58,2400,11551,9933,345,369,24598,226,70,12,192,51,8,186,45,10,226,70,12,Finisher,1877
Tegan,Murphy,Tegan Murphy,1258,F35-39,Female,Mount Louisa,AU-QLD,Australia,AU,0:33:46,3:27:59,2:37:26,,,6:50:32,2026,12479,9446,337,344,24632,227,71,12,78,15,7,216,61,12,227,71,12,Finisher,1382
Georgina,Twomey,Georgina Twomey,1339,F35-39,Female,Westcourt,QLD,Australia,AU,0:45:22,3:30:30,2:24:20,,,6:50:44,2722,12630,8660,294,338,24644,228,72,13,259,88,16,247,80,15,228,72,13,Finisher,1378
Matthew,Wood,Matthew Wood,1359,M25-29,Male,North Kellyville,NSW,Australia,AU,0:43:44,3:47:40,2:07:24,,,6:51:00,2624,13660,7644,362,369,24660,229,157,28,246,167,31,273,175,33,229,157,28,Finisher,700
Tennealle,Nott,Tennealle Nott,1367,F40-44,Female,williamstown,VIC,Australia,AU,0:44:02,3:22:02,2:31:07,,,6:51:32,2642,12122,9067,342,520,24692,230,73,13,249,81,13,229,69,12,230,73,13,Finisher,1849
Gregory,Hall,Gregory Hall,1175,M50-54,Male,,QLD,Australia,AU,0:35:54,3:01:03,2:58:13,,,6:51:48,2154,10863,10693,475,524,24708,231,158,14,119,92,8,144,116,10,231,158,14,Finisher,1808
Amanda,Hanson,Amanda Hanson,1179,F45-49,Female,Redlynch,QLD,Australia,AU,0:44:39,3:17:33,2:41:23,,,6:53:00,2679,11853,9683,210,356,24780,232,74,7,253,83,8,214,59,6,232,74,7,Finisher,1535
Alexander,Baines,Alexander Baines,1072,M50-54,Male,Douglas,QLD,Australia,AU,0:37:05,3:21:59,2:44:13,,,6:53:31,2225,12119,9853,322,293,24811,233,159,15,146,112,11,210,155,14,233,159,15,Finisher,1778
Gordon,Botha,Gordon Botha,1087,M25-29,Male,Cloncurry,QLD,Australia,AU,0:43:37,3:18:24,2:36:16,,,6:54:29,2617,11904,9376,499,474,24869,234,160,29,244,166,30,225,159,26,234,160,29,Finisher,700
Phillip,Hermitage,Phillip Hermitage,1189,M65-69,Male,,QLD,Australia,AU,0:34:27,3:08:17,3:05:36,,,6:55:27,2067,11297,11136,219,208,24927,235,161,1,90,71,1,151,121,1,235,161,1,Finisher,3500
William,Hall,William Hall,1176,M25-29,Male,Alice River,QLD,Australia,AU,0:37:34,3:16:12,2:50:20,,,6:55:51,2254,11772,10220,359,346,24951,236,162,30,155,119,18,191,145,25,236,162,30,Finisher,700
Stephanie,Johnston,Stephanie Johnston,1022,F60-64,Female,,QLD,Australia,AU,0:48:23,3:16:27,2:42:43,,,6:56:03,2903,11787,9763,290,219,24963,237,75,5,276,101,6,223,66,5,237,75,5,Finisher,2423
Abbie,Stephens,Abbie Stephens,1317,F25-29,Female,Townsville,QLD,Australia,AU,0:41:56,3:28:50,2:33:18,,,6:56:07,2516,12530,9198,332,392,24967,238,76,16,225,69,14,237,74,15,238,76,16,Finisher,1629
Katherine,Johnson,Katherine Johnson,1205,F50-54,Female,,QLD,Australia,AU,0:44:57,3:41:50,2:17:33,,,6:56:20,2697,13310,8253,399,321,24980,239,77,8,255,85,9,267,94,11,239,77,8,Finisher,2159
Chloe,Mckenna,Chloe Mckenna,1406,F30-34,Female,Westcourt,QLD,Australia,AU,0:44:22,3:32:32,2:29:57,,,6:56:59,2662,12752,8997,238,370,25019,240,78,11,250,82,11,249,81,11,240,78,11,Finisher,1342
Nicholas,Blake,Nicholas Blake,1084,M25-29,Male,Bohle Plains,QLD,Australia,AU,0:41:36,3:24:47,2:41:52,,,6:57:24,2496,12287,9712,253,297,25044,241,163,31,218,153,27,226,160,27,241,163,31,Finisher,700
Samantha,Eales,Samantha Eales,1202,F35-39,Female,Manunda,QLD,Australia,AU,0:38:48,3:41:36,2:27:22,,,7:00:03,2328,13296,8842,441,297,25203,242,79,14,174,42,10,263,90,16,242,79,14,Finisher,1210
Karen,Joyce,Karen Joyce,1208,F40-44,Female,Trinity Beach,QLD,Australia,AU,0:45:00,3:44:07,2:14:17,,,7:00:24,2700,13447,8057,508,512,25224,243,80,14,256,86,15,274,99,15,243,80,14,Finisher,1689
Trish,Rutherford,Trish Rutherford,1295,F50-54,Female,Kirwan,QLD,Australia,AU,0:46:09,3:21:40,2:42:24,,,7:01:45,2769,12100,9744,270,422,25305,244,81,9,264,92,11,233,71,8,244,81,9,Finisher,2061
Andrew,Brookes,Andrew Brookes,1093,M45-49,Male,Bayview Heights,QLD,Australia,AU,0:41:21,3:31:24,2:35:27,,,7:02:20,2481,12684,9327,538,310,25340,245,164,23,216,152,21,251,169,25,245,164,23,Finisher,1183
Ari,Isman,Ari Isman,1201,M25-29,Male,Darwin,NT,Australia,AU,0:32:30,3:37:22,2:34:57,,,7:02:47,1950,13042,9297,459,619,25367,246,165,32,62,50,11,240,166,30,246,165,32,Finisher,700
Garry,Bateman,Garry Bateman,1076,M40-44,Male,Randwick,NSW,Australia,AU,0:46:34,3:29:38,2:36:19,,,7:04:56,2794,12578,9379,400,344,25496,247,166,18,269,174,18,253,170,18,247,166,18,Finisher,995
Joanne,Van Ewyk,Joanne Van Ewyk,1345,F30-34,Female,Port Douglas,QLD,Australia,AU,0:45:44,3:45:43,2:23:19,,,7:05:15,2744,13543,8599,238,391,25515,248,82,12,261,90,12,271,97,13,248,82,12,Finisher,1193
Joe,La Spina,Joe La Spina,1223,M45-49,Male,Soldiers Hill Mount Isa,QLD,Australia,AU,0:41:53,3:24:53,2:48:15,,,7:05:46,2513,12293,10095,331,313,25546,249,167,24,223,156,22,232,162,24,249,167,24,Finisher,1121
Brian,Lockwood,Brian Lockwood,1231,M35-39,Male,Lakeville,MN,Australia,AU,0:32:20,3:32:40,2:40:03,,,7:07:46,1940,12760,9603,697,665,25666,250,168,32,60,48,8,238,164,32,250,168,32,Finisher,700
Simon,Spinks,Simon Spinks,1312,M25-29,Male,Redlynch,QLD,Australia,AU,0:39:39,3:26:16,2:49:04,,,7:09:17,2379,12376,10144,376,481,25757,251,169,33,185,136,23,231,161,28,251,169,33,Finisher,700
Wayne,Hellmuth,Wayne Hellmuth,1184,M45-49,Male,,QLD,Australia,AU,0:40:38,2:55:56,3:22:06,,,7:11:40,2438,10556,12126,369,411,25900,252,170,25,201,145,19,133,108,19,252,170,25,Finisher,1015
Veronica,Thomson,Veronica Thomson,1331,F18-24,Female,Brinsmead,QLD,Australia,AU,0:39:18,3:40:37,2:41:57,,,7:11:54,2358,13237,9717,299,303,25914,253,83,2,181,48,1,258,87,2,253,83,2,Finisher,2908
Katie,Rodgers,Katie Rodgers,1409,F55-59,Female,Pimlico,QLD,Australia,AU,0:39:28,3:26:32,2:50:49,,,7:12:16,2368,12392,10249,319,608,25936,254,84,5,182,49,4,227,67,5,254,84,5,Finisher,1644
Katey,Seaborn,Katey Seaborn,1303,F35-39,Female,Bushland Beach,QLD,Australia,AU,0:50:25,3:24:50,2:44:37,,,7:12:18,3025,12290,9877,326,419,25938,255,85,15,280,104,17,246,79,14,255,85,15,Finisher,990
Kelly,Anderson,Kelly Anderson,1063,F35-39,Female,Weipa,QLD,Australia,AU,0:45:22,3:26:33,2:49:34,,,7:14:08,2722,12393,10174,355,404,26048,256,86,16,258,87,15,241,75,13,256,86,16,Finisher,957
Ray Ray,Wedmaier,Ray Ray Wedmaier,1352,M35-39,Male,Trinity Beach,QLD,Australia,AU,0:34:02,3:22:18,3:03:54,,,7:15:01,2042,12138,11034,313,574,26101,257,171,33,81,64,11,196,149,29,257,171,33,Finisher,700
Vicki,Coburn,Vicki Coburn,1118,F40-44,Female,,QLD,Australia,AU,0:43:25,3:40:30,2:39:29,,,7:15:14,2605,13230,9569,310,400,26114,258,87,15,242,77,12,264,91,14,258,87,15,Finisher,1422
Finlay,Cavanagh,Finlay Cavanagh,1108,M18-24,Male,Mackay,QLD,Australia,AU,0:36:06,3:44:41,2:44:20,,,7:15:28,2166,13481,9860,283,339,26128,259,172,8,126,96,3,260,173,8,259,172,8,Finisher,1030
Carolyn,Jenner,Carolyn Jenner,1204,F50-54,Female,Earlville,QLD,Australia,AU,0:43:54,3:35:32,2:42:53,,,7:19:59,2634,12932,9773,429,631,26399,260,88,10,248,80,8,262,89,9,260,88,10,Finisher,1733
Keely,Anderson,Keely Anderson,1062,F25-29,Female,Brinsmead,QLD,Australia,AU,0:34:46,3:44:20,2:53:55,,,7:21:47,2086,13460,10435,273,253,26507,261,89,17,97,21,6,255,85,17,261,89,17,Finisher,1167
Annette,Coppola,Annette Coppola,1125,F60-64,Female,Palm Cove,QLD,Papua New Guinea,PG,0:47:05,3:41:22,2:40:10,,,7:22:48,2825,13282,9610,414,437,26568,262,90,6,271,97,5,270,96,6,262,90,6,Finisher,1941
Lindsay,Welch,Lindsay Welch,1353,F45-49,Female,Trinity Park,QLD,Australia,AU,0:43:10,3:48:17,2:23:24,,,7:23:11,2590,13697,8604,887,814,26591,263,91,8,238,76,6,278,103,11,263,91,8,Finisher,992
Soraya,Shah,Soraya Shah,1305,F50-54,Female,Holloways  Beach,QLD,Australia,AU,0:45:25,3:40:55,2:45:26,,,7:24:21,2725,13255,9926,264,490,26661,264,92,11,260,89,10,265,92,10,264,92,11,Finisher,1654
Ross,Oakley,Ross Oakley,1264,M65-69,Male,Kippa-Ring,QLD,Australia,AU,0:38:32,3:32:43,3:02:47,,,7:24:32,2312,12763,10967,337,292,26672,265,173,2,167,127,2,239,165,2,265,173,2,Finisher,2976
Dianne,Power,Dianne Power,1049,F65-69,Female,Whiterock,QLD,Australia,AU,0:46:04,3:27:04,2:55:24,,,7:24:50,2764,12424,10524,427,551,26690,266,93,1,263,91,1,245,78,1,266,93,1,Finisher,3500
Mark,Todman,Mark Todman,1333,M55-59,Male,Freshwater,QLD,Australia,AU,0:35:58,3:36:26,2:59:36,,,7:26:45,2158,12986,10776,436,450,26805,267,174,11,122,94,7,244,167,11,267,174,11,Finisher,1230
Alyssa,Mcshane,Alyssa Mcshane,1247,F25-29,Female,Clifton Beach,QLD,Australia,AU,0:47:20,3:34:17,2:56:10,,,7:30:55,2840,12857,10570,285,503,27055,268,94,18,274,99,19,261,88,18,268,94,18,Finisher,1003
Faith,Atkins,Faith Atkins,1069,F55-59,Female,,QLD,Australia,AU,0:48:19,3:57:49,2:33:25,,,7:31:19,2899,14269,9205,393,313,27079,269,95,6,275,100,9,280,105,9,269,95,6,Finisher,1301
Melanie,Tyndall,Melanie Tyndall,1341,F45-49,Female,MORNINGSIDE,QLD,Australia,AU,0:48:26,3:28:28,2:59:47,,,7:31:42,2906,12508,10787,460,441,27102,270,96,9,277,102,10,257,86,8,270,96,9,Finisher,838
Mary-Ellen,Cox,Mary-Ellen Cox,1129,F55-59,Female,Clifton Beach,AU-QLD,Australia,AU,0:36:06,3:36:25,3:04:44,,,7:32:35,2166,12985,11084,350,570,27155,271,97,7,125,30,3,242,76,6,271,97,7,Finisher,1278
Emma,King,Emma King,1371,F45-49,Female,Bentley Park,QLD,Australia,AU,0:56:36,3:37:05,2:50:49,,,7:36:02,3396,13025,10249,353,339,27362,272,98,10,281,105,11,275,100,9,272,98,10,Finisher,760
Marjorie,Van Rooyen,Marjorie Van Rooyen,1412,F55-59,Female,STAFFORD,QLD,Australia,AU,0:43:37,3:33:49,3:07:12,,,7:37:44,2617,12829,11232,345,441,27464,273,99,8,245,79,7,254,84,7,273,99,8,Finisher,1185
Darelle,Taylor,Darelle Taylor,1325,F50-54,Female,Kewarra Beach,AU-QLD,Australia,AU,0:46:40,3:55:14,2:38:04,,,7:38:30,2800,14114,9484,417,695,27510,274,100,12,270,96,12,279,104,12,274,100,12,Finisher,1400
helen,kirby,helen kirby,1219,F40-44,Female,Bayview Heights,AU-QLD,Australia,AU,0:40:44,4:05:55,2:39:12,,,7:41:05,2444,14755,9552,508,405,27665,275,101,16,205,58,10,281,106,16,275,101,16,Finisher,957
Tanya,Davenport,Tanya Davenport,1137,F35-39,Female,,QLD,Australia,AU,0:40:10,3:55:45,2:49:18,,,7:41:19,2410,14145,10158,420,546,27679,276,102,17,196,54,12,276,101,17,276,102,17,Finisher,700
Martin,Barlow,Martin Barlow,1074,M55-59,Male,SMITHFIELD,QLD,Australia,AU,0:47:18,3:41:02,3:01:19,,,7:41:41,2838,13262,10879,332,391,27701,277,175,12,273,175,12,269,174,12,277,175,12,Finisher,962
Margaret,Hoff,Margaret Hoff,1194,F55-59,Female,Cairns,AU-QLD,Australia,AU,0:42:14,3:44:57,3:03:34,,,7:46:22,2534,13497,11014,377,560,27982,278,103,9,228,71,6,268,95,8,278,103,9,Finisher,1030
Natasha,Barlow,Natasha Barlow,1075,F25-29,Female,,QLD,Australia,AU,0:42:09,3:48:51,3:11:35,,,7:51:11,2529,13731,11495,288,229,28271,279,104,19,227,70,15,272,98,19,279,104,19,Finisher,700
Olia,Kolokolova,Olia Kolokolova,1220,F30-34,Female,East Lansing,MI,Australia,AU,0:49:26,3:35:58,3:14:16,,,7:53:37,2966,12958,11656,427,410,28417,280,105,13,278,103,13,266,93,12,280,105,13,Finisher,700
Jarrod,Hancock,Jarrod Hancock,1376,M25-29,Male,Mansfield,QLD,Australia,AU,0:43:07,4:07:49,2:59:20,,,7:58:09,2587,14869,10760,272,200,28689,281,176,34,237,162,28,282,176,34,281,176,34,Finisher,700
Felicity,Catelan,Felicity Catelan,1106,F45-49,Female,Edmonton,QLD,Australia,AU,0:42:55,3:55:36,3:07:16,,,7:58:43,2575,14136,11236,415,362,28723,282,106,11,234,74,5,277,102,10,282,106,11,Finisher,700
Troy,Geltch,Troy Geltch,1162,M25-29,Male,,QLD,Australia,AU,,,,,,,0,0,0,0,0,0,99999,99999,99999,99999,99999,99999,99999,99999,99999,99999,99999,99999,DNS,0
Mark,Thommason,Mark Thommason,1329,M40-44,Male,Sandy bay,TAS,Australia,AU,,,,,,,0,0,0,0,0,0,99999,99999,99999,99999,99999,99999,99999,99999,99999,99999,99999,99999,DNS,0
Laurence,Mackay,Laurence Mackay,1025,M25-29,Male,Toowoomba,QLD,Australia,AU,,,,,,,0,0,0,0,0,0,99999,99999,99999,99999,99999,99999,99999,99999,99999,99999,99999,99999,DNS,0
Paul,Fraser,Paul Fraser,1020,M45-49,Male,Hamilton island,QLD,Australia,AU,,,,,,,0,0,0,0,0,0,99999,99999,99999,99999,99999,99999,99999,99999,99999,99999,99999,99999,DNS,0
Mike,Mccluskey,Mike Mccluskey,1240,M55-59,Male,,QLD,Australia,AU,0:44:03,4:09:19,2:50:41,,,8:02:00,2643,14959,10241,514,563,28920,99999,99999,99999,99999,99999,99999,99999,99999,99999,99999,99999,99999,DNF,0
Mariam,Alzaabi,Mariam Alzaabi,1061,F25-29,Female,Wellington,WGN,United Arab Emirates,AE,,,,,,,0,0,0,0,0,0,99999,99999,99999,99999,99999,99999,99999,99999,99999,99999,99999,99999,DNS,0
Jason,Hamlyn,Jason Hamlyn,1006,M35-39,Male,Charters Towers,QLD,Australia,AU,,,,,,,0,0,0,0,0,0,99999,99999,99999,99999,99999,99999,99999,99999,99999,99999,99999,99999,DNS,0
Simon,Miller,Simon Miller,1249,M40-44,Male,,NSW,Australia,AU,,,,,,,0,0,0,0,0,0,99999,99999,99999,99999,99999,99999,99999,99999,99999,99999,99999,99999,DNS,0
Michael,Blakeney,Michael Blakeney,1085,M45-49,Male,,QLD,Australia,AU,,,,,,,0,0,0,0,0,0,99999,99999,99999,99999,99999,99999,99999,99999,99999,99999,99999,99999,DNS,0
Kerryn,Waters,Kerryn Waters,1035,M30-34,Male,Atherton,QLD,Australia,AU,,,,,,,0,0,0,0,0,0,99999,99999,99999,99999,99999,99999,99999,99999,99999,99999,99999,99999,DNS,0
Ric,Welsh,Ric Welsh,1354,M55-59,Male,Clifton Beach,QLD,Australia,AU,0:46:48,3:22:11,,,,,2808,12131,0,313,448,0,99999,99999,99999,99999,99999,99999,99999,99999,99999,99999,99999,99999,DNF,0
Dermot,Cahill,Dermot Cahill,1100,M50-54,Male,Smithfield,QLD,Australia,AU,0:53:41,3:42:11,3:16:05,,,8:09:26,3221,13331,11765,576,473,29366,99999,99999,99999,99999,99999,99999,99999,99999,99999,99999,99999,99999,DNF,0
Anthony,Marano,Anthony Marano,1237,M40-44,Male,Rosslea,QLD,Australia,AU,0:33:52,2:42:32,,,,,2032,9752,0,156,0,0,99999,99999,99999,99999,99999,99999,99999,99999,99999,99999,99999,99999,DNF,0
Robert,Macfarlane,Robert Macfarlane,1024,M50-54,Male,Cairns,QLD,Australia,AU,0:34:40,2:47:00,,,,,2080,10020,0,197,208,0,99999,99999,99999,99999,99999,99999,99999,99999,99999,99999,99999,99999,DNF,0
Duxsann,Gutierrez,Duxsann Gutierrez,1173,M30-34,Male,Villa Los Heroes,,Chile,CL,0:34:13,3:06:16,,,,,2053,11176,0,222,397,0,99999,99999,99999,99999,99999,99999,99999,99999,99999,99999,99999,99999,DNF,0
Peter,Cox,Peter Cox,1130,M55-59,Male,Clifton Beach,QLD,Australia,AU,0:35:12,3:40:27,3:34:28,,,8:06:31,2112,13227,12868,487,497,29191,99999,99999,99999,99999,99999,99999,99999,99999,99999,99999,99999,99999,DNF,0
Paul,Drabble,Paul Drabble,1148,M55-59,Male,Edmonton,QLD,Australia,AU,0:37:40,3:34:06,,,,,2260,12846,0,309,0,0,99999,99999,99999,99999,99999,99999,99999,99999,99999,99999,99999,99999,DNF,0
Terrence,Churstain,Terrence Churstain,1114,M45-49,Male,Baldivis,WA,New Zealand,NZ,,,,,,,0,0,0,0,0,0,99999,99999,99999,99999,99999,99999,99999,99999,99999,99999,99999,99999,DNS,0
Guy,Stanley,Guy Stanley,1314,M40-44,Male,Nobby beach,QLD,Jersey,JE,,,,,,,0,0,0,0,0,0,99999,99999,99999,99999,99999,99999,99999,99999,99999,99999,99999,99999,DNS,0
Glen,Prior,Glen Prior,1282,M55-59,Male,Mount Sheridan,QLD,Australia,AU,,,,,,,0,0,0,0,0,0,99999,99999,99999,99999,99999,99999,99999,99999,99999,99999,99999,99999,DNS,0
Merwe,Hartslief,Merwe Hartslief,1181,M45-49,Male,cairns,QLD,Australia,AU,,,,,,,0,0,0,0,0,0,99999,99999,99999,99999,99999,99999,99999,99999,99999,99999,99999,99999,DNS,0
Christopher,Clair,Christopher Clair,1115,M35-39,Male,Yorkeys Knob,QLD,Australia,AU,,,,,,,0,0,0,0,0,0,99999,99999,99999,99999,99999,99999,99999,99999,99999,99999,99999,99999,DNS,0
Glenn,Maskell,Glenn Maskell,1026,M45-49,Male,Hawthorn East,VIC,New Zealand,NZ,,,,,,,0,0,0,0,0,0,99999,99999,99999,99999,99999,99999,99999,99999,99999,99999,99999,99999,DNS,0
Jy,Stremouchiw,Jy Stremouchiw,1320,M40-44,Male,Yungaburra,QLD,Australia,AU,,,,,,,0,0,0,0,0,0,99999,99999,99999,99999,99999,99999,99999,99999,99999,99999,99999,99999,DNS,0
Brandi,Alberts,Brandi Alberts,1059,F18-24,Female,Urangan,QLD,Australia,AU,,,,,,,0,0,0,0,0,0,99999,99999,99999,99999,99999,99999,99999,99999,99999,99999,99999,99999,DNS,0
Jodie,Keirle,Jodie Keirle,1211,F45-49,Female,EDGE HILL,QLD,Australia,AU,,,,,,,0,0,0,0,0,0,99999,99999,99999,99999,99999,99999,99999,99999,99999,99999,99999,99999,DNS,0
Mark,Thinee,Mark Thinee,1328,M35-39,Male,Mount Isa,QLD,Australia,AU,,,,,,,0,0,0,0,0,0,99999,99999,99999,99999,99999,99999,99999,99999,99999,99999,99999,99999,DNS,0
Edward,Kinbacher,Edward Kinbacher,1218,M55-59,Male,Bayview Heights,AU-QLD,Australia,AU,0:40:52,3:15:19,,,,,2452,11719,0,331,0,0,99999,99999,99999,99999,99999,99999,99999,99999,99999,99999,99999,99999,DNF,0
Shane,Clayton,Shane Clayton,1116,M45-49,Male,Kimbe,WEST NEW BRITIAN,Papua New Guinea,PG,,,,,,,0,0,0,0,0,0,99999,99999,99999,99999,99999,99999,99999,99999,99999,99999,99999,99999,DNS,0
Chris,Thompson,Chris Thompson,1330,M40-44,Male,Norman Park,QLD,Australia,AU,,,,,,,0,0,0,0,0,0,99999,99999,99999,99999,99999,99999,99999,99999,99999,99999,99999,99999,DNS,0
Natalie,Brown,Natalie Brown,1095,F45-49,Female,New Beith,QLD,Australia,AU,0:31:29,2:39:13,,,,,1889,9553,0,482,0,0,99999,99999,99999,99999,99999,99999,99999,99999,99999,99999,99999,99999,DNF,0
Pamela,Pemberton,Pamela Pemberton,1408,F50-54,Female,townsville,QLD,Australia,AU,0:42:24,3:14:23,,,,,2544,11663,0,191,0,0,99999,99999,99999,99999,99999,99999,99999,99999,99999,99999,99999,99999,DNF,0
Peter,Mathews,Peter Mathews,1404,M70-74,Male,WELLINGTON POINT,QLD,Australia,AU,0:42:32,3:53:36,3:16:51,,,8:10:21,2552,14016,11811,464,577,29421,99999,99999,99999,99999,99999,99999,99999,99999,99999,99999,99999,99999,DNF,0
Lisa,Tyndall,Lisa Tyndall,1340,F45-49,Female,Oak valley,QLD,Australia,AU,,,,,,,0,0,0,0,0,0,99999,99999,99999,99999,99999,99999,99999,99999,99999,99999,99999,99999,DNS,0
Danielle,Cunningham,Danielle Cunningham,1134,F18-24,Female,Gold Coast,QLD,Australia,AU,,,,,,,0,0,0,0,0,0,99999,99999,99999,99999,99999,99999,99999,99999,99999,99999,99999,99999,DNS,0
Hsin,Hsieh,Hsin Hsieh,1198,M45-49,Male,Hualien,,Taiwan,TW,,,,,,,0,0,0,0,0,0,99999,99999,99999,99999,99999,99999,99999,99999,99999,99999,99999,99999,DNS,0
Jamus,Campbell,Jamus Campbell,1102,M35-39,Male,East Melbourne,VIC,Australia,AU,,,,,,,0,0,0,0,0,0,99999,99999,99999,99999,99999,99999,99999,99999,99999,99999,99999,99999,DNS,0
Laura,Leibrick,Laura Leibrick,1227,F55-59,Female,,QLD,Australia,AU,0:44:59,4:09:19,2:50:41,,,8:02:07,2699,14959,10241,465,564,28927,99999,99999,99999,99999,99999,99999,99999,99999,99999,99999,99999,99999,DNF,0
Robin,Moore,Robin Moore,1253,M55-59,Male,Aberfoyle Park,SA,Australia,AU,,,,,,,0,0,0,0,0,0,99999,99999,99999,99999,99999,99999,99999,99999,99999,99999,99999,99999,DNS,0
Edward,Dawson,Edward Dawson,1139,M25-29,Male,Alligator Creek,QLD,Australia,AU,,,,,,,0,0,0,0,0,0,99999,99999,99999,99999,99999,99999,99999,99999,99999,99999,99999,99999,DNS,0
Paul,Dryden,Paul Dryden,1149,M50-54,Male,Cairns,QLD,Australia,AU,,,,,,,0,0,0,0,0,0,99999,99999,99999,99999,99999,99999,99999,99999,99999,99999,99999,99999,DNS,0
James,Trenerry,James Trenerry,1336,M35-39,Male,Norwood,SA,Australia,AU,,,,,,,0,0,0,0,0,0,99999,99999,99999,99999,99999,99999,99999,99999,99999,99999,99999,99999,DNS,0
Chris,Muckert,Chris Muckert,1257,M35-39,Male,Red Hill,QLD,Australia,AU,,,,,,,0,0,0,0,0,0,99999,99999,99999,99999,99999,99999,99999,99999,99999,99999,99999,99999,DNS,0
Duoao,Sun,Duoao Sun,1321,M18-24,Male,Sydney,NSW,Australia,AU,,,,,,,0,0,0,0,0,0,99999,99999,99999,99999,99999,99999,99999,99999,99999,99999,99999,99999,DNS,0
Robert,Gordon,Robert Gordon,1167,M40-44,Male,Toowoomba East,QLD,Australia,AU,,,,,,,0,0,0,0,0,0,99999,99999,99999,99999,99999,99999,99999,99999,99999,99999,99999,99999,DNS,0
Matt,Nelson,Matt Nelson,1259,M40-44,Male,,,Australia,AU,,,,,,,0,0,0,0,0,0,99999,99999,99999,99999,99999,99999,99999,99999,99999,99999,99999,99999,DNS,0
Brett,Cook,Brett Cook,1121,M18-24,Male,Sebastopol,VIC,Australia,AU,,,,,,,0,0,0,0,0,0,99999,99999,99999,99999,99999,99999,99999,99999,99999,99999,99999,99999,DNS,0
Adam,Carmichael,Adam Carmichael,1398,M45-49,Male,Kangaroo Point,QLD,Australia,AU,,,,,,,0,0,0,0,0,0,99999,99999,99999,99999,99999,99999,99999,99999,99999,99999,99999,99999,DNS,0
Corey,Cox,Corey Cox,1128,M18-24,Male,Cairns,QLD,Australia,AU,0:35:57,3:47:58,3:21:15,,,8:02:49,2157,13678,12075,573,486,28969,99999,99999,99999,99999,99999,99999,99999,99999,99999,99999,99999,99999,DNF,0
John,O'Grady,John O'Grady,1267,M55-59,Male,Bayview Heights,AU-QLD,Australia,AU,0:49:48,,,,,,2988,0,0,305,0,0,99999,99999,99999,99999,99999,99999,99999,99999,99999,99999,99999,99999,DNF,0
Rhiannon,Hooper,Rhiannon Hooper,1197,F18-24,Female,GOBBAGOMBALIN,AU-NSW,Australia,AU,,,,,,,0,0,0,0,0,0,99999,99999,99999,99999,99999,99999,99999,99999,99999,99999,99999,99999,DNS,0
Caetlin,Watch,Caetlin Watch,1350,F35-39,Female,Annandale,QLD,Australia,AU,,,,,,,0,0,0,0,0,0,99999,99999,99999,99999,99999,99999,99999,99999,99999,99999,99999,99999,DNS,0
Gary,Barnes,Gary Barnes,1391,M35-39,Male,Auchenflower,QLD,Australia,AU,0:31:42,2:23:29,,,,,1902,8609,0,137,149,0,99999,99999,99999,99999,99999,99999,99999,99999,99999,99999,99999,99999,DNF,0
Emma,Forster,Emma Forster,1038,F30-34,Female,Islington,NSW,Australia,AU,,,,,,,0,0,0,0,0,0,99999,99999,99999,99999,99999,99999,99999,99999,99999,99999,99999,99999,DNS,0
Mark,Yeo,Mark Yeo,1360,M40-44,Male,,,Singapore,SG,,,,,,,0,0,0,0,0,0,99999,99999,99999,99999,99999,99999,99999,99999,99999,99999,99999,99999,DNS,0
Byron,Goddrick,Byron Goddrick,1165,M18-24,Male,Seaford,SA,Australia,AU,,,,,,,0,0,0,0,0,0,99999,99999,99999,99999,99999,99999,99999,99999,99999,99999,99999,99999,DNS,0
Harrison,Parks,Harrison Parks,1047,M18-24,Male,Townsville,QLD,Australia,AU,,,,,,,0,0,0,0,0,0,99999,99999,99999,99999,99999,99999,99999,99999,99999,99999,99999,99999,DNS,0
Scott,Winger,Scott Winger,1357,M45-49,Male,Trinity Beach,QLD,Australia,AU,0:41:02,3:51:49,3:04:57,,,8:04:43,2462,13909,11097,806,808,29083,99999,99999,99999,99999,99999,99999,99999,99999,99999,99999,99999,99999,DNF,0
Megan,Pickford,Megan Pickford,1275,F40-44,Female,Smithfield,QLD,Australia,AU,,,,,,,0,0,0,0,0,0,99999,99999,99999,99999,99999,99999,99999,99999,99999,99999,99999,99999,DNS,0
Matt,Stevens,Matt Stevens,1318,M35-39,Male,Kelso ,AU-QLD,Australia,AU,,,,,,,0,0,0,0,0,0,99999,99999,99999,99999,99999,99999,99999,99999,99999,99999,99999,99999,DNS,0
Marjo,Simpson,Marjo Simpson,1306,F60-64,Female,Stratford,QLD,Australia,AU,,,,,,,0,0,0,0,0,0,99999,99999,99999,99999,99999,99999,99999,99999,99999,99999,99999,99999,DNS,0
Fiona,Harper,Fiona Harper,1420,PC,Female,Cairns,QLD,Australia,AU,,,,,,,0,0,0,0,0,0,99999,99999,99999,99999,99999,99999,99999,99999,99999,99999,99999,99999,DNS,0
Nicolas Porras,Guzman,Nicolas Porras Guzman,1278,M30-34,Male,SOUTHPORT,QLD,Colombia,CO,,,,,,,0,0,0,0,0,0,99999,99999,99999,99999,99999,99999,99999,99999,99999,99999,99999,99999,DNS,0
Mitchell,Cummings,Mitchell Cummings,1133,M25-29,Male,Ourimbah,NSW,Australia,AU,,,,,,,0,0,0,0,0,0,99999,99999,99999,99999,99999,99999,99999,99999,99999,99999,99999,99999,DQ,0
Carmel,Hickey,Carmel Hickey,1192,F45-49,Female,,QLD,Australia,AU,,,,,,,0,0,0,0,0,0,99999,99999,99999,99999,99999,99999,99999,99999,99999,99999,99999,99999,DNS,0
Paul,Scanlon,Paul Scanlon,1300,M40-44,Male,Sydney,NSW,Australia,AU,,,,,,,0,0,0,0,0,0,99999,99999,99999,99999,99999,99999,99999,99999,99999,99999,99999,99999,DNS,0
Walter,Kilian,Walter Kilian,1217,M50-54,Male,Peakhurst,NSW,Australia,AU,,,,,,,0,0,0,0,0,0,99999,99999,99999,99999,99999,99999,99999,99999,99999,99999,99999,99999,DNS,0
Mandi,Olsen,Mandi Olsen,1268,F30-34,Female,Trinity Beach,QLD,Australia,AU,0:50:02,4:01:58,2:33:08,,,7:48:45,3002,14518,9188,636,780,28125,99999,99999,99999,99999,99999,99999,99999,99999,99999,99999,99999,99999,DNF,0
Russell,Bilsborow,Russell Bilsborow,1081,M60-64,Male,Prospect,SA,Australia,AU,,,,,,,0,0,0,0,0,0,99999,99999,99999,99999,99999,99999,99999,99999,99999,99999,99999,99999,DNS,0
Brett,Kettle,Brett Kettle,1216,M55-59,Male,Manly,QLD,Australia,AU,,,,,,,0,0,0,0,0,0,99999,99999,99999,99999,99999,99999,99999,99999,99999,99999,99999,99999,DNS,0
Lachlan,Kadell,Lachlan Kadell,1210,M18-24,Male,Belgian Gardens,QLD,Australia,AU,,,,,,,0,0,0,0,0,0,99999,99999,99999,99999,99999,99999,99999,99999,99999,99999,99999,99999,DNS,0
Paul,Griffin,Paul Griffin,1171,M45-49,Male,west end,QLD,Australia,AU,,,,,,,0,0,0,0,0,0,99999,99999,99999,99999,99999,99999,99999,99999,99999,99999,99999,99999,DNS,0
Carlos,Castro,Carlos Castro,1105,M30-34,Male,Cairns,QLD,Australia,AU,,,,,,,0,0,0,0,0,0,99999,99999,99999,99999,99999,99999,99999,99999,99999,99999,99999,99999,DQ,0
Rosemary,Nilsson,Rosemary Nilsson,1260,F45-49,Female,Walkerston,QLD,Australia,AU,,,,,,,0,0,0,0,0,0,99999,99999,99999,99999,99999,99999,99999,99999,99999,99999,99999,99999,DNS,0
Kathleen,Brown,Kathleen Brown,1094,F50-54,Female,Noosaville,QLD,Australia,AU,0:41:18,3:59:28,3:24:03,,,8:21:46,2478,14368,12243,521,497,30106,99999,99999,99999,99999,99999,99999,99999,99999,99999,99999,99999,99999,DNF,0
Luke,Muccignat,Luke Muccignat,1377,M25-29,Male,North Boambee Valley,AU-NSW,Australia,AU,,,,,,,0,0,0,0,0,0,99999,99999,99999,99999,99999,99999,99999,99999,99999,99999,99999,99999,DNS,0
Nadine,Edwards,Nadine Edwards,1005,F45-49,Female,Cairns,QLD,Australia,AU,,,,,,,0,0,0,0,0,0,99999,99999,99999,99999,99999,99999,99999,99999,99999,99999,99999,99999,DNS,0
Stephen,Mortimer,Stephen Mortimer,1254,M45-49,Male,Caravonica,QLD,United Kingdom,GB,,,,,,,0,0,0,0,0,0,99999,99999,99999,99999,99999,99999,99999,99999,99999,99999,99999,99999,DNS,0
Nissa,Doswell,Nissa Doswell,1146,F25-29,Female,Eden hills,SA,Australia,AU,,,,,,,0,0,0,0,0,0,99999,99999,99999,99999,99999,99999,99999,99999,99999,99999,99999,99999,DNS,0
Laura,Fernandes Lyons,Laura Fernandes Lyons,1154,F40-44,Female,Kuranda,QLD,Australia,AU,0:37:53,4:46:35,2:31:39,,,8:06:47,2273,17195,9099,302,338,29207,99999,99999,99999,99999,99999,99999,99999,99999,99999,99999,99999,99999,DNF,0
Kirsten,Jeffs,Kirsten Jeffs,1203,F45-49,Female,Bayview Heights,AU-QLD,Australia,AU,0:53:11,,,,,,3191,0,0,329,0,0,99999,99999,99999,99999,99999,99999,99999,99999,99999,99999,99999,99999,DNF,0
Allan,Dyer,Allan Dyer,1151,M45-49,Male,Burdell,QLD,Australia,AU,,,,,,,0,0,0,0,0,0,99999,99999,99999,99999,99999,99999,99999,99999,99999,99999,99999,99999,DNS,0
James,Mcgillewie,James Mcgillewie,1243,M18-24,Male,Douglas,QLD,South Africa,ZA,,,,,,,0,0,0,0,0,0,99999,99999,99999,99999,99999,99999,99999,99999,99999,99999,99999,99999,DNS,0
Ben,Coverdale,Ben Coverdale,1127,M40-44,Male,Daleys Point,NSW,Australia,AU,,,,,,,0,0,0,0,0,0,99999,99999,99999,99999,99999,99999,99999,99999,99999,99999,99999,99999,DNS,0
Ray,Minor,Ray Minor,1044,M55-59,Male,,QLD,Australia,AU,,,,,,,0,0,0,0,0,0,99999,99999,99999,99999,99999,99999,99999,99999,99999,99999,99999,99999,DNS,0
Nicholas,Rider,Nicholas Rider,1291,M25-29,Male,Brisbane,QLD,Australia,AU,,,,,,,0,0,0,0,0,0,99999,99999,99999,99999,99999,99999,99999,99999,99999,99999,99999,99999,DNS,0
John,Brock,John Brock,1092,M35-39,Male,Kewarra Beach,QLD,New Zealand,NZ,,,,,,,0,0,0,0,0,0,99999,99999,99999,99999,99999,99999,99999,99999,99999,99999,99999,99999,DNS,0
