FirstName,LastName,FullName,Bib,AgeGroup,Gender,City,State,Country,CountryISO,SwimTime,BikeTime,RunTime,T1Time,T2Time,FinishTime,SwimSeconds,BikeSeconds,RunSeconds,T1Seconds,T2Seconds,FinishSeconds,OverallRank,GenderRank,AgeGroupRank,SwimRankOverall,SwimRankGender,SwimRankGroup,BikeRankOverall,BikeRankGender,BikeRankGroup,RunRankOverall,RunRankGender,RunRankGroup,Status,Points
Jed,Radbone,Jed Radbone,190,M25-29,Male,Urrbrea,AU-SA,Australia,AU,0:27:17,2:12:43,1:30:01,0:01:42,0:01:19,4:13:02,1637,7963,5401,102,79,15182,1,1,1,1,1,1,1,1,1,1,1,1,Finisher,3500
Luis Miguel,Ruiz Narvaez,Luis Miguel Ruiz Narvaez,356,M40-44,Male,MELILLA,,Spain,ES,0:27:53,2:20:57,1:31:45,0:02:38,0:01:14,4:24:27,1673,8457,5505,158,74,15867,2,2,1,2,2,1,2,2,1,2,2,1,Finisher,3500
Assad,Attamimi,Assad Attamimi,109,M50-54,Male,Singapore,Singapore,Australia,AU,0:30:26,2:25:38,1:28:12,0:01:42,0:01:24,4:27:23,1826,8738,5292,102,84,16043,3,3,1,7,7,1,4,4,1,3,3,1,Finisher,3500
Yoshitaka,Imamura,Yoshitaka Imamura,345,M40-44,Male,ODAWARA-SHI,JP-14,Japan,JP,0:30:03,2:28:03,1:31:31,0:02:13,0:02:19,4:34:09,1803,8883,5491,133,139,16449,4,4,2,5,5,2,5,5,2,4,4,2,Finisher,3325
Alex,Thio,Alex Thio,269,M35-39,Male,Singapore,Singapore,Singapore,SG,0:29:42,2:20:16,1:43:07,0:02:11,0:01:25,4:36:41,1782,8416,6187,131,85,16601,5,5,1,4,4,1,3,3,1,5,5,1,Finisher,3500
Ernesto,Fernandez,Ernesto Fernandez,103,M35-39,Male,Panamá,PA-8,Panama,PA,0:32:49,2:28:07,1:39:13,0:03:06,0:02:04,4:45:18,1969,8887,5953,186,124,17118,6,6,2,12,12,4,10,10,4,6,6,2,Finisher,3344
Brice,Tchaplyguine,Brice Tchaplyguine,283,M35-39,Male,Singapore,Singapore,France,FR,0:35:19,2:26:30,1:43:17,0:02:29,0:01:24,4:48:59,2119,8790,6197,149,84,17339,7,7,3,24,23,7,11,11,5,7,7,3,Finisher,3278
Arjun,Kandikuppa,Arjun Kandikuppa,545,M35-39,Male,Singapore,Singapore,India,IN,0:35:14,2:26:25,1:44:49,0:02:07,0:01:55,4:50:29,2114,8785,6289,127,115,17429,8,8,4,23,22,6,8,8,3,8,8,4,Finisher,3251
Louis,Thiebault ,Louis Thiebault,273,M35-39,Male,Singapore,,France,FR,0:34:44,2:32:29,1:38:34,0:02:46,0:02:30,4:51:02,2084,9149,5914,166,150,17462,9,9,5,17,17,5,14,14,6,9,9,5,Finisher,3241
Auttapol,Charungwut,Auttapol Charungwut,141,M30-34,Male,หาดใหญ่,SONGKHLA,Thailand,TH,0:33:29,2:26:13,1:48:45,0:02:28,0:01:28,4:52:22,2009,8773,6525,148,88,17542,10,10,1,15,15,1,7,7,1,10,10,1,Finisher,3500
Adriel,Soares,Adriel Soares,241,M30-34,Male,Sao Paulo,BR-SP,Brazil,BR,0:40:47,2:32:50,1:36:16,0:02:44,0:01:41,4:54:18,2447,9170,5776,164,101,17658,11,11,2,84,77,9,27,26,4,11,11,2,Finisher,3465
Ling Er,Choo,Ling Er Choo,104,F35-39,Female,Tampines,Singapore,Singapore,SG,0:35:50,2:31:57,1:43:27,0:02:27,0:01:45,4:55:26,2150,9117,6207,147,105,17726,12,1,1,28,2,1,15,1,1,12,1,1,Finisher,3500
Muhammad Rabani,Hashim,Muhammad Rabani Hashim,541,M30-34,Male,Kuala Terengganu,MY-11,Malaysia,MY,0:43:25,2:26:38,1:43:37,0:02:09,0:01:29,4:57:19,2605,8798,6217,129,89,17839,13,12,3,110,100,11,21,20,2,13,12,3,Finisher,3410
Jarrad,Bolton,Jarrad Bolton,116,M35-39,Male,Margaret River,AU-WA,Australia,AU,0:30:54,2:27:27,1:55:18,0:02:48,0:02:15,4:58:43,1854,8847,6918,168,135,17923,14,13,6,8,8,3,6,6,2,14,13,6,Finisher,3103
Hector,Perez Garcia,Hector Perez Garcia,287,M35-39,Male,Singapore,Singapore,Singapore,SG,0:36:53,2:37:02,1:42:06,0:02:14,0:01:38,4:59:54,2213,9422,6126,134,98,17994,15,14,7,32,30,10,26,25,10,15,14,7,Finisher,3082
Kok Hoo,Gan,Kok Hoo Gan,285,M35-39,Male,Selangor malaysia,SELANGOR,Malaysia,MY,0:39:21,2:28:46,1:47:42,0:02:45,0:01:35,5:00:10,2361,8926,6462,165,95,18010,16,15,8,56,53,14,19,18,8,16,15,8,Finisher,3077
Martin,Malleier,Martin Malleier,497,M55-59,Male,johor ,MY-01,Austria,AT,0:35:27,2:32:15,1:48:26,0:02:35,0:02:52,5:01:35,2127,9135,6506,155,172,18095,17,16,1,25,24,1,16,15,1,17,16,1,Finisher,3500
Matt,Oblak,Matt Oblak,102,M35-39,Male,Mundijong,AU-WA,Australia,AU,0:37:29,2:31:39,1:50:12,0:02:05,0:01:39,5:03:03,2249,9099,6612,125,99,18183,18,17,9,39,37,12,20,19,9,18,17,9,Finisher,3025
James,Farley,James Farley,144,M35-39,Male,Singapore,Singapore,Unknown,,0:42:42,2:35:42,1:40:44,0:02:59,0:01:37,5:03:43,2562,9342,6044,179,97,18223,19,18,10,96,88,19,34,33,13,19,18,10,Finisher,3013
Thomas,Espinasse,Thomas Espinasse,199,M25-29,Male,Jakarta,JAKARTA RAYA,France,FR,0:37:18,2:33:45,1:47:59,0:03:15,0:02:47,5:05:04,2238,9225,6479,195,167,18304,20,19,2,36,34,5,23,22,4,20,19,2,Finisher,2563
Rodrigo,Aja,Rodrigo Aja,315,M40-44,Male,Kuala Lumpur,MY-14,Mexico,MX,0:31:17,2:36:04,1:56:04,0:03:17,0:01:25,5:08:08,1877,9364,6964,197,85,18488,21,20,3,9,9,3,18,17,4,21,20,3,Finisher,2713
Titan,Webster,Titan Webster,101,M25-29,Male,High Wycombe,AU-WA,Australia,AU,0:33:09,2:34:05,1:57:28,0:02:31,0:01:40,5:08:52,1989,9245,7048,151,100,18532,22,21,3,13,13,2,13,13,3,22,21,3,Finisher,2495
Mirko,Zenga,Mirko Zenga,114,M30-34,Male,Singapore ,Singapore,Italy,IT,0:38:38,2:39:55,1:45:32,0:02:45,0:02:25,5:09:15,2318,9595,6332,165,145,18555,23,22,4,47,45,5,33,32,5,23,22,4,Finisher,3196
Ethan,Lee,Ethan Lee,258,M35-39,Male,Singapore ,,Singapore,SG,0:35:29,2:38:43,1:49:22,0:03:07,0:03:08,5:09:50,2129,9523,6562,187,188,18590,24,23,11,26,25,8,30,29,12,24,23,11,Finisher,2903
Muhammad Azmir,Mohd Taib,Muhammad Azmir Mohd Taib,558,M40-44,Male,PUCHONG,MY-10,Malaysia,MY,0:39:10,2:30:17,1:53:24,0:03:33,0:03:42,5:10:06,2350,9017,6804,213,222,18606,25,24,4,51,48,9,22,21,5,25,24,4,Finisher,2678
Mohd Fawwaz,Mohd Fauzi,Mohd Fawwaz Mohd Fauzi,555,M40-44,Male,Malaysia,MY-10,Malaysia,MY,0:43:08,2:29:47,1:52:33,0:02:21,0:03:08,5:10:56,2588,8987,6753,141,188,18656,26,25,5,104,95,20,25,24,6,26,25,5,Finisher,2663
Teck Loon,Tan,Teck Loon Tan,559,M45-49,Male,Singapore,Singapore,Singapore,SG,0:35:34,2:36:09,1:51:16,0:05:34,0:02:43,5:11:15,2134,9369,6676,334,163,18675,27,26,1,27,26,5,29,28,1,27,26,1,Finisher,3500
Michael,Wolfe,Michael Wolfe,168,M50-54,Male,Singapore,Singapore,Australia,AU,0:31:48,2:46:28,1:48:58,0:03:13,0:02:02,5:12:28,1908,9988,6538,193,122,18748,28,27,2,10,10,2,35,34,2,28,27,2,Finisher,2688
Aurelien,Bonnet,Aurelien Bonnet,392,M45-49,Male,Singapore,Singapore,France,FR,0:39:12,2:41:25,1:47:12,0:02:50,0:02:00,5:12:39,2352,9685,6432,170,120,18759,29,28,2,54,51,9,40,39,4,29,28,2,Finisher,3474
Russell,Van Der Water,Russell Van Der Water,169,M50-54,Male,Holland Grove Park,Singapore,Australia,AU,0:41:08,2:42:57,1:47:11,0:03:09,0:01:44,5:16:09,2468,9777,6431,189,104,18969,30,29,3,85,78,6,59,57,4,30,29,3,Finisher,2622
Andrew,Patterson,Andrew Patterson,171,M50-54,Male,Singapore,03,Unknown,,0:44:24,2:41:33,1:46:20,0:02:44,0:01:18,5:16:19,2664,9693,6380,164,78,18979,31,30,4,124,111,11,64,62,7,31,30,4,Finisher,2619
Fahad,Ali,Fahad Ali,261,M35-39,Male,East- Riffa,Southern,Bahrain,BH,0:52:05,2:37:47,1:41:35,0:02:54,0:02:06,5:16:27,3125,9467,6095,174,126,18987,32,31,12,255,216,36,84,82,18,32,31,12,Finisher,2784
Ciaran,Mcnally,Ciaran Mcnally,143,M35-39,Male,Singapore,Singapore,Unknown,,0:30:20,2:35:59,2:04:32,0:03:59,0:02:06,5:16:56,1820,9359,7472,239,126,19016,33,32,13,6,6,2,17,16,7,33,32,13,Finisher,2775
Robin,Guist,Robin Guist,232,M30-34,Male,Kösching ,BY,Germany,DE,0:39:52,2:32:00,1:59:32,0:02:52,0:02:56,5:17:11,2392,9120,7172,172,176,19031,34,33,5,64,61,6,24,23,3,34,33,5,Finisher,3053
Sabine Claudia,Egger-Weickhardt,Sabine Claudia Egger-Weickhardt,110,F50-54,Female,Phuket,,Australia,AU,0:44:12,2:39:02,1:49:43,0:02:41,0:01:41,5:17:19,2652,9542,6583,161,101,19039,35,2,1,119,12,2,49,2,1,35,2,1,Finisher,3500
Nico,Ng,Nico Ng,113,M30-34,Male,Singapore,Singapore,Singapore,SG,0:37:25,2:48:29,1:46:53,0:03:14,0:02:16,5:18:16,2245,10109,6413,194,136,19096,36,34,6,37,35,4,67,65,8,36,34,6,Finisher,3033
Fang Yu,Hoo,Fang Yu Hoo,531,M25-29,Male,Singapore,01,Singapore,SG,0:34:36,2:27:18,2:13:24,0:01:54,0:01:36,5:18:49,2076,8838,8004,114,96,19129,37,35,4,16,16,3,9,9,2,37,35,4,Finisher,2315
Zi Xuan,Lim,Zi Xuan Lim,112,M25-29,Male,Singapore,Singapore,Malaysia,MY,0:46:13,2:32:51,1:55:04,0:02:34,0:02:07,5:18:49,2773,9171,6904,154,127,19129,38,36,5,154,135,12,36,35,5,38,36,5,Finisher,2315
Mohd Ridwan ,Bin Mustafa,Mohd Ridwan Bin Mustafa,590,M35-39,Male,Cheras,WILAYAH PERSEKUTUAN KUALA LUMPUR,Malaysia,MY,0:44:34,2:38:54,1:50:03,0:03:08,0:02:22,5:19:02,2674,9534,6603,188,142,19142,39,37,14,128,114,25,54,52,16,39,37,14,Finisher,2737
Laurent,Assassa,Laurent Assassa,554,M40-44,Male,Saint-André,Réunion,France,FR,0:38:04,2:46:18,1:51:08,0:02:45,0:01:16,5:19:31,2284,9978,6668,165,76,19171,40,38,6,43,41,6,57,55,12,40,38,6,Finisher,2508
Bruno Otávio,Menezes Da Luz,Bruno Otávio Menezes Da Luz,332,M40-44,Male,Singapore,Singapore,Brazil,BR,0:31:54,2:43:40,1:59:50,0:02:31,0:02:27,5:20:23,1914,9820,7190,151,147,19223,41,39,7,11,11,4,31,30,7,41,39,7,Finisher,2493
Justin,Tan,Justin Tan,128,M45-49,Male,Singapore,SOUTH WEST,Singapore,SG,0:33:27,2:47:06,1:56:45,0:03:00,0:01:54,5:22:12,2007,10026,7005,180,114,19332,42,40,3,14,14,2,42,41,5,42,40,3,Finisher,3302
Scott,Johnstone,Scott Johnstone,159,M45-49,Male,Singapore,Singapore,Singapore,SG,0:29:20,2:49:24,1:58:04,0:03:27,0:02:21,5:22:35,1760,10164,7084,207,141,19355,43,41,4,3,3,1,38,37,2,43,41,4,Finisher,3296
Kyle,Arnold,Kyle Arnold,105,M40-44,Male,Singapore,Singapore,Singapore,SG,0:35:05,2:31:34,2:11:53,0:01:59,0:02:15,5:22:47,2105,9094,7913,119,135,19367,44,42,8,21,20,5,12,12,3,44,42,8,Finisher,2450
Satowa,Ota,Satowa Ota,130,F45-49,Female,Kathu,,Thailand,TH,0:40:34,2:52:14,1:43:13,0:03:45,0:03:02,5:22:48,2434,10334,6193,225,182,19368,45,3,1,80,7,1,100,6,1,45,3,1,Finisher,3500
Edson,Junior,Edson Junior,594,M40-44,Male,singapore,Singapore,Brazil,BR,0:44:56,2:37:30,1:56:15,0:02:54,0:02:24,5:23:57,2696,9450,6975,174,144,19437,46,43,9,132,118,22,47,46,9,46,43,9,Finisher,2429
Shem,Leong,Shem Leong,561,M45-49,Male,singapore,Singapore,Singapore,SG,0:37:12,2:45:08,1:56:11,0:02:53,0:02:51,5:24:15,2232,9908,6971,173,171,19455,47,44,5,35,33,6,44,43,6,47,44,5,Finisher,3266
Tatiana,Timofeeva,Tatiana Timofeeva,297,F35-39,Female,Singapore,Singapore,Singapore,SG,0:45:33,2:45:35,1:47:57,0:03:13,0:02:06,5:24:24,2733,9935,6477,193,126,19464,48,4,2,143,17,6,91,5,3,48,4,2,Finisher,2978
Jorge,Luis,Jorge Luis,544,M35-39,Male,Abu Dhabi,Abu Dhabi,Spain,ES,0:38:16,2:35:41,2:06:52,0:02:48,0:02:31,5:26:08,2296,9341,7612,168,151,19568,49,45,15,45,43,13,28,27,11,49,45,15,Finisher,2609
Agnieszka,Najnigier Pierzynowska,Agnieszka Najnigier Pierzynowska,120,F40-44,Female,Warszawa,Mazowieckie,Poland,PL,0:40:20,2:50:18,1:50:29,0:02:59,0:02:27,5:26:34,2420,10218,6629,179,147,19594,50,5,1,71,4,1,87,4,1,50,5,1,Finisher,3500
Renaud,Joly,Renaud Joly,454,M50-54,Male,Singapore,,Switzerland,CH,0:43:21,2:41:09,1:57:55,0:03:18,0:02:15,5:27:59,2601,9669,7075,198,135,19679,51,46,5,109,99,10,60,58,5,51,46,5,Finisher,2409
Jin Shawn,Lai,Jin Shawn Lai,151,M40-44,Male,PETALING JAYA,MY-10,Malaysia,MY,0:40:13,2:46:26,1:57:37,0:02:57,0:01:36,5:28:50,2413,9986,7057,177,96,19730,52,47,10,68,65,15,68,66,16,52,47,10,Finisher,2341
Axel,Schweitzer,Axel Schweitzer,487,M55-59,Male,Singapore,Singapore,Germany,DE,0:41:29,2:45:00,1:55:41,0:04:10,0:03:14,5:29:35,2489,9900,6941,250,194,19775,53,48,2,89,82,5,75,73,4,53,48,2,Finisher,2996
Paul,Walshe,Paul Walshe,323,M40-44,Male,Singapore,05,Ireland,IE,0:39:39,2:34:29,2:09:05,0:04:13,0:02:19,5:29:46,2379,9269,7745,253,139,19786,54,49,11,60,57,12,32,31,8,54,49,11,Finisher,2324
Hanley,Lu,Hanley Lu,589,M35-39,Male,Kuala Lumpur,MY-14,Malaysia,MY,0:40:08,2:42:38,1:59:41,0:04:01,0:03:19,5:29:46,2408,9758,7181,241,199,19786,55,50,16,66,63,15,56,54,17,55,50,16,Finisher,2544
Boris,Angerer,Boris Angerer,560,M45-49,Male,Dietmannsried,BY,Germany,DE,0:51:05,2:41:06,1:52:19,0:02:46,0:02:30,5:29:47,3065,9666,6739,166,150,19787,56,51,6,237,200,32,94,89,12,56,51,6,Finisher,3166
Nigel,Anthony Lim Tat Wai,Nigel Anthony Lim Tat Wai,131,M50-54,Male,KUALA LUMPUR,MY-14,Malaysia,MY,0:47:37,2:40:02,1:58:28,0:02:08,0:02:00,5:30:15,2857,9602,7108,128,120,19815,57,52,6,175,151,15,71,69,8,57,52,6,Finisher,2368
Mohammad,Jamian,Mohammad Jamian,305,M40-44,Male,Singapore,Singapore,Singapore,SG,0:42:44,2:45:24,1:57:48,0:02:49,0:02:02,5:30:45,2564,9924,7068,169,122,19845,58,53,12,97,89,18,77,75,19,58,53,12,Finisher,2306
Wei Quan,Ng,Wei Quan Ng,204,M25-29,Male,Singapore,,Singapore,SG,0:43:58,2:34:43,2:07:09,0:03:07,0:02:02,5:30:58,2638,9283,7629,187,122,19858,59,54,6,116,105,9,37,36,6,59,54,6,Finisher,2097
Vishal,Pandey,Vishal Pandey,154,M40-44,Male,Selangor ,SELANGOR,India,IN,0:45:21,2:45:17,1:53:33,0:04:12,0:03:04,5:31:27,2721,9917,6813,252,184,19887,60,55,13,141,125,26,92,87,22,60,55,13,Finisher,2294
Khairul,Danish,Khairul Danish,140,M18-24,Male,Sg. Buloh,MY-10,Malaysia,MY,0:40:20,2:51:38,1:52:46,0:03:17,0:03:32,5:31:32,2420,10298,6766,197,212,19892,61,56,1,72,68,3,95,90,3,61,56,1,Finisher,3500
Vykintas,Mineikis,Vykintas Mineikis,254,M35-39,Male,SHAH  ALAM,MY-10,Lithuania,LT,0:37:06,2:44:11,2:01:42,0:04:20,0:04:23,5:31:44,2226,9851,7302,260,263,19904,62,57,17,33,31,11,48,47,15,62,57,17,Finisher,2509
Shahrom,Abdullah,Shahrom Abdullah,125,M45-49,Male,Cheras Kuala Lumpur,MY-14,Malaysia,MY,0:39:10,3:04:24,1:41:22,0:04:26,0:02:39,5:32:01,2350,11064,6082,266,159,19921,63,58,7,52,49,7,149,134,22,63,58,7,Finisher,3126
Ryan,Christensen,Ryan Christensen,115,M35-39,Male,,WA,Australia,AU,0:43:18,2:38:21,2:05:55,0:02:02,0:02:34,5:32:10,2598,9501,7555,122,154,19930,64,59,18,108,98,20,43,42,14,64,59,18,Finisher,2501
Luca,Pucciani,Luca Pucciani,396,M45-49,Male,Singapore,01,Singapore,SG,0:51:15,2:35:22,1:59:36,0:03:13,0:02:50,5:32:15,3075,9322,7176,193,170,19935,65,60,8,242,204,33,72,70,9,65,60,8,Finisher,3122
James,Redshaw,James Redshaw,145,M35-39,Male,Singapore,01,Singapore,SG,0:49:06,2:42:05,1:53:29,0:04:33,0:03:28,5:32:41,2946,9725,6809,273,208,19961,66,61,19,205,174,27,96,91,20,66,61,19,Finisher,2492
Patrick,Robert,Patrick Robert,342,M40-44,Male,Brussels,BRUSSELS HOOFDSTEDELIJK GEWEST,Belgium,BE,0:41:18,2:41:53,2:04:18,0:03:14,0:02:15,5:32:58,2478,9713,7458,194,135,19978,67,62,14,88,81,17,53,51,11,67,62,14,Finisher,2266
Yen,CHIA,Yen CHIA,117,F35-39,Female,kuala lumpur,MY-14,Malaysia,MY,0:40:25,2:50:10,1:58:50,0:02:52,0:01:40,5:33:57,2425,10210,7130,172,100,20037,68,6,3,76,5,2,86,3,2,68,6,3,Finisher,2806
Roger,Corns,Roger Corns,134,M55-59,Male,Ram Intra,,Canada,CA,0:41:15,2:40:53,2:07:10,0:03:11,0:03:32,5:36:00,2475,9653,7630,191,212,20160,69,63,3,87,80,4,46,45,2,69,63,3,Finisher,2880
Steven,Winbur,Steven Winbur,358,M40-44,Male,Singapore,Singapore,Unknown,,0:45:46,2:38:33,2:05:11,0:03:41,0:02:51,5:36:03,2746,9513,7511,221,171,20163,70,64,15,145,127,27,61,59,13,70,64,15,Finisher,2211
Sigismund,Kwok,Sigismund Kwok,108,M45-49,Male,Singapore,01,Germany,DE,0:46:08,2:53:10,1:50:15,0:03:00,0:03:51,5:36:24,2768,10390,6615,180,231,20184,71,65,9,151,132,19,116,110,16,71,65,9,Finisher,3047
Nadim,Jouhid,Nadim Jouhid,472,M50-54,Male,Singapore,Singapore,Unknown,,0:52:13,2:37:39,1:59:17,0:04:00,0:03:19,5:36:27,3133,9459,7157,240,199,20187,72,66,7,259,218,25,90,86,10,72,66,7,Finisher,2256
Robin,Abautret,Robin Abautret,200,M25-29,Male,Singapore,01,France,FR,0:47:48,2:59:05,1:43:02,0:05:01,0:02:02,5:36:58,2868,10745,6182,301,122,20218,73,67,7,180,154,13,163,145,12,73,67,7,Finisher,1989
Florian,Bahrdt,Florian Bahrdt,436,M50-54,Male,Singapore,Singapore,Germany,DE,0:42:53,2:47:09,2:01:27,0:03:36,0:02:06,5:37:10,2573,10029,7287,216,126,20230,74,68,8,101,93,8,88,84,9,74,68,8,Finisher,2243
Dedy,Bunyamin,Dedy Bunyamin,577,M55-59,Male,Jakarta,JAKARTA RAYA,Indonesia,ID,0:44:38,2:42:47,2:05:07,0:03:57,0:03:17,5:39:46,2678,9767,7507,237,197,20386,75,69,4,129,115,8,79,77,5,75,69,4,Finisher,2812
Michael,Costevec,Michael Costevec,298,M40-44,Male,Bayan Lepas,PULAU PINANG,France,FR,0:45:51,2:39:35,2:09:03,0:03:20,0:02:36,5:40:25,2751,9575,7743,200,156,20425,76,70,16,147,129,28,65,63,14,76,70,16,Finisher,2132
Mun Yuan ,Lam,Mun Yuan Lam,225,M30-34,Male,SINGAPORE,Singapore,Singapore,SG,0:43:32,2:58:41,1:52:31,0:03:29,0:02:31,5:40:44,2612,10721,6751,209,151,20444,77,71,7,111,101,12,135,123,13,77,71,7,Finisher,2629
Chia Ling,Pow ,Chia Ling Pow,534,F25-29,Female,Melaka,MY-04,Malaysia,MY,0:43:08,2:58:02,1:53:28,0:02:38,0:03:37,5:40:54,2588,10682,6808,158,217,20454,78,7,1,105,10,1,124,8,1,78,7,1,Finisher,3500
Klaus,Kiessling,Klaus Kiessling,514,M60-64,Male,Singapore,,Singapore,SG,0:40:22,2:45:19,2:09:34,0:03:58,0:02:51,5:42:04,2422,9919,7774,238,171,20524,79,72,1,74,70,4,69,67,2,79,72,1,Finisher,3500
Kwet Ki Benjamin,Lee,Kwet Ki Benjamin Lee,578,M60-64,Male,"Jati Pulo, Jakarta Barat 11430",Jakarta,Indonesia,ID,0:40:21,2:43:59,2:14:14,0:02:24,0:02:16,5:43:14,2421,9839,8054,144,136,20594,80,73,2,73,69,3,55,53,1,80,73,2,Finisher,3479
Xin Wei,Wong,Xin Wei Wong,205,M25-29,Male,Singapore,02,Singapore,SG,0:44:51,2:49:40,2:03:34,0:02:45,0:02:40,5:43:31,2691,10180,7414,165,160,20611,81,74,8,130,116,10,104,98,8,81,74,8,Finisher,1871
Wenzel,Weinich,Wenzel Weinich,299,M40-44,Male,Langkawi,MY-02,Germany,DE,0:39:47,2:42:16,2:15:00,0:03:54,0:02:35,5:43:31,2387,9736,8100,234,155,20611,82,75,17,62,59,13,50,48,10,82,75,17,Finisher,2076
Nathan Jon,Sing,Nathan Jon Sing,223,M30-34,Male,Singapore,Singapore,Singapore,SG,0:45:02,2:43:08,2:08:48,0:03:14,0:03:52,5:44:05,2702,9788,7728,194,232,20645,83,76,8,138,122,15,80,78,9,83,76,8,Finisher,2569
Aaron ,Wong,Aaron Wong,185,M18-24,Male,Singapore,Singapore,Singapore,SG,0:47:11,2:40:23,2:10:23,0:03:14,0:03:04,5:44:15,2831,9623,7823,194,184,20655,84,77,2,170,146,6,76,74,1,84,77,2,Finisher,3271
Nicolas,Coulombeau,Nicolas Coulombeau,201,M25-29,Male,Paris,PARIS,France,FR,0:38:04,3:05:10,1:53:26,0:04:35,0:03:07,5:44:21,2284,11110,6806,275,187,20661,85,78,9,42,40,7,146,132,11,85,78,9,Finisher,1856
Vignesh,Krisnan,Vignesh Krisnan,413,M45-49,Male,Kuala Lumpur,MY-14,Malaysia,MY,0:39:10,2:43:33,2:16:45,0:03:42,0:02:19,5:45:29,2350,9813,8205,222,139,20729,86,79,10,53,50,8,52,50,7,86,79,10,Finisher,2883
Adrien,Beauvisage,Adrien Beauvisage,391,M45-49,Male,Singapore,,France,FR,0:39:26,2:51:47,2:09:18,0:02:35,0:03:20,5:46:26,2366,10307,7758,155,200,20786,87,80,11,57,54,11,89,85,11,87,80,11,Finisher,2866
Andrew,Dagnall,Andrew Dagnall,552,M40-44,Male,Singapore,,Unknown,,0:46:18,2:53:19,2:00:57,0:03:28,0:03:39,5:47:41,2778,10399,7257,208,219,20861,88,81,18,156,137,30,119,112,26,88,81,18,Finisher,2001
Syahill,Chik,Syahill Chik,327,M40-44,Male,Shah alam,MY-10,Malaysia,MY,0:46:12,2:50:41,2:04:27,0:03:17,0:03:06,5:47:43,2772,10241,7467,197,186,20863,89,82,19,153,134,29,110,104,25,89,82,19,Finisher,2001
Keith,Low,Keith Low,184,M18-24,Male,Singapore,Singapore,Singapore,SG,0:39:53,3:00:36,2:03:25,0:02:20,0:02:01,5:48:14,2393,10836,7405,140,121,20894,90,83,3,65,62,2,117,111,4,90,83,3,Finisher,3199
Victor,Cadier,Victor Cadier,226,M30-34,Male,Singapore,Singapore,France,FR,0:40:18,2:42:25,2:19:01,0:04:30,0:02:49,5:49:04,2418,9745,8341,270,169,20944,91,84,9,70,67,8,58,56,7,91,84,9,Finisher,2479
Mireille,Couture,Mireille Couture,132,F50-54,Female,Singapore,Singapore,Canada,CA,0:48:08,2:52:53,2:03:22,0:03:00,0:02:16,5:49:38,2888,10373,7402,180,136,20978,92,8,2,188,30,5,125,9,2,92,8,2,Finisher,2918
Jackie,Crofton,Jackie Crofton,430,F45-49,Female,Humpty Doo,AU-NT,Australia,AU,0:44:13,2:57:57,1:59:53,0:04:40,0:03:05,5:49:46,2653,10677,7193,280,185,20986,93,9,2,120,13,2,144,14,5,93,9,2,Finisher,3014
Koji,Muroya,Koji Muroya,137,M60-64,Male,Aoyama 7 chomeOtsu,,Japan,JP,0:38:48,2:48:19,2:16:59,0:02:55,0:02:50,5:49:51,2328,10099,8219,175,170,20991,94,85,3,48,46,2,74,72,3,94,85,3,Finisher,3359
Bobje,Kleijwegt,Bobje Kleijwegt,209,F25-29,Female,Amsterdam,,Unknown,,0:52:57,2:45:03,2:01:37,0:07:21,0:03:01,5:49:59,3177,9903,7297,441,181,20999,95,10,2,273,45,3,133,11,2,95,10,2,Finisher,3336
Cheok Heng,Ong,Cheok Heng Ong,170,M50-54,Male,Singapore,,Singapore,SG,0:45:33,2:47:17,2:11:51,0:03:28,0:02:22,5:50:31,2733,10037,7911,208,142,21031,96,86,9,142,126,13,98,93,11,96,86,9,Finisher,2003
Aaron,Wise,Aaron Wise,434,M50-54,Male,Bukit Jalil,,Australia,AU,0:34:53,2:45:45,2:24:58,0:02:52,0:02:06,5:50:34,2093,9945,8698,172,126,21034,97,87,10,18,18,3,41,40,3,97,87,10,Finisher,2002
Steven,Stalley,Steven Stalley,463,M50-54,Male,singapore,01,Unknown,,0:39:42,2:43:20,2:16:39,0:05:35,0:05:29,5:50:44,2382,9800,8199,335,329,21044,98,88,11,61,58,4,63,61,6,98,88,11,Finisher,1999
Alvin,Yap,Alvin Yap,306,M40-44,Male,SG,Singapore,Singapore,SG,0:39:47,2:55:48,2:08:38,0:03:29,0:03:15,5:50:57,2387,10548,7718,209,195,21057,99,89,20,63,60,14,108,102,24,99,89,20,Finisher,1943
Matthieu,Monnot,Matthieu Monnot,188,M25-29,Male,Singapore,01,France,FR,0:37:10,2:56:28,2:12:25,0:03:04,0:01:58,5:51:05,2230,10588,7945,184,118,21065,100,90,10,34,32,4,101,95,7,100,90,10,Finisher,1735
Rob,Hutchins,Rob Hutchins,359,M40-44,Male,Singapore,Singapore,Unknown,,0:38:34,2:46:07,2:18:13,0:05:09,0:05:41,5:53:43,2314,9967,8293,309,341,21223,101,91,21,46,44,8,73,71,18,101,91,21,Finisher,1893
Azhan Zhafri,Bashir Ridha,Azhan Zhafri Bashir Ridha,267,M35-39,Male,Kajang,MY-10,Malaysia,MY,0:44:29,2:45:58,2:16:08,0:04:31,0:02:48,5:53:54,2669,9958,8168,271,168,21234,102,92,20,125,112,24,93,88,19,102,92,20,Finisher,2110
HOZEFA ,BIN FAKHRUDEEN,HOZEFA BIN FAKHRUDEEN,568,M45-49,Male,KUALA LUMPUR,MY-14,Malaysia,MY,0:51:19,2:56:23,2:01:33,0:03:37,0:01:51,5:54:43,3079,10583,7293,217,111,21283,103,93,12,244,206,35,160,142,25,103,93,12,Finisher,2717
Ary,Sutoyo,Ary Sutoyo,565,M45-49,Male,"Tebet, Jakarta 12810",JAKARTA RAYA,Indonesia,ID,0:51:28,2:45:44,2:09:37,0:04:44,0:03:17,5:54:50,3088,9944,7777,284,197,21290,104,94,13,246,208,36,115,109,15,104,94,13,Finisher,2715
James,Tan,James Tan,352,M40-44,Male,Singapore,04,Singapore,SG,0:51:10,2:50:25,2:07:21,0:05:11,0:02:44,5:56:51,3070,10225,7641,311,164,21411,105,95,22,240,203,41,143,130,31,105,95,22,Finisher,1836
Chris Cjw,Tkb,Chris Cjw Tkb,155,M40-44,Male,Seng Kang,Singapore,Singapore,SG,0:39:36,2:48:44,2:22:11,0:04:01,0:03:02,5:57:33,2376,10124,8531,241,182,21453,106,96,23,59,56,11,82,80,20,106,96,23,Finisher,1824
Clement Tan,Rui Chang,Clement Tan Rui Chang,228,M30-34,Male,Melaka,,Malaysia,MY,0:53:50,2:56:09,2:02:02,0:03:19,0:02:43,5:58:03,3230,10569,7322,199,163,21483,107,97,10,284,238,28,169,150,17,107,97,10,Finisher,2317
Ryan,agustyan,Ryan agustyan,547,M35-39,Male,Cengkareng11730,JAKARTA RAYA,Indonesia,ID,0:49:12,2:43:07,2:19:34,0:03:46,0:02:35,5:58:14,2952,9787,8374,226,155,21494,108,98,21,208,177,28,97,92,21,108,98,21,Finisher,2032
Dylan,Brown,Dylan Brown,389,M45-49,Male,margaret river,AU-WA,Australia,AU,0:35:04,2:52:12,2:24:07,0:03:50,0:03:35,5:58:47,2104,10332,8647,230,215,21527,109,99,14,20,19,3,78,76,10,109,99,14,Finisher,2644
Gael,Porte,Gael Porte,344,M40-44,Male,Singapore,,France,FR,0:38:07,2:45:35,2:23:26,0:05:21,0:06:23,5:58:51,2287,9935,8606,321,383,21531,110,100,24,44,42,7,66,64,15,110,100,24,Finisher,1800
Mimi,Ruslan,Mimi Ruslan,360,F40-44,Female,Ampang,MY-10,Malaysia,MY,0:50:27,2:59:37,2:04:10,0:03:33,0:01:38,5:59:24,3027,10777,7450,213,98,21564,111,11,2,224,35,4,172,20,3,111,11,2,Finisher,2909
Viktor,Dede,Viktor Dede,324,M40-44,Male,Singapore,SINGAPORE,Kazakhstan,KZ,0:46:28,2:53:11,2:13:39,0:04:53,0:02:00,6:00:10,2788,10391,8019,293,120,21610,112,101,25,159,139,31,126,117,29,112,101,25,Finisher,1777
Mohd Hafiz,A Jabar,Mohd Hafiz A Jabar,301,M40-44,Male,Cyberjaya,MY-10,Malaysia,MY,0:44:21,2:40:58,2:28:29,0:04:22,0:02:11,6:00:20,2661,9658,8909,262,131,21620,113,102,26,123,110,21,70,68,17,113,102,26,Finisher,1774
Yigit,Saricinar,Yigit Saricinar,357,M40-44,Male,Singapore ,Singapore,Turkey,TR,0:39:32,2:49:56,2:24:48,0:03:20,0:02:48,6:00:24,2372,10196,8688,200,168,21624,114,103,27,58,55,10,85,83,21,114,103,27,Finisher,1772
Javier,Navarro,Javier Navarro,142,M30-34,Male,Panama,Panama Oeste,Panama,PA,0:36:48,2:44:10,2:32:50,0:04:15,0:02:43,6:00:47,2208,9850,9170,255,163,21647,115,104,11,30,28,2,45,44,6,115,104,11,Finisher,2268
Geraldi Ignatius ,Pranata,Geraldi Ignatius Pranata,533,M25-29,Male,Tangerang selatan,BANTEN,Unknown,,0:57:53,3:00:03,1:55:31,0:03:37,0:03:49,6:00:52,3473,10803,6931,217,229,21652,116,105,11,326,271,22,215,186,15,116,105,11,Finisher,1559
Andrew,Ng,Andrew Ng,397,M45-49,Male,Singapore,03,Singapore,SG,0:46:06,2:52:33,2:12:50,0:06:35,0:03:15,6:01:19,2766,10353,7970,395,195,21679,117,106,15,150,131,18,132,122,19,117,106,15,Finisher,2598
Chris,Kapsalis,Chris Kapsalis,400,M45-49,Male,Singapore,Singapore,Australia,AU,0:48:48,2:46:49,2:18:35,0:03:50,0:03:28,6:01:30,2928,10009,8315,230,208,21690,118,107,16,198,167,26,109,103,14,118,107,16,Finisher,2595
Kevin,Chan,Kevin Chan,111,M25-29,Male,Langkawi,MY-02,Malaysia,MY,0:53:55,2:46:55,2:13:33,0:04:06,0:03:36,6:02:05,3235,10015,8013,246,216,21725,119,108,12,286,240,20,129,120,10,119,108,12,Finisher,1537
Amira Alysa,Ayob,Amira Alysa Ayob,247,F30-34,Female,Malaysian,MY-10,Malaysia,MY,0:47:56,3:03:25,2:05:50,0:02:55,0:02:02,6:02:08,2876,11005,7550,175,122,21728,120,12,1,183,28,4,174,21,2,120,12,1,Finisher,3500
Sarah,Winbur,Sarah Winbur,291,F35-39,Female,Singapore,Singapore,Unknown,,0:40:28,3:01:53,2:14:04,0:03:16,0:02:42,6:02:24,2428,10913,8044,196,162,21744,121,13,4,77,6,3,134,12,4,121,13,4,Finisher,2294
Tanya ,Lowder ,Tanya Lowder,244,F30-34,Female,Newry ,Northern Ireland,Ireland,IE,0:35:03,3:10:39,2:11:49,0:03:38,0:02:43,6:03:51,2103,11439,7909,218,163,21831,122,14,2,19,1,1,152,17,1,122,14,2,Finisher,3469
Johan Lau,Diderichsen,Johan Lau Diderichsen,179,M60-64,Male,Singapore,Singapore,Denmark,DK,0:49:09,2:48:06,2:20:02,0:04:00,0:02:44,6:04:02,2949,10086,8402,240,164,21842,123,109,4,206,175,9,112,106,4,123,109,4,Finisher,3104
Man Ling,Lo,Man Ling Lo,150,F35-39,Female,singapore,05,Singapore,SG,0:46:51,2:57:54,2:13:44,0:03:51,0:02:53,6:05:12,2811,10674,8024,231,173,21912,124,15,5,165,22,7,150,16,5,124,15,5,Finisher,2244
Jerry,Ong,Jerry Ong,157,M40-44,Male,SELANGOR,MY-10,Malaysia,MY,0:40:32,2:59:55,2:19:46,0:03:02,0:02:30,6:05:45,2432,10795,8386,182,150,21945,125,110,28,78,72,16,122,115,28,125,110,28,Finisher,1676
Natalie,Ritchie,Natalie Ritchie,167,F45-49,Female,Singapore,SINGAPORE,Unknown,,0:47:39,2:51:58,2:19:31,0:03:16,0:03:25,6:05:49,2859,10318,8371,196,205,21949,126,16,3,178,26,5,118,7,2,126,16,3,Finisher,2725
Heath,Jose,Heath Jose,377,M45-49,Male,Singapore,Singapore,Australia,AU,0:35:05,2:49:51,2:34:40,0:03:31,0:02:49,6:05:57,2105,10191,9280,211,169,21957,127,111,17,22,21,4,62,60,8,127,111,17,Finisher,2515
Sam,Sakai,Sam Sakai,135,M55-59,Male,Maebashi,GUNMA,Japan,JP,0:40:33,2:42:40,2:37:50,0:03:06,0:03:03,6:07:12,2433,9760,9470,186,183,22032,128,112,5,79,73,3,51,49,3,128,112,5,Finisher,2318
Jun Hong,Wee,Jun Hong Wee,197,M25-29,Male,Singapore,Singapore,Singapore,SG,0:47:59,2:46:36,2:26:42,0:03:46,0:02:28,6:07:32,2879,9996,8802,226,148,22052,129,113,13,185,157,14,106,100,9,129,113,13,Finisher,1439
Tony,Heneberry,Tony Heneberry,517,M60-64,Male,Petaling Jaya,SELANGOR,Ireland,IE,0:47:57,2:59:03,2:16:33,0:03:11,0:02:37,6:09:22,2877,10743,8193,191,157,22162,130,114,5,184,156,8,155,138,7,130,114,5,Finisher,3008
Zi Yang,Tan,Zi Yang Tan,386,M45-49,Male,Singapore,Singapore,Singapore,SG,0:42:37,3:00:54,2:19:16,0:04:02,0:02:45,6:09:34,2557,10854,8356,242,165,22174,131,115,18,95,87,14,145,131,21,131,115,18,Finisher,2450
Wei Keong,Ng,Wei Keong Ng,585,M45-49,Male,Shah Alam,MY-10,Malaysia,MY,0:59:28,2:52:56,2:10:46,0:04:09,0:02:57,6:10:16,3568,10376,7846,249,177,22216,132,116,19,350,288,52,186,163,31,132,116,19,Finisher,2437
Michael  Kurniawan,Kartono,Michael  Kurniawan Kartono,566,M45-49,Male,Kelapa Gading,Jakarta,Indonesia,ID,0:45:50,2:48:56,2:29:51,0:03:05,0:02:43,6:10:25,2750,10136,8991,185,163,22225,133,117,20,146,128,16,105,99,13,133,117,20,Finisher,2435
Marlon,Ancheta,Marlon Ancheta,107,M45-49,Male,Singapore,02,Singapore,SG,0:52:20,2:47:24,2:22:50,0:03:42,0:04:52,6:11:08,3140,10044,8570,222,292,22268,134,118,21,265,223,40,120,113,17,134,118,21,Finisher,2422
Najmi,Zahidi,Najmi Zahidi,255,M35-39,Male,Cyberjaya,MY-10,Malaysia,MY,0:50:59,2:43:05,2:30:24,0:03:02,0:04:21,6:11:50,3059,9785,9024,182,261,22310,135,119,22,234,197,32,103,97,22,135,119,22,Finisher,1787
Silvia,Meloni,Silvia Meloni,165,F45-49,Female,Singapore,Singapore,Italy,IT,0:50:11,3:01:59,2:12:57,0:04:42,0:03:35,6:13:25,3011,10919,7977,282,215,22405,136,17,4,219,33,7,189,24,6,136,17,4,Finisher,2588
Shoko,Ganaha,Shoko Ganaha,174,F50-54,Female,Naha,,Japan,JP,0:45:36,2:58:10,2:22:41,0:04:11,0:03:01,6:13:38,2736,10690,8561,251,181,22418,137,18,3,144,18,3,148,15,3,137,18,3,Finisher,2486
Sefton,Loong,Sefton Loong,235,M30-34,Male,Malaysian,MY-14,Malaysia,MY,0:50:53,2:57:02,2:18:59,0:03:39,0:03:14,6:13:47,3053,10622,8339,219,194,22427,138,120,12,232,195,24,161,143,15,138,120,12,Finisher,2034
Adrianus Indra,Setiadi,Adrianus Indra Setiadi,564,M45-49,Male,Jakarta ,Jakarta,Indonesia,ID,0:46:42,3:01:54,2:18:35,0:02:58,0:03:56,6:14:05,2802,10914,8315,178,236,22445,139,121,22,163,142,22,162,144,26,139,121,22,Finisher,2369
Dini,Tri Lestari,Dini Tri Lestari,369,F40-44,Female,Makassar,SULAWESI SELATAN,Indonesia,ID,0:51:14,3:03:41,2:11:19,0:04:11,0:03:43,6:14:08,3074,11021,7879,251,223,22448,140,19,3,241,38,6,202,26,4,140,19,3,Finisher,2643
Sijie,Leaw,Sijie Leaw,354,M40-44,Male,Singapore,01,Singapore,SG,0:49:05,2:48:13,2:27:38,0:06:08,0:03:25,6:14:29,2945,10093,8858,368,205,22469,141,122,29,204,173,37,121,114,27,141,122,29,Finisher,1519
Emmanuel,Phua,Emmanuel Phua,216,M30-34,Male,Singapore,,Singapore,SG,0:48:46,2:51:37,2:30:13,0:03:08,0:02:23,6:16:08,2926,10297,9013,188,143,22568,142,123,13,197,166,19,123,116,11,142,123,13,Finisher,1992
Kim Wah,Leong,Kim Wah Leong,489,M55-59,Male,Singapore,Singapore,Singapore,SG,0:43:17,3:12:03,2:14:51,0:03:16,0:02:52,6:16:17,2597,11523,8091,196,172,22577,143,124,6,107,97,7,198,173,6,143,124,6,Finisher,2155
Claire-Louise,Jedrek,Claire-Louise Jedrek,580,F40-44,Female,Singapore ,CENTRAL SINGAPORE,Singapore,SG,0:43:44,3:05:00,2:21:16,0:03:45,0:02:39,6:16:25,2624,11100,8476,225,159,22585,144,20,4,114,11,2,166,19,2,144,20,4,Finisher,2602
Kenneth,Pang,Kenneth Pang,242,M30-34,Male,singapore,Singapore,Singapore,SG,0:48:19,2:53:26,2:28:26,0:03:15,0:03:04,6:16:30,2899,10406,8906,195,184,22590,145,125,14,191,161,17,130,121,12,145,125,14,Finisher,1985
Thong Yin,Sheng,Thong Yin Sheng,136,F55-59,Female,Singapore,,Singapore,SG,0:44:31,3:01:31,2:23:39,0:04:14,0:02:43,6:16:38,2671,10891,8619,254,163,22598,146,21,1,126,14,1,156,18,1,146,21,1,Finisher,3500
Leonardo,Tanujaya,Leonardo Tanujaya,548,M35-39,Male,Banjarmasin,KALIMANTAN SELATAN,Indonesia,ID,0:53:38,2:48:31,2:24:55,0:05:44,0:03:57,6:16:44,3218,10111,8695,344,237,22604,147,126,23,282,236,39,147,133,25,147,126,23,Finisher,1699
Arielle,Low,Arielle Low,245,F30-34,Female,Singapore,,Singapore,SG,0:39:09,3:23:45,2:09:22,0:03:02,0:02:19,6:17:37,2349,12225,7762,182,139,22657,148,22,3,50,3,2,236,33,4,148,22,3,Finisher,3221
Liew,Ky,Liew Ky,349,M40-44,Male,Seri Kembangan ,MY-10,Malaysia,MY,0:56:42,2:57:28,2:16:47,0:02:32,0:04:13,6:17:42,3402,10648,8207,152,253,22662,149,127,30,313,262,49,188,165,35,149,127,30,Finisher,1461
Nikhil,Steven,Nikhil Steven,333,M40-44,Male,BENGALURU,Karnataka,India,IN,0:44:58,3:09:57,2:15:44,0:03:58,0:03:16,6:17:53,2698,11397,8144,238,196,22673,150,128,31,133,119,23,200,175,37,150,128,31,Finisher,1458
Josephine,Tay,Josephine Tay,175,F50-54,Female,Singapore,,Singapore,SG,0:56:13,3:16:19,1:57:10,0:04:59,0:03:32,6:18:12,3373,11779,7030,299,212,22692,151,23,4,309,51,7,283,41,5,151,23,4,Finisher,2404
Ebrahim,Alrshaid,Ebrahim Alrshaid,538,M30-34,Male,Kuwait,Jahra,Kuwait,KW,0:40:11,3:06:41,2:22:03,0:05:29,0:04:16,6:18:40,2411,11201,8523,329,256,22720,152,129,15,67,64,7,165,147,16,152,129,15,Finisher,1946
Philippe,Hanry,Philippe Hanry,465,M50-54,Male,LA GARENNE COLOMBES,,France,FR,0:40:16,3:00:10,2:28:23,0:05:55,0:04:12,6:18:55,2416,10810,8903,355,252,22735,153,130,12,69,66,5,141,128,15,153,130,12,Finisher,1492
Jethwee,Toh,Jethwee Toh,195,M25-29,Male,Singapore,Singapore,Singapore,SG,0:40:23,3:08:16,2:21:44,0:04:05,0:05:16,6:19:44,2423,11296,8504,245,316,22784,154,131,14,75,71,8,168,149,13,154,131,14,Finisher,1219
Fu,Yiu Kwong,Fu Yiu Kwong,187,M18-24,Male,Singapore ,Singapore,Singapore,SG,0:49:41,2:56:38,2:27:35,0:03:35,0:02:53,6:20:22,2981,10598,8855,215,173,22822,155,132,4,216,184,8,154,137,5,155,132,4,Finisher,2621
Margherita,Mellone,Margherita Mellone,293,F35-39,Female,Kuala Lumpur,MY-14,Italy,IT,0:45:00,3:09:06,2:13:21,0:06:53,0:06:30,6:20:50,2700,11346,8001,413,390,22850,156,24,6,135,15,5,214,29,8,156,24,6,Finisher,1962
Jatuporn,Aimpun,Jatuporn Aimpun,166,F45-49,Female,Bangkok,KRUNG THEP MAHA NAKHON,Thailand,TH,0:45:02,2:56:23,2:31:34,0:04:24,0:03:50,6:21:13,2702,10583,9094,264,230,22873,157,25,5,137,16,3,137,13,4,157,25,5,Finisher,2448
Mohamed,Masri,Mohamed Masri,420,M45-49,Male,Singapore,Singapore,Singapore,SG,0:46:30,2:53:35,2:33:28,0:04:34,0:03:43,6:21:50,2790,10415,9208,274,223,22910,158,133,23,160,140,21,127,118,18,158,133,23,Finisher,2229
Affendy,Iskandar,Affendy Iskandar,122,M45-49,Male,Seri Kembangan,MY-10,Malaysia,MY,0:46:49,2:59:46,2:28:30,0:02:51,0:04:10,6:22:07,2809,10786,8910,171,250,22927,159,134,24,164,143,23,153,136,23,159,134,24,Finisher,2224
Sirima,Jantasri,Sirima Jantasri,147,F35-39,Female,เขตสายไหม,,Thailand,TH,0:58:23,3:00:51,2:13:56,0:04:45,0:04:12,6:22:08,3503,10851,8036,285,252,22928,160,26,7,332,59,14,224,30,9,160,26,7,Finisher,1939
Yannick,Martin,Yannick Martin,378,M45-49,Male,Phnom Penh,Phnom Penh,France,FR,0:39:12,2:40:04,2:57:54,0:02:54,0:02:18,6:22:21,2352,9604,10674,174,138,22941,161,135,25,55,52,10,39,38,3,161,135,25,Finisher,2220
John,Ly,John Ly,317,M40-44,Male,Singapore,,Singapore,SG,0:42:48,3:02:59,2:28:59,0:04:38,0:03:05,6:22:30,2568,10979,8939,278,185,22950,162,136,32,99,91,19,158,140,32,162,136,32,Finisher,1375
Chun Hai,Pang,Chun Hai Pang,231,M30-34,Male,Phnom Penh,Phnom Penh,Cambodia,KH,0:36:51,3:14:28,2:25:51,0:03:55,0:02:04,6:23:09,2211,11668,8751,235,124,22989,163,137,16,31,29,3,179,158,19,163,137,16,Finisher,1865
Yunyi,Lau,Yunyi Lau,288,F35-39,Female,Singapore,CENTRAL SINGAPORE,Singapore,SG,0:46:57,3:03:27,2:23:27,0:05:57,0:03:28,6:23:16,2817,11007,8607,357,208,22996,164,27,8,166,23,8,184,23,7,164,27,8,Finisher,1919
Chee Hui,Tee,Chee Hui Tee,284,M35-39,Male,"Malaysia, Batu Caves",MY-10,Malaysia,MY,0:42:07,2:59:22,2:34:24,0:04:14,0:03:24,6:23:30,2527,10762,9264,254,204,23010,165,138,24,93,86,18,136,124,23,165,138,24,Finisher,1577
Keisuke,Ogawa,Keisuke Ogawa,412,M45-49,Male,Singapore,01,Japan,JP,0:50:55,3:06:07,2:21:42,0:02:47,0:02:02,6:23:33,3055,11167,8502,167,122,23013,166,139,26,233,196,31,204,178,34,166,139,26,Finisher,2198
Naoko,Kusakabe,Naoko Kusakabe,164,F45-49,Female,Harumi Chuo-ku,JP-13,Japan,JP,0:46:59,2:54:33,2:35:51,0:03:41,0:03:13,6:24:17,2819,10473,9351,221,193,23057,167,28,6,167,24,4,131,10,3,167,28,6,Finisher,2393
Rachel,Wang,Rachel Wang,243,F30-34,Female,Singapore,Singapore,Australia,AU,0:47:37,3:05:49,2:24:40,0:03:44,0:02:35,6:24:26,2857,11149,8680,224,155,23066,168,29,4,176,25,3,193,25,3,168,29,4,Finisher,3098
Azlan,Ismail,Azlan Ismail,445,M50-54,Male,Cyberjaya,MY-10,Indonesia,ID,0:42:58,2:47:04,2:42:39,0:06:55,0:05:57,6:25:32,2578,10024,9759,415,357,23132,169,140,13,103,94,9,102,96,13,169,140,13,Finisher,1373
Jonathan,Chen,Jonathan Chen,316,M40-44,Male,Singapore,Singapore,Singapore,SG,0:48:14,2:52:28,2:34:48,0:04:11,0:06:07,6:25:47,2894,10348,9288,251,367,23147,170,141,33,190,160,36,128,119,30,170,141,33,Finisher,1316
Julie,Gaubin,Julie Gaubin,431,F45-49,Female,singapore,Singapore,France,FR,0:50:45,3:05:32,2:21:08,0:04:35,0:04:04,6:26:04,3045,11132,8468,275,244,23164,171,30,7,227,36,8,213,28,7,171,30,7,Finisher,2361
Prapan,Pansripech,Prapan Pansripech,425,M45-49,Male,"Samrei, Thonburi",,Thailand,TH,0:50:18,2:57:57,2:28:32,0:06:08,0:03:42,6:26:37,3018,10677,8912,368,222,23197,172,142,27,222,188,30,175,154,29,172,142,27,Finisher,2143
Faiz,Rusli,Faiz Rusli,264,M35-39,Male,Ampang,MY-10,Malaysia,MY,0:55:58,2:59:30,2:25:45,0:03:18,0:03:32,6:28:04,3358,10770,8745,198,212,23284,173,143,25,307,257,42,199,174,30,173,143,25,Finisher,1495
Luis,Hafner,Luis Hafner,279,M35-39,Male,Singapore,Singapore,Singapore,SG,0:43:35,2:57:09,2:39:08,0:06:01,0:03:46,6:29:39,2615,10629,9548,361,226,23379,174,144,26,112,102,21,142,129,24,174,144,26,Finisher,1466
Masirin,Mahmud,Masirin Mahmud,158,M40-44,Male,SHAH ALAM,MY-10,Malaysia,MY,0:47:04,3:04:14,2:31:28,0:05:18,0:02:50,6:30:54,2824,11054,9088,318,170,23454,175,145,34,168,144,32,187,164,34,175,145,34,Finisher,1223
Olegs,Baburgs,Olegs Baburgs,593,M45-49,Male,Singapore,,Latvia,LV,0:46:09,2:58:54,2:31:52,0:07:28,0:06:53,6:31:15,2769,10734,9112,448,413,23475,176,146,28,152,133,20,167,148,27,176,146,28,Finisher,2060
Wandeh,Elwon,Wandeh Elwon,229,M30-34,Male,Kota Kinabalu,SABAH,Malaysia,MY,0:51:47,3:03:47,2:29:47,0:04:25,0:02:08,6:31:54,3107,11027,8987,265,128,23514,177,147,17,251,212,26,206,179,22,177,147,17,Finisher,1708
Marta,Bigio,Marta Bigio,366,F40-44,Female,Singapore,01,Portugal,PT,0:57:03,3:10:40,2:19:44,0:02:56,0:02:00,6:32:22,3423,11440,8384,176,120,23542,178,31,5,320,54,9,256,36,7,178,31,5,Finisher,2315
Ryan,Thayer,Ryan Thayer,271,M35-39,Male,River Valley,01,Unknown,,0:48:58,3:06:16,2:22:55,0:07:41,0:06:59,6:32:49,2938,11176,8575,461,419,23569,179,148,27,199,168,26,220,191,33,179,148,27,Finisher,1409
Brady,Ambler,Brady Ambler,330,M40-44,Male,Singapore,Singapore,Unknown,,0:47:26,3:05:49,2:28:06,0:06:45,0:05:05,6:33:10,2846,11149,8886,405,305,23590,180,149,35,173,149,34,207,180,39,180,149,35,Finisher,1183
Hong Kiat,Lim,Hong Kiat Lim,398,M45-49,Male,SINGAPORE,NORTH WEST,Singapore,SG,0:51:18,3:06:07,2:27:38,0:04:14,0:04:11,6:33:28,3078,11167,8858,254,251,23608,181,150,29,243,205,34,217,188,36,181,150,29,Finisher,2020
Takuya,Miyatake,Takuya Miyatake,411,M45-49,Male,中央区晴海,JP-13,Japan,JP,0:41:36,2:59:59,2:42:43,0:04:18,0:04:53,6:33:29,2496,10799,9763,258,293,23609,182,151,30,90,83,12,139,126,20,182,151,30,Finisher,2019
Timothy,Neo,Timothy Neo,278,M35-39,Male,singapore,Singapore,Singapore,SG,0:49:23,2:59:19,2:37:37,0:04:52,0:04:04,6:35:16,2963,10759,9457,292,244,23716,183,152,28,212,180,29,171,152,26,183,152,28,Finisher,1365
Paul,Chew,Paul Chew,415,M45-49,Male,Singapore,Singapore,Singapore,SG,0:51:38,2:59:56,2:37:15,0:03:23,0:03:22,6:35:34,3098,10796,9435,203,202,23734,184,153,31,250,211,37,177,156,30,184,153,31,Finisher,1982
Luis Jacob,Sevilleja,Luis Jacob Sevilleja,183,M18-24,Male,Singapore,Singapore,Singapore,SG,0:43:40,3:09:46,2:35:16,0:04:24,0:02:38,6:35:43,2620,11386,9316,264,158,23743,185,154,5,113,103,4,195,170,7,185,154,5,Finisher,2344
Daniel,Fake,Daniel Fake,239,M30-34,Male,Birkdale,,New Zealand,NZ,0:44:13,2:57:09,2:46:51,0:04:58,0:02:46,6:35:57,2653,10629,10011,298,166,23757,186,155,18,121,108,14,140,127,14,186,155,18,Finisher,1635
Han You,Hau,Han You Hau,202,M25-29,Male,Puchong,,Malaysia,MY,0:49:38,3:06:32,2:31:05,0:04:07,0:04:38,6:36:00,2978,11192,9065,247,278,23760,187,156,15,214,182,16,209,182,14,187,156,15,Finisher,926
Stephen ,Choy,Stephen Choy,178,M60-64,Male,Singapore ,Singapore,Singapore,SG,0:53:22,2:59:05,2:38:58,0:03:23,0:01:24,6:36:12,3202,10745,9538,203,84,23772,188,157,6,279,233,11,182,160,9,188,157,6,Finisher,2525
Jonathan,Tan,Jonathan Tan,286,M35-39,Male,SINGAPORE,Singapore,Singapore,SG,0:55:34,2:56:08,2:37:25,0:04:41,0:02:52,6:36:40,3334,10568,9445,281,172,23800,189,158,29,303,254,41,185,162,28,189,158,29,Finisher,1340
Pornlapas,Ruengthong,Pornlapas Ruengthong,177,F55-59,Female,Koh Kaew,,Thailand,TH,0:46:32,3:13:56,2:30:45,0:03:55,0:02:16,6:37:24,2792,11636,9045,235,136,23844,190,32,2,161,21,2,228,31,2,190,32,2,Finisher,3126
Witthayakom,Putchakarn,Witthayakom Putchakarn,408,M45-49,Male,Bangkhaen,KRUNG THEP MAHA NAKHON,Thailand,TH,0:47:54,3:04:49,2:36:25,0:05:15,0:03:24,6:37:47,2874,11089,9385,315,204,23867,191,159,32,181,155,25,196,171,33,191,159,32,Finisher,1942
Chaiyawut,Piarad,Chaiyawut Piarad,118,M40-44,Male,"บางชัน,คลอง",KRUNG THEP MAHA NAKHON,Thailand,TH,0:45:19,2:48:01,2:53:17,0:05:39,0:05:40,6:37:56,2719,10081,10397,339,340,23876,192,160,36,139,123,25,107,101,23,192,160,36,Finisher,1097
Rowan,Cumming,Rowan Cumming,530,M18-24,Male,Singapore,01,Singapore,SG,0:38:50,2:50:18,3:03:08,0:03:06,0:02:55,6:38:17,2330,10218,10988,186,175,23897,193,161,6,49,47,1,81,79,2,193,161,6,Finisher,2298
Gopi,Adaikkan,Gopi Adaikkan,406,M45-49,Male,SINGAPORE,02,Singapore,SG,0:53:06,3:19:41,2:10:41,0:10:02,0:05:05,6:38:34,3186,11981,7841,602,305,23914,194,162,33,277,231,42,297,254,48,194,162,33,Finisher,1928
Wayne,Loo,Wayne Loo,495,M55-59,Male,Singapore,Singapore,Unknown,,0:41:46,3:22:09,2:25:05,0:05:37,0:04:10,6:38:47,2506,12129,8705,337,250,23927,195,163,7,91,84,6,251,217,13,195,163,7,Finisher,1750
Rusydina,A Rashid,Rusydina A Rashid,361,F40-44,Female,Malaysia,MY-14,Malaysia,MY,0:47:56,3:07:42,2:34:19,0:04:21,0:04:34,6:38:51,2876,11262,9259,261,274,23931,196,33,6,182,27,3,205,27,5,196,33,6,Finisher,2198
Nursya,Jusoh,Nursya Jusoh,569,F45-49,Female,Selangor,MY-10,Malaysia,MY,0:48:31,3:13:44,2:27:35,0:04:41,0:05:32,6:40:03,2911,11624,8855,281,332,24003,197,34,8,194,31,6,240,34,8,197,34,8,Finisher,2109
Peter,Yeo,Peter Yeo,459,M50-54,Male,Singapore,,Singapore,SG,0:57:02,3:16:50,2:13:20,0:07:23,0:05:42,6:40:16,3422,11810,8000,443,342,24016,198,164,14,318,265,34,292,249,29,198,164,14,Finisher,1108
Avnish,Bajaj,Avnish Bajaj,442,M50-54,Male,"Bangkokyai, Thonburi",KRUNG THEP MAHA NAKHON,Thailand,TH,0:42:47,3:02:57,2:48:38,0:03:34,0:02:44,6:40:40,2567,10977,10118,214,164,24040,199,165,15,98,90,7,151,135,16,199,165,15,Finisher,1100
Fung Jak,Bong,Fung Jak Bong,213,M30-34,Male,MIRI,SARAWAK,Malaysia,MY,0:50:53,3:02:06,2:41:07,0:03:54,0:03:21,6:41:21,3053,10926,9667,234,201,24081,200,166,19,231,194,23,190,166,21,200,166,19,Finisher,1538
Karen,Yau,Karen Yau,362,F40-44,Female,Singapore,Singapore,Singapore,SG,0:58:46,3:01:34,2:32:48,0:04:18,0:04:03,6:41:29,3526,10894,9168,258,243,24089,201,35,7,342,60,11,231,32,6,201,35,7,Finisher,2151
Ting Wei,Chen,Ting Wei Chen,160,M45-49,Male,Singapore,Singapore,Singapore,SG,1:00:31,3:02:14,2:28:39,0:05:11,0:04:59,6:41:34,3631,10934,8919,311,299,24094,202,167,34,356,294,53,242,208,41,202,167,34,Finisher,1874
Kiyoshi,Kayashima,Kiyoshi Kayashima,410,M45-49,Male,Cheras,,Japan,JP,0:53:50,3:11:53,2:20:55,0:06:13,0:08:54,6:41:44,3230,11513,8455,373,534,24104,203,168,35,285,239,43,260,222,42,203,168,35,Finisher,1871
Yong,Kar Wai,Yong Kar Wai,211,M30-34,Male,Kuala Lumpur,,Malaysia,MY,0:49:39,3:03:02,2:44:43,0:02:36,0:01:52,6:41:52,2979,10982,9883,156,112,24112,204,169,20,215,183,22,180,159,20,204,169,20,Finisher,1529
Darren,Ho,Darren Ho,257,M35-39,Male,Singapore,Singapore,Singapore,SG,0:41:09,3:12:40,2:34:15,0:05:11,0:08:51,6:42:07,2469,11560,9255,311,531,24127,205,170,30,86,79,17,201,176,31,205,170,30,Finisher,1242
Andy,Tan,Andy Tan,490,M55-59,Male,Singapore,CENTRAL SINGAPORE,Singapore,SG,0:53:56,3:09:21,2:32:18,0:03:54,0:02:56,6:42:25,3236,11361,9138,234,176,24145,206,171,8,287,241,17,241,207,11,206,171,8,Finisher,1685
Budi,Akbarsjah,Budi Akbarsjah,437,M50-54,Male,Singapore,Singapore,Indonesia,ID,0:53:44,2:55:13,2:42:08,0:07:23,0:04:16,6:42:44,3224,10513,9728,443,256,24164,207,172,16,283,237,28,183,161,18,207,172,16,Finisher,1063
Armand,Clouteau,Armand Clouteau,592,M18-24,Male,Verrières-le-Buisson,Île-de-France,France,FR,0:44:31,3:01:50,2:39:37,0:10:51,0:06:08,6:42:57,2671,10910,9577,651,368,24177,208,173,7,127,113,5,194,169,6,208,173,7,Finisher,2214
Lloyd,Stephens,Lloyd Stephens,331,M40-44,Male,Singapore,01,Australia,AU,0:49:11,2:55:54,2:45:34,0:07:03,0:05:23,6:43:05,2951,10554,9934,423,323,24185,209,174,37,207,176,38,164,146,33,209,174,37,Finisher,1004
WENDY TAN,CHAI EIAN,WENDY TAN CHAI EIAN,506,F55-59,Female,"KUALA LUMPUR, KUALA LUMPUR",MY-14,Malaysia,MY,0:52:12,3:11:32,2:28:21,0:06:44,0:04:20,6:43:09,3132,11492,8901,404,260,24189,210,36,3,257,41,3,254,35,3,210,36,3,Finisher,3022
Theodorus,S.J,Theodorus S.J,563,M45-49,Male,jakarta,JAKARTA RAYA,Indonesia,ID,0:52:36,3:06:10,2:35:11,0:04:27,0:05:09,6:43:33,3156,11170,9311,267,309,24213,211,175,36,270,227,41,221,192,38,211,175,36,Finisher,1838
Noor Khairul Shahri,Ahmad,Noor Khairul Shahri Ahmad,546,M35-39,Male,SHAH ALAM,MY-10,Malaysia,MY,0:54:23,2:55:24,2:42:30,0:04:41,0:07:48,6:44:46,3263,10524,9750,281,468,24286,212,176,31,297,249,40,176,155,27,212,176,31,Finisher,1194
Jennifer,Ng,Jennifer Ng,477,F50-54,Female,Singapore,05,Singapore,SG,0:46:20,3:28:53,2:18:01,0:05:55,0:05:44,6:44:53,2780,12533,8281,355,344,24293,213,37,5,158,20,4,291,43,6,213,37,5,Finisher,1923
Jimmy,Naraine,Jimmy Naraine,256,M35-39,Male,Czarne Bloto,,Poland,PL,0:36:22,3:23:36,2:30:21,0:05:36,0:09:51,6:45:47,2182,12216,9021,336,591,24347,214,177,32,29,27,9,233,201,35,214,177,32,Finisher,1176
Masako,Kida,Masako Kida,173,F50-54,Female,Kobe,JP-28,Japan,JP,0:42:56,3:26:45,2:29:38,0:05:10,0:02:00,6:46:28,2576,12405,8978,310,120,24388,215,38,6,102,9,1,272,39,4,215,38,6,Finisher,1895
Vinod,Kurup,Vinod Kurup,401,M45-49,Male,Kuala Lumpur,,Malaysia,MY,1:02:08,2:57:53,2:38:13,0:03:42,0:05:37,6:47:32,3728,10673,9493,222,337,24452,216,178,37,366,304,55,223,194,39,216,178,37,Finisher,1766
Elturner,Marten,Elturner Marten,313,M40-44,Male,W.P LABUAN,MY-15,Malaysia,MY,1:01:39,3:07:43,2:28:46,0:06:05,0:04:06,6:48:19,3699,11263,8926,365,246,24499,217,179,38,363,301,58,275,235,47,217,179,38,Finisher,910
Dede,Irina,Dede Irina,373,F40-44,Female,Singapore,Singapore,Germany,DE,0:55:35,3:23:26,2:17:25,0:04:59,0:07:02,6:48:28,3335,12206,8245,299,422,24508,218,39,8,304,50,7,305,45,9,218,39,8,Finisher,2025
Jamie Kam Yee,Chook,Jamie Kam Yee Chook,428,F45-49,Female,Puchong,SELANGOR,Malaysia,MY,0:52:47,3:27:24,2:20:02,0:05:04,0:03:22,6:48:39,3167,12444,8402,304,202,24519,219,40,9,272,44,10,310,47,10,219,40,9,Finisher,1954
Nithyaraj,Karunakaran,Nithyaraj Karunakaran,263,M35-39,Male,Singpaore,NORTH EAST,India,IN,1:00:50,3:09:33,2:27:55,0:06:30,0:04:16,6:49:04,3650,11373,8875,390,256,24544,220,180,33,360,298,46,278,238,40,220,180,33,Finisher,1117
Alexey,Semakov,Alexey Semakov,240,M30-34,Male,Singapore,05,Unknown,,0:46:16,3:06:00,2:40:04,0:11:11,0:05:47,6:49:19,2776,11160,9604,671,347,24559,221,181,21,155,136,16,222,193,23,221,181,21,Finisher,1394
Francois,Jouary,Francois Jouary,249,M35-39,Male,Marseille,,France,FR,0:40:37,3:19:36,2:38:48,0:04:20,0:06:38,6:49:59,2437,11976,9528,260,398,24599,222,182,34,82,75,16,230,199,34,222,182,34,Finisher,1100
Noorazni,Abdul Jabar,Noorazni Abdul Jabar,163,F45-49,Female,Kuala Selangor,MY-10,Malaysia,MY,0:52:15,3:14:35,2:35:45,0:04:02,0:03:53,6:50:30,3135,11675,9345,242,233,24630,223,41,10,260,42,9,258,38,9,223,41,10,Finisher,1921
Yasuhiro,Nakajima,Yasuhiro Nakajima,510,M60-64,Male,"ZAMA,",JP-14,Japan,JP,0:46:19,3:03:59,2:52:06,0:03:12,0:04:55,6:50:31,2779,11039,10326,192,295,24631,224,183,7,157,138,7,170,151,8,224,183,7,Finisher,2267
Randy,Goh,Randy Goh,336,M40-44,Male,singapore,,Malaysia,MY,0:55:30,3:17:37,2:25:35,0:07:07,0:04:45,6:50:35,3330,11857,8735,427,285,24635,225,184,39,302,253,46,290,248,48,225,184,39,Finisher,869
Christophe,Picardel,Christophe Picardel,379,M45-49,Male,Singapore,,France,FR,0:50:12,2:58:35,2:53:10,0:05:00,0:03:47,6:50:44,3012,10715,10390,300,227,24644,226,185,38,220,187,29,173,153,28,226,185,38,Finisher,1709
Abu Ubaidah,Muhammad Hamzah,Abu Ubaidah Muhammad Hamzah,222,M30-34,Male,Langkawi,MY-02,Malaysia,MY,0:54:12,2:54:44,2:51:39,0:06:14,0:04:51,6:51:40,3252,10484,10299,374,291,24700,227,186,22,293,246,29,178,157,18,227,186,22,Finisher,1352
Alan,Gilmartin,Alan Gilmartin,511,M60-64,Male,HUA HIN,YKS,Unknown,,0:37:27,3:03:52,3:02:36,0:04:33,0:03:25,6:51:53,2247,11032,10956,273,205,24713,228,187,8,38,36,1,138,125,6,228,187,8,Finisher,2243
Dominic,Egger,Dominic Egger,444,M50-54,Male,Koh Kaew,,Australia,AU,0:47:34,2:48:37,3:05:35,0:04:23,0:06:02,6:52:10,2854,10117,11135,263,362,24730,229,188,17,174,150,14,111,105,14,229,188,17,Finisher,893
Ka Chin,Khor,Ka Chin Khor,456,M50-54,Male,SUNGAI BULOH,,Malaysia,MY,0:49:41,3:11:04,2:34:08,0:12:06,0:05:18,6:52:16,2981,11464,9248,726,318,24736,230,189,18,217,185,21,263,225,24,230,189,18,Finisher,892
Brett,Lees,Brett Lees,443,M50-54,Male,Singapore,Singapore,Australia,AU,0:48:23,2:44:04,3:11:55,0:04:02,0:03:57,6:52:20,2903,9844,11515,242,237,24740,231,190,19,193,163,18,99,94,12,231,190,19,Finisher,890
Winston,Tan,Winston Tan,491,M55-59,Male,Singapore ,Singapore,Singapore,SG,0:49:28,3:10:07,2:45:32,0:04:35,0:02:46,6:52:28,2968,11407,9932,275,166,24748,232,191,9,213,181,12,226,196,8,232,191,9,Finisher,1504
Frederic,Gillant,Frederic Gillant,498,M55-59,Male,Singapore,Singapore,France,FR,0:47:17,3:07:25,2:49:29,0:05:35,0:03:01,6:52:48,2837,11245,10169,335,181,24768,233,192,10,171,147,10,210,183,7,233,192,10,Finisher,1498
Harvey,Davis,Harvey Davis,494,M55-59,Male,Kata,,Unknown,,0:37:31,3:22:47,2:44:52,0:04:14,0:03:55,6:53:19,2251,12167,9892,254,235,24799,234,193,11,40,38,2,229,198,9,234,193,11,Finisher,1488
Gerrit,Bartels,Gerrit Bartels,304,M40-44,Male,Singapore,Singapore,Unknown,,0:57:13,3:01:31,2:42:04,0:05:30,0:07:08,6:53:25,3433,10891,9724,330,428,24805,235,194,40,322,268,51,227,197,40,235,194,40,Finisher,818
Md. Imtiaz-Bin-Faruque,Bhuiyan,Md. Imtiaz-Bin-Faruque Bhuiyan,253,M35-39,Male,Dhaka,DHAKA,Bangladesh,BD,0:44:01,3:05:40,2:52:45,0:07:16,0:04:32,6:54:14,2641,11140,10365,436,272,24854,236,195,35,118,107,23,191,167,29,236,195,35,Finisher,1024
Jonathan,Matthews ,Jonathan Matthews,438,M50-54,Male,Singapore,Singapore,Ireland,IE,0:47:39,3:08:05,2:49:28,0:05:06,0:04:31,6:54:49,2859,11285,10168,306,271,24889,237,196,20,179,153,16,212,185,19,237,196,20,Finisher,846
Muhammad Ayub,Mohd Sahari,Muhammad Ayub Mohd Sahari,270,M35-39,Male,Singapore,,Singapore,SG,0:50:27,3:14:27,2:39:59,0:05:36,0:04:51,6:55:19,3027,11667,9599,336,291,24919,238,197,36,223,189,30,255,220,39,238,197,36,Finisher,1004
Jane Aunyarat,Tandamrong,Jane Aunyarat Tandamrong,295,F35-39,Female,singapore,Singapore,Thailand,TH,0:49:14,3:29:33,2:27:27,0:06:15,0:04:07,6:56:37,2954,12573,8847,375,247,24997,239,42,9,209,32,9,308,46,10,239,42,9,Finisher,1318
Ebbie,Baghaie,Ebbie Baghaie,519,M60-64,Male,Singapore ,Singapore,Unknown,,1:00:46,3:56:56,1:49:52,0:06:00,0:03:30,6:57:05,3646,14216,6592,360,210,25025,240,198,9,359,297,12,382,316,12,240,198,9,Finisher,2149
Charles,Teng,Charles Teng,453,M50-54,Male,SINGAPORE,Singapore,Singapore,SG,0:49:02,3:09:38,2:47:27,0:07:15,0:05:09,6:58:30,2942,11378,10047,435,309,25110,241,199,21,202,171,20,235,203,21,241,199,21,Finisher,779
Chloe,Tay,Chloe Tay,294,F35-39,Female,Singapore,Singapore,Singapore,SG,0:52:06,3:31:28,2:25:16,0:06:25,0:03:16,6:58:30,3126,12688,8716,385,196,25110,242,43,10,256,40,12,324,52,12,242,43,10,Finisher,1284
Samuel,Lapena,Samuel Lapena,458,M50-54,Male,"Habay, Bacoor",PH-CAV,Unknown,,0:45:21,3:19:50,2:43:17,0:05:15,0:04:48,6:58:31,2721,11990,9797,315,288,25111,243,200,22,140,124,12,253,219,23,243,200,22,Finisher,779
Martin,Buchholz,Martin Buchholz,579,M70-74,Male,"Lat Sawai, Lamlukka",PATHUM THANI,Thailand,TH,0:40:36,2:48:19,3:20:42,0:03:26,0:05:38,6:58:40,2436,10099,12042,206,338,25120,244,201,1,81,74,1,83,81,1,244,201,1,Finisher,3500
Eason ,Ho,Eason Ho,388,M45-49,Male,Singapore ,,Singapore,SG,0:58:43,3:08:36,2:37:11,0:07:06,0:07:11,6:58:48,3523,11316,9431,426,431,25128,245,202,39,340,281,50,269,231,45,245,202,39,Finisher,1564
Andrew,Mcginn,Andrew Mcginn,156,M40-44,Male,Singapoore,01,Unknown,,0:47:09,3:13:56,2:42:29,0:08:23,0:07:00,6:58:58,2829,11636,9749,503,420,25138,246,203,41,169,145,33,250,216,44,246,203,41,Finisher,718
Zulkifli,Ibrahim,Zulkifli Ibrahim,312,M40-44,Male,Kuala Lumpur,MY-14,Malaysia,MY,0:57:16,2:56:06,2:57:08,0:05:00,0:03:35,6:59:06,3436,10566,10628,300,215,25146,247,204,42,323,269,52,197,172,36,247,204,42,Finisher,716
Eng Thai,Koh,Eng Thai Koh,404,M45-49,Male,Singapore,,Singapore,SG,0:52:18,3:20:29,2:37:09,0:06:07,0:03:18,6:59:21,3138,12029,9429,367,198,25161,248,205,40,264,222,39,287,246,47,248,205,40,Finisher,1554
Alvin,Ang,Alvin Ang,405,M45-49,Male,SINGAPORE,02,Singapore,SG,0:51:55,3:02:11,2:49:55,0:07:37,0:07:46,6:59:24,3115,10931,10195,457,466,25164,249,206,41,252,213,38,218,189,37,249,206,41,Finisher,1553
Patrick Chan,Chiou Horng,Patrick Chan Chiou Horng,483,M55-59,Male,SINGAPORE ,NORTH EAST,Singapore,SG,0:59:45,3:09:23,2:40:12,0:05:10,0:05:16,6:59:46,3585,11363,9612,310,316,25186,250,207,12,353,291,22,268,230,16,250,207,12,Finisher,1372
Supratim,Sengupta,Supratim Sengupta,322,M40-44,Male,Singapore,01,India,IN,0:53:36,3:34:52,2:15:24,0:11:04,0:05:35,7:00:31,3216,12892,8124,664,335,25231,251,208,43,281,235,44,345,285,54,251,208,43,Finisher,700
Takuto,Ikegaya,Takuto Ikegaya,233,M30-34,Male,Singapore,01,Japan,JP,0:49:22,3:30:28,2:30:53,0:05:57,0:04:25,7:01:05,2962,12628,9053,357,265,25265,252,209,23,210,178,21,312,265,30,252,209,23,Finisher,1183
Angus,Amran,Angus Amran,512,M60-64,Male,Kuala Lumpur,MY-14,Malaysia,MY,0:52:34,3:06:47,2:51:38,0:06:40,0:04:20,7:01:59,3154,11207,10298,400,260,25319,253,210,10,269,226,10,237,204,11,253,210,10,Finisher,2061
Herbert,Tan,Herbert Tan,326,M40-44,Male,SUBANG JAYA,SELANGOR,Malaysia,MY,0:44:59,3:19:20,2:44:38,0:06:02,0:07:05,7:02:03,2699,11960,9878,362,425,25323,254,211,44,134,120,24,252,218,45,254,211,44,Finisher,700
Desmond,Puah,Desmond Puah,384,M45-49,Male,Singapore,01,Singapore,SG,0:42:52,3:03:41,2:59:25,0:10:37,0:07:37,7:04:11,2572,11021,10765,637,457,25451,255,212,42,100,92,15,192,168,32,255,212,42,Finisher,1467
Amir,Fariz,Amir Fariz,381,M45-49,Male,Bandar Seri Putra,SELANGOR,Malaysia,MY,1:00:44,2:56:25,2:57:31,0:03:24,0:06:56,7:04:59,3644,10585,10651,204,416,25499,256,213,43,358,296,54,211,184,35,256,213,43,Finisher,1452
Muhamad,Sahrizan,Muhamad Sahrizan,574,M50-54,Male,Subang Jaya,Selangor,Malaysia,MY,0:51:08,2:54:10,3:08:07,0:05:38,0:06:01,7:05:04,3068,10450,11287,338,361,25504,257,214,23,239,202,22,159,141,17,257,214,23,Finisher,700
Kazuki,Kai,Kazuki Kai,346,M40-44,Male,Singapore,Singapore,Japan,JP,0:55:39,3:20:04,2:38:56,0:05:47,0:05:49,7:06:16,3339,12004,9536,347,349,25576,258,215,45,305,255,47,293,250,49,258,215,45,Finisher,700
Ahmad Rubil,Ahmad,Ahmad Rubil Ahmad,502,M55-59,Male,SELANGOR,,Malaysia,MY,0:55:40,3:06:10,2:56:15,0:04:15,0:04:04,7:06:24,3340,11170,10575,255,244,25584,259,216,13,306,256,19,238,205,10,259,216,13,Finisher,1253
Mohd Faiz Bin Kamarudin,Faiz,Mohd Faiz Bin Kamarudin Faiz,314,M40-44,Male,Rawang,,Malaysia,MY,0:58:36,3:22:50,2:37:38,0:05:12,0:02:15,7:06:31,3516,12170,9458,312,135,25591,260,217,46,336,277,53,316,268,51,260,217,46,Finisher,700
Nattawut,Tripech,Nattawut Tripech,407,M45-49,Male,"Klong Tan Nua , Wattana",,Thailand,TH,0:55:21,3:00:22,2:56:21,0:08:19,0:06:07,7:06:31,3321,10822,10581,499,367,25591,261,218,44,300,252,45,225,195,40,261,218,44,Finisher,1425
Mark,Nelson,Mark Nelson,180,M60-64,Male,Bangkok,,Unknown,,0:40:37,2:58:08,3:22:25,0:03:02,0:02:35,7:06:47,2437,10688,12145,182,155,25607,262,219,11,83,76,5,114,108,5,262,219,11,Finisher,1975
Yunita,Rustiandini,Yunita Rustiandini,586,F45-49,Female,Tebet12810,Indonesia,Indonesia,ID,1:09:23,3:13:07,2:30:16,0:06:57,0:07:11,7:06:55,4163,11587,9016,417,431,25615,263,44,11,381,66,12,323,51,11,263,44,11,Finisher,1625
Chuk Chuen Steven,Yong,Chuk Chuen Steven Yong,460,M50-54,Male,SINGAPORE,Singapore,Singapore,SG,0:48:11,3:07:43,3:00:08,0:06:24,0:04:35,7:07:01,2891,11263,10808,384,275,25621,264,220,24,189,159,17,219,190,20,264,220,24,Finisher,700
Takako,Morinaga,Takako Morinaga,138,F65-69,Female,Zushi,JP-14,Japan,JP,0:48:00,3:22:55,2:47:22,0:04:30,0:04:47,7:07:35,2880,12175,10042,270,287,25655,265,45,1,186,29,1,274,40,1,265,45,1,Finisher,3500
Zhi Hong,Li,Zhi Hong Li,338,M40-44,Male,Singapore ,Singapore,Singapore,SG,0:54:01,3:11:47,2:48:01,0:08:14,0:05:37,7:07:40,3241,11507,10081,494,337,25660,266,221,47,288,242,45,267,229,46,266,221,47,Finisher,700
Conal,Levin,Conal Levin,260,M35-39,Male,Iskandar Puteri,MY-01,South Africa,ZA,0:50:46,3:20:15,2:45:53,0:06:14,0:04:42,7:07:50,3046,12015,9953,374,282,25670,267,222,37,228,192,31,281,241,41,267,222,37,Finisher,779
Henri Kurniadi ,Herman,Henri Kurniadi Herman,532,M25-29,Male,"Kembangan, Joglo, Jakarta",Jakarta,Indonesia,ID,0:58:44,3:24:28,2:35:32,0:05:46,0:03:54,7:08:25,3524,12268,9332,346,234,25705,268,223,16,341,282,24,321,272,22,268,223,16,Finisher,700
Eleri,Daskalopoulos,Eleri Daskalopoulos,372,F40-44,Female,Singapore,NORTH EAST,Unknown,,0:50:48,3:14:47,2:54:20,0:05:14,0:03:52,7:09:00,3048,11687,10460,314,232,25740,269,46,9,230,37,5,257,37,8,269,46,9,Finisher,1656
Danielle,Guy,Danielle Guy,290,F35-39,Female,Aveley,AU-WA,Australia,AU,0:42:13,3:07:37,,0:06:00,0:00:00,7:09:16,2533,11257,0,360,0,25756,270,47,11,94,8,4,181,22,6,270,47,11,Finisher,1091
Ivan,Perfiliev,Ivan Perfiliev,416,M45-49,Male,Singapore,01,Singapore,SG,0:45:53,3:35:36,2:18:24,0:23:13,0:06:31,7:09:37,2753,12936,8304,1393,391,25777,271,224,45,148,130,17,361,300,55,271,224,45,Finisher,1369
Aimran,Jamil,Aimran Jamil,266,M35-39,Male,Cyberjaya,MY-10,Malaysia,MY,0:52:18,3:11:03,2:58:02,0:05:05,0:03:35,7:10:02,3138,11463,10682,305,215,25802,272,225,38,263,221,37,243,209,36,272,225,38,Finisher,739
Nigel,Ng,Nigel Ng,394,M45-49,Male,Singapore,SINGAPORE,Singapore,SG,0:54:02,3:12:46,2:53:57,0:05:38,0:03:44,7:10:07,3242,11566,10437,338,224,25807,273,226,46,289,243,44,262,224,43,273,226,46,Finisher,1360
Kayo,Ikeda,Kayo Ikeda,507,F55-59,Female,Singapore,01,Singapore,SG,1:05:03,3:36:19,2:18:24,0:04:42,0:05:43,7:10:11,3903,12979,8304,282,343,25811,274,48,4,377,65,6,363,63,6,274,48,4,Finisher,2536
Muhd Umar Alsiddiq,Rahman,Muhd Umar Alsiddiq Rahman,276,M35-39,Male,Singapore,,Singapore,SG,0:53:02,3:03:53,3:05:44,0:04:40,0:02:56,7:10:15,3182,11033,11144,280,176,25815,275,227,39,276,230,38,216,187,32,275,227,39,Finisher,735
Jatin,Gupta,Jatin Gupta,194,M25-29,Male,New Delhi,,India,IN,0:52:58,3:18:40,2:48:50,0:05:56,0:04:16,7:10:40,3178,11920,10130,356,256,25840,276,228,17,274,229,19,284,243,17,276,228,17,Finisher,700
Soon Thung,Tiew,Soon Thung Tiew,162,M45-49,Male,Kuala Lumpur,MY-14,Malaysia,MY,0:47:18,2:58:12,3:15:52,0:04:49,0:05:23,7:11:35,2838,10692,11752,289,323,25895,277,229,47,172,148,24,157,139,24,277,229,47,Finisher,1334
Shin,Jin,Shin Jin,217,M30-34,Male,,,Singapore,SG,0:48:21,3:13:42,3:04:35,0:03:28,0:02:03,7:12:08,2901,11622,11075,208,123,25928,278,230,24,192,162,18,232,200,24,278,230,24,Finisher,984
Hazree,Sofian,Hazree Sofian,252,M35-39,Male,Singapore,SINGAPORE,Singapore,SG,0:57:02,3:06:06,3:01:19,0:05:20,0:03:49,7:13:37,3422,11166,10879,320,229,26017,279,231,40,319,266,43,244,210,37,279,231,40,Finisher,700
Valentin,Le Barazer,Valentin Le Barazer,272,M35-39,Male,singapore,Singapore,France,FR,0:51:02,3:24:10,2:39:59,0:09:30,0:09:02,7:13:42,3062,12250,9599,570,542,26022,280,232,41,236,199,33,306,261,43,280,232,41,Finisher,700
Wei Jie,Ang,Wei Jie Ang,206,M25-29,Male,Singapore,Singapore,South Georgia and the South Sandwich Islands,GS,0:49:04,3:17:37,2:57:04,0:05:44,0:04:53,7:14:22,2944,11857,10624,344,293,26062,281,233,18,203,172,15,261,223,16,281,233,18,Finisher,700
Murray,Alldritt,Murray Alldritt,518,M60-64,Male,Kuala Lumpur,MY-14,Malaysia,MY,0:44:14,3:11:47,3:11:46,0:04:10,0:03:44,7:15:41,2654,11507,11506,250,224,26141,282,234,12,122,109,6,208,181,10,282,234,12,Finisher,1814
Michael,Groh,Michael Groh,321,M40-44,Male,Jeddah,Makkah Al Mukarramah Province,Germany,DE,0:51:08,3:02:36,3:11:47,0:06:03,0:05:10,7:16:43,3068,10956,11507,363,310,26203,283,235,48,238,201,40,203,177,38,283,235,48,Finisher,700
Thiam Poh,Yow,Thiam Poh Yow,403,M45-49,Male,Singapore,Singapore,Singapore,SG,0:56:27,3:14:36,2:58:47,0:05:31,0:03:49,7:19:10,3387,11676,10727,331,229,26350,284,236,48,311,260,46,277,237,46,284,236,48,Finisher,1197
SORAYA, BINTI ABDUL MALIK,SORAYA BINTI ABDUL MALIK,581,F30-34,Female,Bangsar,MY-14,Malaysia,MY,0:55:22,3:25:58,2:49:12,0:05:11,0:03:34,7:19:16,3322,12358,10152,311,214,26356,285,49,5,301,49,7,315,48,6,285,49,5,Finisher,2111
Mohamad Amin,Bin Mohd Jimmy Wong,Mohamad Amin Bin Mohd Jimmy Wong,196,M25-29,Male,Kuala Lumpur,MY-14,Malaysia,MY,0:54:12,3:19:12,2:58:06,0:04:14,0:04:16,7:20:00,3252,11952,10686,254,256,26400,286,237,19,294,247,21,286,245,18,286,237,19,Finisher,700
Wilson,Goh Lian Boon,Wilson Goh Lian Boon,587,M45-49,Male,Singapore,,Singapore,SG,1:10:10,3:39:35,2:17:56,0:06:45,0:05:49,7:20:16,4210,13175,8276,405,349,26416,287,238,49,384,318,58,374,311,56,287,238,49,Finisher,1177
Florie,Robinson,Florie Robinson,474,F50-54,Female,Singapore,,France,FR,0:52:29,3:39:15,2:40:47,0:04:11,0:03:41,7:20:24,3149,13155,9647,251,221,26424,288,50,7,267,43,6,341,57,7,288,50,7,Finisher,1284
Sante,Scartozzi,Sante Scartozzi,496,M55-59,Male,Winthrop,AU-WA,Australia,AU,0:52:17,3:19:38,2:58:57,0:05:08,0:05:20,7:21:20,3137,11978,10737,308,320,26480,289,239,14,261,219,15,279,239,18,289,239,14,Finisher,984
Jun Zhi,Tan,Jun Zhi Tan,198,M25-29,Male,Singapore,04,Singapore,SG,0:50:41,3:25:52,2:56:36,0:05:10,0:03:13,7:21:32,3041,12352,10596,310,193,26492,290,240,20,226,191,17,294,251,19,290,240,20,Finisher,700
Jared,Chia,Jared Chia,193,M25-29,Male,singapore,Singapore,Singapore,SG,0:58:40,3:36:34,2:35:36,0:05:51,0:04:55,7:21:37,3520,12994,9336,351,295,26497,291,241,21,337,278,23,350,289,23,291,241,21,Finisher,700
AMOS,LEE,AMOS LEE,224,M30-34,Male,Singapore,,Singapore,SG,0:58:06,3:39:04,2:35:58,0:04:27,0:04:08,7:21:43,3486,13144,9358,267,248,26503,292,242,25,330,273,32,352,291,35,292,242,25,Finisher,811
Wee Lee,Tan,Wee Lee Tan,482,M55-59,Male,Singapore,Singapore,Singapore,SG,1:00:54,3:03:15,3:08:36,0:05:01,0:04:34,7:22:20,3654,10995,11316,301,274,26540,293,243,15,361,299,23,248,214,12,293,243,15,Finisher,966
Chew,Chin Kuen,Chew Chin Kuen,348,M40-44,Male,JOHOR Bahru ,MY-01,Malaysia,MY,0:58:59,3:03:02,3:13:04,0:04:44,0:03:04,7:22:53,3539,10982,11584,284,184,26573,294,244,49,343,283,55,239,206,42,294,244,49,Finisher,700
Eu Kiat,Lim,Eu Kiat Lim,268,M35-39,Male,Singapore,Singapore,Malaysia,MY,0:58:34,3:38:38,2:35:29,0:06:01,0:04:16,7:22:57,3514,13118,9329,361,256,26577,295,245,42,335,276,44,357,296,46,295,245,42,Finisher,700
Chin Wei,Leong,Chin Wei Leong,567,M45-49,Male,Batu 9 Cheras,,Malaysia,MY,0:57:57,3:20:19,2:53:34,0:05:08,0:06:08,7:23:06,3477,12019,10414,308,368,26586,296,246,50,328,272,47,301,257,49,296,246,50,Finisher,1126
Mark,Ong,Mark Ong,230,M30-34,Male,92 Dunbar Walk,04,Singapore,SG,0:43:50,3:38:08,2:54:55,0:03:03,0:03:19,7:23:15,2630,13088,10495,183,199,26595,297,247,26,115,104,13,307,262,29,297,247,26,Finisher,784
Kai Wenn,Chan,Kai Wenn Chan,212,M30-34,Male,Ulu Kelang,MY-10,Malaysia,MY,0:43:13,3:44:51,2:45:06,0:05:54,0:04:49,7:23:53,2593,13491,9906,354,289,26633,298,248,27,106,96,10,329,277,33,298,248,27,Finisher,772
Jimmy,Liew,Jimmy Liew,219,M30-34,Male,Singapore,Singapore,Malaysia,MY,0:52:34,3:23:07,2:57:28,0:06:58,0:03:50,7:23:56,3154,12187,10648,418,230,26636,299,249,28,268,225,27,296,253,27,299,249,28,Finisher,771
nitin,patil,nitin patil,274,M35-39,Male,BAYAN LEPAS,MY-07,India,IN,0:59:27,3:16:29,2:55:20,0:07:54,0:05:24,7:24:32,3567,11789,10520,474,324,26672,300,250,43,349,287,45,303,259,42,300,250,43,Finisher,700
Shahariz,Aziz,Shahariz Aziz,446,M50-54,Male,Kuala Lumpur,WILAYAH PERSEKUTUAN KUALA LUMPUR,Malaysia,MY,0:54:10,3:18:15,3:03:47,0:05:11,0:03:13,7:24:36,3250,11895,11027,311,193,26676,301,251,25,292,245,29,285,244,28,301,251,25,Finisher,700
Muhammad Zaid,Mohamad Nasir,Muhammad Zaid Mohamad Nasir,537,M30-34,Male,KUALA LUMPUR,,Malaysia,MY,1:06:14,3:05:52,3:02:06,0:05:02,0:05:47,7:25:00,3974,11152,10926,302,347,26700,302,252,29,378,313,37,280,240,26,302,252,29,Finisher,752
Chun Giap,Ng ,Chun Giap Ng,595,M30-34,Male,MALAYSIAN,MY-10,Malaysia,MY,0:51:32,2:45:57,3:40:53,0:03:48,0:02:50,7:25:00,3092,9957,13253,228,170,26700,303,253,30,248,210,25,113,107,10,303,253,30,Finisher,752
Jovial,Ng,Jovial Ng,210,F25-29,Female,Singapore,,Singapore,SG,0:45:59,3:28:58,3:00:11,0:04:46,0:05:18,7:25:12,2759,12538,10811,286,318,26712,304,51,3,149,19,2,288,42,3,304,51,3,Finisher,1622
Jun,Siw,Jun Siw,573,M50-54,Male,Pangkalan Baru Bangka Tengah,Bangka Belitung Islands,Indonesia,ID,0:59:20,3:27:07,2:43:52,0:09:07,0:05:48,7:25:14,3560,12427,9832,547,348,26714,305,254,26,348,286,36,339,283,33,305,254,26,Finisher,700
Sze Rong,Tham,Sze Rong Tham,207,F25-29,Female,singapore,,Singapore,SG,0:58:02,3:25:51,2:52:05,0:05:11,0:05:08,7:26:17,3482,12351,10325,311,308,26777,306,52,4,329,57,4,322,50,4,306,52,4,Finisher,1603
David,Ng,David Ng,449,M50-54,Male,Singapore,05,Singapore,SG,0:53:30,3:16:54,3:02:14,0:06:59,0:07:07,7:26:43,3210,11814,10934,419,427,26803,307,255,27,280,234,27,282,242,27,307,255,27,Finisher,700
Jamie,Goh,Jamie Goh,149,F35-39,Female,Singapore,Singapore,Singapore,SG,0:50:18,3:31:11,2:56:04,0:05:10,0:04:16,7:26:59,3018,12671,10564,310,256,26819,308,53,12,221,34,10,317,49,11,308,53,12,Finisher,772
Wayne,Sou,Wayne Sou,461,M50-54,Male,Singapore,,Singapore,SG,1:00:40,3:08:17,3:07:07,0:05:35,0:05:35,7:27:13,3640,11297,11227,335,335,26833,309,256,28,357,295,38,271,233,25,309,256,28,Finisher,700
Pablo,Mazzoletti,Pablo Mazzoletti,376,M45-49,Male,Kuala Lumpur,14,Argentina,AR,0:41:59,3:26:42,3:09:43,0:05:11,0:04:59,7:28:35,2519,12402,11383,311,299,26915,310,257,51,92,85,13,266,228,44,310,257,51,Finisher,1028
Sirong,Fu,Sirong Fu,259,M35-39,Male,Singapore ,Singapore,Singapore,SG,0:51:30,3:27:27,2:56:49,0:09:06,0:03:51,7:28:43,3090,12447,10609,546,231,26923,311,258,44,247,209,34,320,271,44,311,258,44,Finisher,700
Jean-Baptiste,CECCONELLO,Jean-Baptiste CECCONELLO,591,M18-24,Male,Thomery,ILE-DE-FRANCE,France,FR,0:48:42,3:23:12,3:06:04,0:07:50,0:03:24,7:29:11,2922,12192,11164,470,204,26951,312,259,8,195,164,7,289,247,8,312,259,8,Finisher,1382
Abdul Kadir,Abdul Karim,Abdul Kadir Abdul Karim,575,M50-54,Male,Shah Alam,MY-10,Malaysia,MY,0:51:20,3:13:26,3:18:04,0:03:48,0:03:20,7:29:58,3080,11606,11884,228,200,26998,313,260,29,245,207,23,246,212,22,313,260,29,Finisher,700
Dawn,Musil,Dawn Musil,246,F30-34,Female,Cleveland,OH,Unknown,,0:54:14,3:24:33,3:00:34,0:04:34,0:06:04,7:29:59,3254,12273,10834,274,364,26999,314,54,6,295,48,6,300,44,5,314,54,6,Finisher,1918
Justin,Keh,Justin Keh,387,M45-49,Male,Singapore,Singapore,Singapore,SG,0:49:23,3:30:44,2:59:31,0:05:43,0:04:45,7:30:07,2963,12644,10771,343,285,27007,315,261,52,211,179,28,314,267,52,315,261,52,Finisher,1000
Steven,Thielke,Steven Thielke,505,M55-59,Male,Singapore ,Singapore,South Africa,ZA,0:50:34,3:17:13,3:13:09,0:05:29,0:03:50,7:30:15,3034,11833,11589,329,230,27015,316,262,16,225,190,13,264,226,15,316,262,16,Finisher,824
Ammar,Azhar,Ammar Azhar,191,M25-29,Male,SHAH ALAM,MY-10,Malaysia,MY,0:52:12,3:51:48,2:36:00,0:06:20,0:04:13,7:30:33,3132,13908,9360,380,253,27033,317,263,22,258,217,18,367,304,25,317,263,22,Finisher,700
Azwan,Masarik,Azwan Masarik,203,M25-29,Male,Malaysian,MY-08,Malaysia,MY,1:11:30,3:29:28,2:44:17,0:03:40,0:02:24,7:31:18,4290,12568,9857,220,144,27078,318,264,23,386,319,25,360,299,24,318,264,23,Finisher,700
THEODOROS,Gkitzos,THEODOROS Gkitzos,576,M55-59,Male,Shanghai,AU-WA,Greece,GR,0:47:38,3:17:24,3:14:11,0:06:14,0:06:18,7:31:45,2858,11844,11651,374,378,27105,319,265,17,177,152,11,259,221,14,319,265,17,Finisher,797
Yosef,Effendy,Yosef Effendy,318,M40-44,Male,Singapore,Singapore,Singapore,SG,0:52:45,3:06:14,3:20:45,0:06:53,0:05:18,7:31:55,3165,11174,12045,413,318,27115,320,266,50,271,228,43,234,202,41,320,266,50,Finisher,700
Torsak,Rodpengsangkaha,Torsak Rodpengsangkaha,399,M45-49,Male,Phayathai,KRUNG THEP MAHA NAKHON,Thailand,TH,0:48:59,3:30:24,3:03:48,0:05:49,0:03:47,7:32:47,2939,12624,11028,349,227,27167,321,267,53,200,169,27,309,263,51,321,267,53,Finisher,952
Junji,Taki,Junji Taki,347,M40-44,Male,Singapore ,Singapore,Japan,JP,0:58:42,3:34:22,2:44:35,0:08:47,0:07:57,7:34:25,3522,12862,9875,527,477,27265,322,268,51,339,280,54,354,293,57,322,268,51,Finisher,700
Koik,Boon Hong,Koik Boon Hong,382,M45-49,Male,Alor Setar,MY-02,Malaysia,MY,1:03:49,3:31:22,2:44:43,0:07:26,0:07:14,7:34:34,3829,12682,9883,446,434,27274,323,269,54,373,310,57,355,294,54,323,269,54,Finisher,920
Arif,Sidek,Arif Sidek,457,M50-54,Male,Damansara Heights,MY-14,Malaysia,MY,0:48:44,3:41:26,2:56:07,0:03:34,0:05:08,7:35:00,2924,13286,10567,214,308,27300,324,270,30,196,165,19,328,276,32,324,270,30,Finisher,700
Mark,Ritchie,Mark Ritchie,464,M50-54,Male,Singapore,SINGAPORE,Unknown,,0:57:26,3:41:09,2:46:41,0:06:02,0:03:57,7:35:15,3446,13269,10001,362,237,27315,325,271,31,324,270,35,359,298,36,325,271,31,Finisher,700
MOHAMAD IZUAN,ALIAS,MOHAMAD IZUAN ALIAS,325,M40-44,Male,CHERAS,MY-14,Malaysia,MY,0:56:35,3:06:26,3:21:42,0:05:50,0:05:34,7:36:07,3395,11186,12102,350,334,27367,326,272,52,312,261,48,247,213,43,326,272,52,Finisher,700
Mostafijur,Rahman,Mostafijur Rahman,248,M35-39,Male,Dhaka,,Bangladesh,BD,0:43:58,3:17:13,3:21:10,0:07:18,0:06:47,7:36:26,2638,11833,12070,438,407,27386,327,273,45,117,106,22,245,211,38,327,273,45,Finisher,700
Alexander,Gebhard,Alexander Gebhard,520,M65-69,Male,Cyberjaya,MY-10,Germany,DE,1:02:54,3:26:11,2:57:15,0:05:24,0:05:04,7:36:48,3774,12371,10635,324,304,27408,328,274,1,368,306,1,333,279,1,328,274,1,Finisher,3500
Daing Mohamad Hazim,Daing Abd Rahim,Daing Mohamad Hazim Daing Abd Rahim,536,M30-34,Male,Iskandar Puteri,MY-01,Malaysia,MY,1:02:01,3:15:41,3:07:53,0:05:24,0:06:26,7:37:25,3721,11741,11273,324,386,27445,329,275,31,365,303,35,298,255,28,329,275,31,Finisher,700
Riadi,Arsandi,Riadi Arsandi,250,M35-39,Male,Bekasi,West Java,Indonesia,ID,1:03:11,3:43:35,2:40:57,0:04:45,0:05:00,7:37:29,3791,13415,9657,285,300,27449,330,276,46,370,308,47,368,305,48,330,276,46,Finisher,700
Saul,Keens,Saul Keens,492,M55-59,Male,dubai,Dubai,Unknown,,1:02:49,3:21:44,3:01:50,0:07:34,0:04:09,7:38:07,3769,12104,10910,454,249,27487,331,277,18,367,305,24,326,274,19,331,277,18,Finisher,700
Norazian,Abd Manaf,Norazian Abd Manaf,583,F45-49,Female,Kuala Lumpur,WILAYAH PERSEKUTUAN KUALA LUMPUR,Malaysia,MY,1:10:53,3:21:37,2:57:49,0:05:06,0:02:53,7:38:19,4253,12097,10669,306,173,27499,332,55,12,385,67,13,342,58,12,332,55,12,Finisher,1060
Muhamad Faidz,Mohd Firuz,Muhamad Faidz Mohd Firuz,236,M30-34,Male,Johor Bahru,,Malaysia,MY,0:59:47,3:20:08,3:07:51,0:06:59,0:04:30,7:39:14,3587,12008,11271,419,270,27554,333,278,32,354,292,34,319,270,32,333,278,32,Finisher,700
Zairi,Zulkiffli,Zairi Zulkiffli,234,M30-34,Male,JOHOR BAHRU,MY-01,Malaysia,MY,0:58:28,3:25:53,3:00:33,0:09:59,0:04:34,7:39:27,3508,12353,10833,599,274,27567,334,279,33,333,274,33,332,278,34,334,279,33,Finisher,700
Kiko,Hashikawa,Kiko Hashikawa,524,M70-74,Male,那覇市泉崎,,Japan,JP,0:46:35,3:16:57,3:26:38,0:05:55,0:03:35,7:39:40,2795,11817,12398,355,215,27580,335,280,2,162,141,2,249,215,2,335,280,2,Finisher,2762
Tee Juay,Chan,Tee Juay Chan,503,M55-59,Male,SINGAPORE (SGP),SINGAPORE,Singapore,SG,0:59:16,3:56:10,2:20:00,0:12:18,0:12:37,7:40:20,3556,14170,8400,738,757,27620,336,281,19,346,284,20,385,319,24,336,281,19,Finisher,700
Azmi,Awang,Azmi Awang,571,M50-54,Male,PUCHONG,,Malaysia,MY,0:51:55,3:15:29,3:19:19,0:07:34,0:07:08,7:41:26,3115,11729,11959,454,428,27686,337,282,32,253,214,24,273,234,26,337,282,32,Finisher,700
Fumio,Kida,Fumio Kida,139,M70-74,Male,Kobe Sakaimachi,JP-28,Japan,JP,0:50:46,3:14:41,3:23:48,0:08:17,0:04:30,7:42:03,3046,11681,12228,497,270,27723,338,283,3,229,193,3,265,227,3,338,283,3,Finisher,2719
Ruzaini,Ramli,Ruzaini Ramli,265,M35-39,Male,Kajang,MY-10,Malaysia,MY,1:09:28,3:34:49,2:48:48,0:05:09,0:05:28,7:43:41,4168,12889,10128,309,328,27821,339,284,47,382,316,48,365,302,47,339,284,47,Finisher,700
Nouf,Almutairi,Nouf Almutairi,542,F30-34,Female,Kuwait,,Kuwait,KW,0:53:00,3:37:54,3:05:57,0:04:13,0:02:53,7:43:56,3180,13074,11157,253,173,27836,340,56,7,275,46,5,336,55,7,340,56,7,Finisher,1667
Fadzly,Othman,Fadzly Othman,385,M45-49,Male,SINGAPORE,Singapore,Singapore,SG,0:59:17,3:34:31,2:54:29,0:07:52,0:08:18,7:44:29,3557,12871,10469,472,498,27869,341,285,55,347,285,51,353,292,53,341,285,55,Finisher,741
Jeffrey,Ng,Jeffrey Ng,395,M45-49,Male,Singapore,Singapore,Singapore,SG,0:58:32,3:19:14,3:15:08,0:06:04,0:06:54,7:45:51,3512,11954,11708,364,414,27951,342,286,56,334,275,48,304,260,50,342,286,56,Finisher,717
Nicolas,Weng Kan,Nicolas Weng Kan,480,M55-59,Male,singapore,CENTRAL SINGAPORE,Madagascar,MG,0:54:49,3:30:57,3:07:56,0:07:24,0:05:09,7:46:15,3289,12657,11276,444,309,27975,343,287,20,299,251,18,327,275,20,343,287,20,Finisher,700
TEIK LEE,OON,TEIK LEE OON,501,M55-59,Male,Iskandar Puteri,MY-01,Malaysia,MY,0:59:41,3:42:41,2:51:55,0:05:01,0:07:00,7:46:17,3581,13361,10315,301,420,27977,344,288,21,352,290,21,364,301,23,344,288,21,Finisher,700
Randy,Sebastio,Randy Sebastio,218,M30-34,Male,Singapore,Singapore,Indonesia,ID,0:49:02,3:20:20,3:28:37,0:05:05,0:05:47,7:48:50,2942,12020,12517,305,347,28130,345,289,34,201,170,20,270,232,25,345,289,34,Finisher,700
Amy,Lee,Amy Lee,176,F55-59,Female,Singapore,Singapore,Singapore,SG,0:56:56,3:32:50,3:06:35,0:05:23,0:08:28,7:50:12,3416,12770,11195,323,508,28212,346,57,5,316,53,4,337,56,5,346,57,5,Finisher,1815
Norhisham,Supandi,Norhisham Supandi,447,M50-54,Male,Kajang,MY-10,Malaysia,MY,0:59:38,3:30:45,3:07:14,0:05:22,0:07:16,7:50:13,3578,12645,11234,322,436,28213,347,290,33,351,289,37,340,284,34,347,290,33,Finisher,700
Jerry Jiayi,Toh,Jerry Jiayi Toh,319,M40-44,Male,Singapore,,Singapore,SG,0:50:07,3:45:53,3:05:29,0:04:43,0:04:28,7:50:41,3007,13553,11129,283,268,28241,348,291,53,218,186,39,349,288,55,348,291,53,Finisher,700
Sho,Setoguchi,Sho Setoguchi,300,M40-44,Male,Singapore,Singapore,Japan,JP,0:57:12,3:32:47,3:10:38,0:05:24,0:05:09,7:51:10,3432,12767,11438,324,309,28270,349,292,54,321,267,50,338,282,53,349,292,54,Finisher,700
Bik Kui,Lau,Bik Kui Lau,334,M40-44,Male,Kuching,MY-13,Malaysia,MY,1:01:31,3:28:15,3:12:25,0:05:14,0:04:36,7:52:00,3691,12495,11545,314,276,28320,350,293,55,362,300,57,335,281,52,350,293,55,Finisher,700
Teck King,Lim,Teck King Lim,468,M50-54,Male,Singapore,Singapore,Malaysia,MY,0:54:29,3:24:57,3:21:11,0:06:00,0:05:29,7:52:05,3269,12297,12071,360,329,28325,351,294,34,298,250,31,311,264,30,351,294,34,Finisher,700
Siaw Yu ,Chin ,Siaw Yu Chin,192,M25-29,Male,Singapore ,,Malaysia,MY,0:37:35,3:40:19,3:26:29,0:05:18,0:03:15,7:52:57,2255,13219,12389,318,195,28377,352,295,24,41,39,6,299,256,20,352,295,24,Finisher,700
Izzuddin,Iwanuddin,Izzuddin Iwanuddin,189,M25-29,Male,MALAYSIAN,MY-04,Malaysia,MY,0:45:01,3:30:03,3:25:36,0:08:34,0:04:34,7:53:48,2701,12603,12336,514,274,28428,353,296,25,136,121,11,302,258,21,353,296,25,Finisher,700
Andrea,Chee,Andrea Chee,508,F55-59,Female,Singapore,Singapore,Singapore,SG,0:57:53,3:31:04,3:14:34,0:05:04,0:05:18,7:53:54,3473,12664,11674,304,318,28434,354,58,6,327,56,5,330,53,4,354,58,6,Finisher,1749
Guy,Losson,Guy Losson,499,M55-59,Male,Singapore,,France,FR,0:51:00,3:14:09,3:35:51,0:10:22,0:04:59,7:56:21,3060,11649,12951,622,299,28581,355,297,22,235,198,14,276,236,17,355,297,22,Finisher,700
Alan,Low,Alan Low,484,M55-59,Male,SINGAPORE,,Singapore,SG,0:52:25,3:43:30,3:05:21,0:06:45,0:08:27,7:56:29,3145,13410,11121,405,507,28589,356,298,23,266,224,16,356,295,22,356,298,23,Finisher,700
NOR AZURA,BINTE MOHAMMED RADHI,NOR AZURA BINTE MOHAMMED RADHI,367,F40-44,Female,SINGAPORE,SOUTH WEST,Singapore,SG,0:56:53,3:35:35,3:11:44,0:07:48,0:04:33,7:56:34,3413,12935,11504,468,273,28594,357,59,10,314,52,8,347,61,11,357,59,10,Finisher,800
Justin,Yap,Justin Yap,182,M18-24,Male,Singapore,,Singapore,SG,0:54:03,3:31:27,3:23:19,0:05:11,0:04:00,7:58:01,3243,12687,12199,311,240,28681,358,299,9,290,244,9,325,273,9,358,299,9,Finisher,863
Au,Ai Seng,Au Ai Seng,504,M55-59,Male,CLEMENTI WEST,,Singapore,SG,0:44:51,3:43:47,3:18:24,0:05:52,0:05:17,7:58:12,2691,13427,11904,352,317,28692,359,300,24,131,117,9,334,280,21,359,300,24,Finisher,700
Boon Siong,Lim,Boon Siong Lim,448,M50-54,Male,Singapore,,Singapore,SG,1:01:44,3:43:38,3:01:29,0:08:15,0:05:30,8:00:37,3704,13418,10889,495,330,28837,360,301,35,364,302,39,371,308,38,360,301,35,Finisher,700
Fabiola,Rodriguez,Fabiola Rodriguez,364,F40-44,Female,Kuala Lumpur,MY-14,Mexico,MX,0:57:42,3:33:36,3:19:54,0:06:45,0:03:32,8:01:29,3462,12816,11994,405,212,28889,361,60,11,325,55,10,343,59,10,361,60,11,Finisher,711
Mary,Espina,Mary Espina,427,F45-49,Female,Singapore,SINGAPORE,Unknown,,0:58:09,3:40:02,3:07:57,0:07:40,0:08:19,8:02:07,3489,13202,11277,460,499,28927,362,61,13,331,58,11,362,62,13,362,61,13,Finisher,700
Mohd Azan,Ibrahim,Mohd Azan Ibrahim,557,M40-44,Male,Petaling Jaya,MY-10,Malaysia,MY,0:59:55,3:16:32,3:32:15,0:06:01,0:07:42,8:02:25,3595,11792,12735,361,462,28945,363,302,56,355,293,56,295,252,50,363,302,56,Finisher,700
Muhamad Hafiz,Abd Hamid,Muhamad Hafiz Abd Hamid,556,M40-44,Male,Selangor,MY-10,Malaysia,MY,1:09:36,3:25:49,3:11:31,0:07:52,0:07:56,8:02:44,4176,12349,11491,472,476,28964,364,303,57,383,317,60,358,297,58,364,303,57,Finisher,700
NKH,Mohd Som,NKH Mohd Som,470,M50-54,Male,Cheras,MY-14,Malaysia,MY,0:53:16,3:51:56,3:06:49,0:08:16,0:04:44,8:05:01,3196,13916,11209,496,284,29101,365,304,36,278,232,26,370,307,37,365,304,36,Finisher,700
Mohamad Ikmal,Saharmi,Mohamad Ikmal Saharmi,237,M30-34,Male,KUALA NERUS ,MY-11,Malaysia,MY,1:07:33,3:35:28,3:11:45,0:06:57,0:03:31,8:05:13,4053,12928,11505,417,211,29113,366,305,35,380,315,38,366,303,36,366,305,35,Finisher,700
George,Yeoh,George Yeoh,215,M30-34,Male,Singapore,01,Singapore,SG,0:56:58,3:21:24,3:36:32,0:07:26,0:03:31,8:05:51,3418,12084,12992,446,211,29151,367,306,36,317,264,31,313,266,31,367,306,36,Finisher,700
Zulhazmi,Abu Hasan,Zulhazmi Abu Hasan,572,M50-54,Male,MALAYSIA,,Malaysia,MY,0:54:16,3:25:11,3:30:46,0:07:20,0:08:32,8:06:04,3256,12311,12646,440,512,29164,368,307,37,296,248,30,318,269,31,368,307,37,Finisher,700
Kavita,Shah,Kavita Shah,363,F40-44,Female,Puchong,MY-10,India,IN,0:59:03,3:58:22,2:58:12,0:05:44,0:05:06,8:06:27,3543,14302,10692,344,306,29187,369,62,12,345,62,12,381,66,13,369,62,12,Finisher,700
Dhuha,Alibraheem,Dhuha Alibraheem,543,F30-34,Female,Kuwait- Salam Area- Block 4 - Street 25- House Number 75,Ahmadi,Kuwait,KW,1:03:43,4:14:38,2:40:15,0:03:36,0:06:07,8:08:19,3823,15278,9615,216,367,29299,370,63,8,372,63,8,389,67,8,370,63,8,Finisher,1228
Chian Ming,Tan,Chian Ming Tan,296,F35-39,Female,Petaling Jaya,MY-10,Malaysia,MY,0:54:10,3:35:27,3:29:43,0:04:42,0:04:51,8:08:53,3250,12927,12583,282,291,29333,371,64,13,291,47,13,331,54,13,371,64,13,Finisher,700
Zhiwei,Lim,Zhiwei Lim,340,M40-44,Male,singapore,05,Singapore,SG,0:48:01,3:46:27,3:24:13,0:07:05,0:05:01,8:10:48,2881,13587,12253,425,301,29448,372,308,58,187,158,35,351,290,56,372,308,58,Finisher,700
Thura,Phyo,Thura Phyo,214,M30-34,Male,Singapore,04,Myanmar,MM,0:56:00,3:49:58,3:14:17,0:06:22,0:04:28,8:11:06,3360,13798,11657,382,268,29466,373,309,37,308,258,30,369,306,37,373,309,37,Finisher,700
Mohd Shaiful Nizam,Mamat Nasir,Mohd Shaiful Nizam Mamat Nasir,275,M35-39,Male,TEMERLOH,,Malaysia,MY,0:51:57,3:42:38,3:26:26,0:06:01,0:05:25,8:12:28,3117,13358,12386,361,325,29548,374,310,48,254,215,35,348,287,45,374,310,48,Finisher,700
Chai,Cheeboon,Chai Cheeboon,353,M40-44,Male,Singapore,Singapore,Singapore,SG,1:04:02,3:51:39,3:06:49,0:07:17,0:03:26,8:13:13,3842,13899,11209,437,206,29593,375,311,59,374,311,59,379,315,59,375,311,59,Finisher,700
Jemilia Siew Yean,Heng,Jemilia Siew Yean Heng,375,F40-44,Female,singapore,Singapore,Singapore,SG,1:04:09,3:51:39,3:06:49,0:07:18,0:03:25,8:13:19,3849,13899,11209,438,205,29599,376,65,13,375,64,13,380,65,12,376,65,13,Finisher,700
Bin Chuan,Chan,Bin Chuan Chan,473,M50-54,Male,Singapore,Singapore,Singapore,SG,0:56:56,3:51:29,3:06:23,0:09:42,0:09:53,8:14:23,3416,13889,11183,582,593,29663,377,312,38,315,263,33,376,313,40,377,312,38,Finisher,700
Boonrod,Patcharavalai,Boonrod Patcharavalai,450,M50-54,Male,Nonthaburi,,Thailand,TH,1:12:16,3:34:17,3:10:42,0:09:08,0:10:03,8:16:27,4336,12857,11442,548,603,29787,378,313,39,387,320,41,373,310,39,378,313,39,Finisher,700
Yeo,Chee Fong,Yeo Chee Fong,439,M50-54,Male,Ampang,MY-10,Malaysia,MY,0:56:14,3:37:54,3:28:24,0:06:01,0:08:11,8:16:45,3374,13074,12504,361,491,29805,379,314,40,310,259,32,346,286,35,379,314,40,Finisher,700
Hunwee,Ng,Hunwee Ng,419,M45-49,Male,Nusajaya,JOHOR,Malaysia,MY,0:58:41,3:53:00,3:17:52,0:05:23,0:04:11,8:19:06,3521,13980,11872,323,251,29946,380,315,57,338,279,49,375,312,57,380,315,57,Finisher,700
Ivan,Ang,Ivan Ang,307,M40-44,Male,Singapore,,Singapore,SG,0:52:17,4:16:22,2:58:06,0:07:03,0:06:25,8:20:12,3137,15382,10686,423,385,30012,381,316,60,262,220,42,387,321,60,381,316,60,Finisher,700
Hui Juin,Lim,Hui Juin Lim,289,F35-39,Female,Singapore,01,Singapore,SG,0:51:36,3:39:44,3:33:45,0:07:34,0:07:44,8:20:23,3096,13184,12825,454,464,30023,382,66,14,249,39,11,344,60,14,382,66,14,Finisher,700
Gary,Lee,Gary Lee,523,M65-69,Male,Singapore,01,Singapore,SG,1:07:31,3:52:34,3:03:38,0:08:29,0:08:14,8:20:26,4051,13954,11018,509,494,30026,383,317,2,379,314,2,386,320,2,383,317,2,Finisher,2714
Mohd Ameruddin,Ahmat,Mohd Ameruddin Ahmat,221,M30-34,Male,Dengkil,MY-10,Malaysia,MY,1:04:13,3:55:32,3:09:38,0:07:25,0:03:50,8:20:37,3853,14132,11378,445,230,30037,384,318,38,376,312,36,384,318,38,384,318,38,Finisher,700
Samantha,Ho,Samantha Ho,479,F50-54,Female,Singapiore,Singapore,Singapore,SG,0:58:59,3:55:18,3:12:45,0:07:34,0:06:19,8:20:56,3539,14118,11565,454,379,30056,385,67,8,344,61,8,378,64,8,385,67,8,Finisher,700
Ahmad Taufiq,Abdul Abdul Rahim,Ahmad Taufiq Abdul Abdul Rahim,550,M35-39,Male,MALAYSIAN,MY-10,Malaysia,MY,1:15:29,3:30:58,3:23:16,0:07:11,0:07:48,8:24:43,4529,12658,12196,431,468,30283,386,319,49,390,323,50,372,309,49,386,319,49,Finisher,700
Norman,Tan,Norman Tan,462,M50-54,Male,Singapore,05,Singapore,SG,1:03:15,3:50:10,3:11:29,0:10:21,0:11:08,8:26:22,3795,13810,11489,621,668,30382,387,320,41,371,309,40,383,317,41,387,320,41,Finisher,700
Joon Ming,Yeo,Joon Ming Yeo,277,M35-39,Male,Singapore,,Singapore,SG,1:13:57,3:39:12,3:19:33,0:08:02,0:07:35,8:28:19,4437,13152,11973,482,455,30499,388,321,50,389,322,49,377,314,50,388,321,50,Finisher,700
Bachir Samir,Merah,Bachir Samir Merah,486,M55-59,Male,Bir Mourad Raïs,ALGER,Algeria,DZ,1:13:08,3:59:26,3:13:26,0:06:05,0:02:26,8:34:30,4388,14366,11606,365,146,30870,389,322,25,388,321,25,388,322,25,389,322,25,Finisher,700
Tr. Sakthivel,Thevar,Tr. Sakthivel Thevar,417,M45-49,Male,Singapore 510505,Singapore,Singapore,SG,1:03:10,4:15:31,3:06:54,0:04:47,0:05:24,8:35:46,3790,15331,11214,287,324,30946,390,323,58,369,307,56,390,323,58,390,323,58,Finisher,700
Juliana,Pinho De Assis Fernandes,Juliana Pinho De Assis Fernandes,432,F45-49,Female,Paris,,France,FR,,,,0:00:00,0:00:00,,0,0,0,0,0,0,99999,99999,99999,99999,99999,99999,99999,99999,99999,99999,99999,99999,DNS,0
Adrian,Ooi,Adrian Ooi,123,M45-49,Male,Singapore,01,Singapore,SG,,,,0:00:00,0:00:00,,0,0,0,0,0,0,99999,99999,99999,99999,99999,99999,99999,99999,99999,99999,99999,99999,DNS,0
Heydi,Rininta,Heydi Rininta,148,F35-39,Female,Jakarta,Jakarta,Indonesia,ID,,,,0:00:00,0:00:00,,0,0,0,0,0,0,99999,99999,99999,99999,99999,99999,99999,99999,99999,99999,99999,99999,DNS,0
Somchai,Khemglad,Somchai Khemglad,451,M50-54,Male,Bangkok,,Thailand,TH,1:08:23,3:51:13,,0:09:55,0:04:31,,4103,13873,0,595,271,0,99999,99999,99999,99999,99999,99999,99999,99999,99999,99999,99999,99999,DNF,0
Alex,See,Alex See,328,M40-44,Male,Singapore,Singapore,Singapore,SG,0:52:01,,,0:05:50,0:00:00,,3121,0,0,350,0,0,99999,99999,99999,99999,99999,99999,99999,99999,99999,99999,99999,99999,DNF,0
Mohd Jemree,Abdullah,Mohd Jemree Abdullah,452,M50-54,Male,kemaman,MY-11,Malaysia,MY,1:22:00,,,0:00:00,0:00:00,,4920,0,0,0,0,0,99999,99999,99999,99999,99999,99999,99999,99999,99999,99999,99999,99999,DNF,0
Max,Teo,Max Teo,393,M45-49,Male,Singapore,02,Singapore,SG,,,,0:00:00,0:00:00,,0,0,0,0,0,0,99999,99999,99999,99999,99999,99999,99999,99999,99999,99999,99999,99999,DNS,0
Nicholas,Chia,Nicholas Chia,308,M40-44,Male,singapore,SINGAPORE,Singapore,SG,0:55:51,2:59:57,,0:07:47,0:06:03,,3351,10797,0,467,363,0,99999,99999,99999,99999,99999,99999,99999,99999,99999,99999,99999,99999,DNF,0
Jeannette,Cammayo,Jeannette Cammayo,365,F40-44,Female,Singapore,Singapore,Unknown,,0:49:10,4:13:48,,0:10:07,0:08:19,,2950,15228,0,607,499,0,99999,99999,99999,99999,99999,99999,99999,99999,99999,99999,99999,99999,DNF,0
Voog,Romain,Voog Romain,466,M50-54,Male,Singapore,Singapore,France,FR,,,,0:00:00,0:00:00,,0,0,0,0,0,0,99999,99999,99999,99999,99999,99999,99999,99999,99999,99999,99999,99999,DNS,0
Ferry,Oostervink,Ferry Oostervink,153,M40-44,Male,,,Unknown,,,,,0:00:00,0:00:00,,0,0,0,0,0,0,99999,99999,99999,99999,99999,99999,99999,99999,99999,99999,99999,99999,DNS,0
Marcel,Ewals,Marcel Ewals,488,M55-59,Male,Sg,CENTRAL SINGAPORE,Unknown,,0:50:40,3:42:50,,0:05:03,0:38:36,,3040,13370,0,303,2316,0,99999,99999,99999,99999,99999,99999,99999,99999,99999,99999,99999,99999,DNF,0
Sam,Ong,Sam Ong,424,M45-49,Male,Singapore,Singapore,Singapore,SG,1:14:19,,,0:04:14,0:00:00,6:08:11,4459,0,0,254,0,22091,99999,99999,99999,99999,99999,99999,99999,99999,99999,99999,99999,99999,DNF,0
Bertrand,Tellier,Bertrand Tellier,515,M60-64,Male,Sanur Kauh Denpasar Selatan Bali,Bali,Indonesia,ID,,,,0:00:00,0:00:00,,0,0,0,0,0,0,99999,99999,99999,99999,99999,99999,99999,99999,99999,99999,99999,99999,DNS,0
Harry,Hanssens,Harry Hanssens,522,M65-69,Male,Padang Matsirat,MY-02,Malaysia,MY,0:58:31,3:37:17,,0:06:31,0:07:08,,3511,13037,0,391,428,0,99999,99999,99999,99999,99999,99999,99999,99999,99999,99999,99999,99999,DNF,0
Jimmy,Chan,Jimmy Chan,320,M40-44,Male,Singapore,Singapore,Singapore,SG,,,,0:00:00,0:00:00,,0,0,0,0,0,0,99999,99999,99999,99999,99999,99999,99999,99999,99999,99999,99999,99999,DNS,0
Jonathan ,Lee,Jonathan Lee,303,M40-44,Male,KUALA LUMPUR ,MY-14,Malaysia,MY,,,,0:00:00,0:00:00,,0,0,0,0,0,0,99999,99999,99999,99999,99999,99999,99999,99999,99999,99999,99999,99999,DNS,0
Jamie,Goh,Jamie Goh,208,F25-29,Female,Singapore,,Singapore,SG,1:04:18,,,0:06:14,0:00:00,,3858,0,0,374,0,0,99999,99999,99999,99999,99999,99999,99999,99999,99999,99999,99999,99999,DNF,0
Rishi Raj Pillai,Pushparajan,Rishi Raj Pillai Pushparajan,186,M18-24,Male,Johor Bahru,MY-01,Malaysia,MY,0:52:05,,,0:08:40,0:00:00,,3125,0,0,520,0,0,99999,99999,99999,99999,99999,99999,99999,99999,99999,99999,99999,99999,DNF,0
Anna,Fritz,Anna Fritz,370,F40-44,Female,Ho Chi Minh City,HO CHI MINH,Germany,DE,0:45:31,3:09:30,,0:03:21,0:00:00,,2731,11370,0,201,0,0,99999,99999,99999,99999,99999,99999,99999,99999,99999,99999,99999,99999,DNF,0
Mohammad Nujaid Ijaz,Mohd Nadzri,Mohammad Nujaid Ijaz Mohd Nadzri,220,M30-34,Male,Kuala Lumpur,,Malaysia,MY,,,,0:00:00,0:00:00,,0,0,0,0,0,0,99999,99999,99999,99999,99999,99999,99999,99999,99999,99999,99999,99999,DNS,0
Choon Lee,Liew,Choon Lee Liew,513,M60-64,Male,Singapore,03,Singapore,SG,1:21:02,,,0:00:00,0:00:00,,4862,0,0,0,0,0,99999,99999,99999,99999,99999,99999,99999,99999,99999,99999,99999,99999,DNF,0
Ali,Fowler,Ali Fowler,478,F50-54,Female,Singapore,,Unknown,,,,,0:00:00,0:00:00,,0,0,0,0,0,0,99999,99999,99999,99999,99999,99999,99999,99999,99999,99999,99999,99999,DNS,0
Lim,John,Lim John,440,M50-54,Male,Singapore,,Singapore,SG,,,,0:00:00,0:00:00,,0,0,0,0,0,0,99999,99999,99999,99999,99999,99999,99999,99999,99999,99999,99999,99999,DNS,0
Nattawut,Chuakul,Nattawut Chuakul,329,M40-44,Male,Beranang,MY-10,Thailand,TH,1:21:45,,,0:00:00,0:00:00,,4905,0,0,0,0,0,99999,99999,99999,99999,99999,99999,99999,99999,99999,99999,99999,99999,DNF,0
Steffen,Wolf,Steffen Wolf,500,M55-59,Male,Singapore,Singapore,Germany,DE,,,,0:00:00,0:00:00,,0,0,0,0,0,0,99999,99999,99999,99999,99999,99999,99999,99999,99999,99999,99999,99999,DNS,0
Luke,Millar,Luke Millar,455,M50-54,Male,,NSW,Unknown,,,,,0:00:00,0:00:00,,0,0,0,0,0,0,99999,99999,99999,99999,99999,99999,99999,99999,99999,99999,99999,99999,DNS,0
Billy Admiraldy ,Citra,Billy Admiraldy Citra,539,M30-34,Male,DKI JAKARTA,Jakarta,Indonesia,ID,1:21:17,,,0:00:00,0:00:00,,4877,0,0,0,0,0,99999,99999,99999,99999,99999,99999,99999,99999,99999,99999,99999,99999,DNF,0
Riyandi,Gouw,Riyandi Gouw,540,M30-34,Male,Kelapa Gading - Kota Jakarta Uta,JAKARTA RAYA,Indonesia,ID,0:59:14,2:47:23,2:45:46,0:03:58,0:05:41,6:42:02,3554,10043,9946,238,341,24122,99999,99999,99999,99999,99999,99999,99999,99999,99999,99999,99999,99999,DNF,0
Yusuke,Masuda,Yusuke Masuda,521,M65-69,Male,singapore,04,Singapore,SG,,,,0:00:00,0:00:00,,0,0,0,0,0,0,99999,99999,99999,99999,99999,99999,99999,99999,99999,99999,99999,99999,DNS,0
Oliver,Ashworth,Oliver Ashworth,390,M45-49,Male,,NSW,Australia,AU,0:34:51,2:47:58,,0:02:22,0:02:41,,2091,10078,0,142,161,0,99999,99999,99999,99999,99999,99999,99999,99999,99999,99999,99999,99999,DNF,0
Ashish,Agrawal,Ashish Agrawal,553,M40-44,Male,KORBA,,India,IN,1:09:32,4:28:31,,0:07:53,0:00:00,,4172,16111,0,473,0,0,99999,99999,99999,99999,99999,99999,99999,99999,99999,99999,99999,99999,DNF,0
Nik Muhammad Asraff,Nik Mod Kamal,Nik Muhammad Asraff Nik Mod Kamal,549,M35-39,Male,Cyberjaya ,MY-10,Malaysia,MY,1:22:51,,,0:00:00,0:00:00,,4971,0,0,0,0,0,99999,99999,99999,99999,99999,99999,99999,99999,99999,99999,99999,99999,DNF,0
Hiroyuki,Tanaka,Hiroyuki Tanaka,516,M60-64,Male,Singapore,01,Japan,JP,0:57:05,3:54:28,,0:07:12,0:04:33,,3425,14068,0,432,273,0,99999,99999,99999,99999,99999,99999,99999,99999,99999,99999,99999,99999,DNF,0
James,Chan,James Chan,238,M30-34,Male,Johor Bahru,01,Malaysia,MY,0:58:40,,,0:07:44,0:00:00,,3520,0,0,464,0,0,99999,99999,99999,99999,99999,99999,99999,99999,99999,99999,99999,99999,DNF,0
Muhammad Dzulkifly ,Ahmad Kandias Abdul Ghani,Muhammad Dzulkifly Ahmad Kandias Abdul Ghani,337,M40-44,Male,Singapore,Singapore,Singapore,SG,0:55:12,3:58:30,3:04:40,0:04:03,0:05:18,8:07:43,3312,14310,11080,243,318,29263,99999,99999,99999,99999,99999,99999,99999,99999,99999,99999,99999,99999,DNF,0
Ting Zohnn,Ling,Ting Zohnn Ling,351,M40-44,Male,Singapore,Singapore,Singapore,SG,,,,0:00:00,0:00:00,,0,0,0,0,0,0,99999,99999,99999,99999,99999,99999,99999,99999,99999,99999,99999,99999,DNS,0
Andreas,Enderlin,Andreas Enderlin,161,M45-49,Male,Singapore,Singapore,Switzerland,CH,0:41:04,,,0:02:48,0:00:00,,2464,0,0,168,0,0,99999,99999,99999,99999,99999,99999,99999,99999,99999,99999,99999,99999,DNF,0
Derek,Shepherdson,Derek Shepherdson,414,M45-49,Male,"malaysia, shah alam",MY-10,Malaysia,MY,1:23:26,,,0:00:00,0:00:00,,5006,0,0,0,0,0,99999,99999,99999,99999,99999,99999,99999,99999,99999,99999,99999,99999,DNF,0
Edmund,Tay,Edmund Tay,441,M50-54,Male,Sg,Singapore,Singapore,SG,1:10:08,,,0:05:53,0:00:00,,4208,0,0,353,0,0,99999,99999,99999,99999,99999,99999,99999,99999,99999,99999,99999,99999,DNF,0
Hans,Bock,Hans Bock,525,M70-74,Male,Singapore,,Germany,DE,0:53:57,4:14:00,,0:06:18,0:52:03,,3237,15240,0,378,3123,0,99999,99999,99999,99999,99999,99999,99999,99999,99999,99999,99999,99999,DNF,0
Michael,Bornhauser,Michael Bornhauser,129,M45-49,Male,Singapore,Singapore,Switzerland,CH,,,,0:00:00,0:00:00,,0,0,0,0,0,0,99999,99999,99999,99999,99999,99999,99999,99999,99999,99999,99999,99999,DNS,0
Christopher,Ryan,Christopher Ryan,485,M55-59,Male,Singapore,04,Unknown,,1:15:11,,,0:10:27,0:00:00,,4511,0,0,627,0,0,99999,99999,99999,99999,99999,99999,99999,99999,99999,99999,99999,99999,DNF,0
Hendra,Raghani,Hendra Raghani,309,M40-44,Male,Singapore,Singapore,India,IN,,,,0:00:00,0:00:00,,0,0,0,0,0,0,99999,99999,99999,99999,99999,99999,99999,99999,99999,99999,99999,99999,DNS,0
Selvyn,Suhanto,Selvyn Suhanto,562,M45-49,Male,Jakarta Pusat,Jakarta,Indonesia,ID,1:24:15,,,0:00:00,0:00:00,,5055,0,0,0,0,0,99999,99999,99999,99999,99999,99999,99999,99999,99999,99999,99999,99999,DNF,0
Waki,Tanaka,Waki Tanaka,121,F40-44,Female,Singapore,Singapore,Japan,JP,,,,0:00:00,0:00:00,,0,0,0,0,0,0,99999,99999,99999,99999,99999,99999,99999,99999,99999,99999,99999,99999,DNS,0
David,Deakin,David Deakin,127,M45-49,Male,KEILOR DOWNS,AU-VIC,Australia,AU,1:27:55,,,0:00:00,0:00:00,,5275,0,0,0,0,0,99999,99999,99999,99999,99999,99999,99999,99999,99999,99999,99999,99999,DNF,0
Robert,Manalu,Robert Manalu,310,M40-44,Male,Singapore,01,Indonesia,ID,,,,0:00:00,0:00:00,,0,0,0,0,0,0,99999,99999,99999,99999,99999,99999,99999,99999,99999,99999,99999,99999,DQ,0
Tan,Kian Seng Jeremy,Tan Kian Seng Jeremy,341,M40-44,Male,,,Singapore,SG,1:20:37,,,0:00:00,0:00:00,,4837,0,0,0,0,0,99999,99999,99999,99999,99999,99999,99999,99999,99999,99999,99999,99999,DNF,0
Kee Yeap,Au,Kee Yeap Au,302,M40-44,Male,Malaysia,SELANGOR,Malaysia,MY,,,,0:00:00,0:00:00,,0,0,0,0,0,0,99999,99999,99999,99999,99999,99999,99999,99999,99999,99999,99999,99999,DNS,0
Meiting,Jong,Meiting Jong,433,F45-49,Female,SARAWAK,MY-13,Malaysia,MY,,,,0:00:00,0:00:00,,0,0,0,0,0,0,99999,99999,99999,99999,99999,99999,99999,99999,99999,99999,99999,99999,DNS,0
Kathy Chaoyan,He,Kathy Chaoyan He,292,F35-39,Female,Singapore,04,China,CN,0:56:21,3:25:06,3:02:02,0:07:29,0:05:03,7:36:00,3381,12306,10922,449,303,27360,99999,99999,99999,99999,99999,99999,99999,99999,99999,99999,99999,99999,DNF,0
Mahmoud,Seiam,Mahmoud Seiam,343,M40-44,Male,Cairo,Cairo,Egypt,EG,,,,0:00:00,0:00:00,,0,0,0,0,0,0,99999,99999,99999,99999,99999,99999,99999,99999,99999,99999,99999,99999,DNS,0
Azmee,Othman,Azmee Othman,584,M30-34,Male,Segamat,JOHOR,Malaysia,MY,,,,0:00:00,0:00:00,,0,0,0,0,0,0,99999,99999,99999,99999,99999,99999,99999,99999,99999,99999,99999,99999,DNS,0
Mark,Lampard,Mark Lampard,133,M55-59,Male,Singapore,,Canada,CA,0:32:48,2:41:46,,0:03:09,0:02:37,,1968,9706,0,189,157,0,99999,99999,99999,99999,99999,99999,99999,99999,99999,99999,99999,99999,DNF,0
Eduard,Pieters,Eduard Pieters,471,M50-54,Male,Jakarta Selatan,Jakarta,Unknown,,0:59:31,2:06:44,2:48:02,0:06:36,0:03:06,6:03:58,3571,7604,10082,396,186,21838,99999,99999,99999,99999,99999,99999,99999,99999,99999,99999,99999,99999,DNF,0
Jeffry,Lin,Jeffry Lin,311,M40-44,Male,Singapore,SINGAPORE,Indonesia,ID,,,,0:00:00,0:00:00,,0,0,0,0,0,0,99999,99999,99999,99999,99999,99999,99999,99999,99999,99999,99999,99999,DNS,0
Marc,Townsend,Marc Townsend,181,M65-69,Male,Singapore,SINGAPORE,Unknown,,,,,0:00:00,0:00:00,,0,0,0,0,0,0,99999,99999,99999,99999,99999,99999,99999,99999,99999,99999,99999,99999,DNS,0
Ismail,Ali,Ismail Ali,469,M50-54,Male,Rawang,MY-10,Malaysia,MY,,,,0:00:00,0:00:00,,0,0,0,0,0,0,99999,99999,99999,99999,99999,99999,99999,99999,99999,99999,99999,99999,DNS,0
Grace,Chung,Grace Chung,426,F45-49,Female,Petaling Jaya,Selangor,Malaysia,MY,1:08:10,,,0:07:05,0:00:00,,4090,0,0,425,0,0,99999,99999,99999,99999,99999,99999,99999,99999,99999,99999,99999,99999,DNF,0
Piotr,Starzynski,Piotr Starzynski,126,M45-49,Male,Olsztyn,warmińsko-mazurskie,Poland,PL,,,,0:00:00,0:00:00,,0,0,0,0,0,0,99999,99999,99999,99999,99999,99999,99999,99999,99999,99999,99999,99999,DNS,0
Francisco,Perez,Francisco Perez,355,M40-44,Male,Singapore,SOUTH EAST,Spain,ES,,,,0:00:00,0:00:00,,0,0,0,0,0,0,99999,99999,99999,99999,99999,99999,99999,99999,99999,99999,99999,99999,DNS,0
Huirong Hazel,Han,Huirong Hazel Han,371,F40-44,Female,Singapore,Singapore,Singapore,SG,,,,0:00:00,0:00:00,,0,0,0,0,0,0,99999,99999,99999,99999,99999,99999,99999,99999,99999,99999,99999,99999,DNS,0
Pornnapat,Punthupgarn,Pornnapat Punthupgarn,429,F45-49,Female,แขวงพญาไท เ,,Thailand,TH,1:20:47,,,0:00:00,0:00:00,,4847,0,0,0,0,0,99999,99999,99999,99999,99999,99999,99999,99999,99999,99999,99999,99999,DNF,0
Andy,Wibowo,Andy Wibowo,124,M45-49,Male,"Badung, Bali",Bali,Indonesia,ID,,,,0:00:00,0:00:00,,0,0,0,0,0,0,99999,99999,99999,99999,99999,99999,99999,99999,99999,99999,99999,99999,DNS,0
Mohd Kamal,Bin Mohamed Ramly Nil,Mohd Kamal Bin Mohamed Ramly Nil,383,M45-49,Male,KULAI,01,Malaysia,MY,1:20:53,,,0:00:00,0:00:00,,4853,0,0,0,0,0,99999,99999,99999,99999,99999,99999,99999,99999,99999,99999,99999,99999,DNF,0
Frik,Dreyer,Frik Dreyer,570,M50-54,Male,Singapore,Singapore,Australia,AU,0:40:17,2:43:50,,0:03:14,0:47:39,,2417,9830,0,194,2859,0,99999,99999,99999,99999,99999,99999,99999,99999,99999,99999,99999,99999,DNF,0
Guillaume,Pichot,Guillaume Pichot,262,M35-39,Male,Singapore,Singapore,France,FR,0:39:03,2:38:18,,0:02:50,0:02:28,,2343,9498,0,170,148,0,99999,99999,99999,99999,99999,99999,99999,99999,99999,99999,99999,99999,DNF,0
Jacob,Bauly,Jacob Bauly,152,M40-44,Male,Singapore,Singapore,Switzerland,CH,,,,0:00:00,0:00:00,,0,0,0,0,0,0,99999,99999,99999,99999,99999,99999,99999,99999,99999,99999,99999,99999,DNS,0
Alicia,Chia,Alicia Chia,368,F40-44,Female,Singapore,Singapore,Singapore,SG,1:01:06,4:05:26,,0:05:36,0:05:10,,3666,14726,0,336,310,0,99999,99999,99999,99999,99999,99999,99999,99999,99999,99999,99999,99999,DNF,0
Jiarong Moses Philip,Phua,Jiarong Moses Philip Phua,146,M35-39,Male,Singapore,,Singapore,SG,0:42:07,2:43:36,,0:07:07,0:03:06,,2527,9816,0,427,186,0,99999,99999,99999,99999,99999,99999,99999,99999,99999,99999,99999,99999,DNF,0
Thalika,Khakai,Thalika Khakai,475,F50-54,Female,เขตวัฒนา,,Thailand,TH,0:51:37,,,0:05:47,0:00:00,,3097,0,0,347,0,0,99999,99999,99999,99999,99999,99999,99999,99999,99999,99999,99999,99999,DNF,0
Thibaut,Cheytion,Thibaut Cheytion,551,M40-44,Male,Singapore,Singapore,Singapore,SG,,,,0:00:00,0:00:00,,0,0,0,0,0,0,99999,99999,99999,99999,99999,99999,99999,99999,99999,99999,99999,99999,DNS,0
Beng Kean,Lee,Beng Kean Lee,335,M40-44,Male,Cheras,SELANGOR,Malaysia,MY,,,,0:00:00,0:00:00,,0,0,0,0,0,0,99999,99999,99999,99999,99999,99999,99999,99999,99999,99999,99999,99999,DNS,0
Mark Wei Seng,Mu,Mark Wei Seng Mu,421,M45-49,Male,Singapore,,Singapore,SG,,,,0:00:00,0:00:00,,0,0,0,0,0,0,99999,99999,99999,99999,99999,99999,99999,99999,99999,99999,99999,99999,DNS,0
Chako,Fujioka,Chako Fujioka,476,F50-54,Female,"Shibuya-ku, Ebisu-Minami",JP-13,Japan,JP,0:50:03,3:34:11,,0:05:03,0:04:48,,3003,12851,0,303,288,0,99999,99999,99999,99999,99999,99999,99999,99999,99999,99999,99999,99999,DNF,0
Rachel,Ireland,Rachel Ireland,509,F55-59,Female,Thalang,,Unknown,,,,,0:00:00,0:00:00,,0,0,0,0,0,0,99999,99999,99999,99999,99999,99999,99999,99999,99999,99999,99999,99999,DNS,0
Peter,Bennett,Peter Bennett,493,M55-59,Male,Singapore,,Unknown,,0:46:56,2:44:20,,0:05:15,0:00:00,,2816,9860,0,315,0,0,99999,99999,99999,99999,99999,99999,99999,99999,99999,99999,99999,99999,DNF,0
Zuhri Iskandar,Kamarzaman,Zuhri Iskandar Kamarzaman,467,M50-54,Male,Bandar Puncak Alam,,Malaysia,MY,1:07:02,4:04:49,,0:07:30,0:05:06,,4022,14689,0,450,306,0,99999,99999,99999,99999,99999,99999,99999,99999,99999,99999,99999,99999,DNF,0
Damian ,Hann ,Damian Hann,423,M45-49,Male,Singapore,Singapore,Singapore,SG,,,,0:00:00,0:00:00,,0,0,0,0,0,0,99999,99999,99999,99999,99999,99999,99999,99999,99999,99999,99999,99999,DNS,0
Prithu,Yash,Prithu Yash,227,M30-34,Male,Singapore,Singapore,India,IN,,,,0:00:00,0:00:00,,0,0,0,0,0,0,99999,99999,99999,99999,99999,99999,99999,99999,99999,99999,99999,99999,DNS,0
CHING-HUNG,LI,CHING-HUNG LI,172,M50-54,Male,Taipei,New Taipei City,Taiwan,TW,,,,0:00:00,0:00:00,,0,0,0,0,0,0,99999,99999,99999,99999,99999,99999,99999,99999,99999,99999,99999,99999,DNS,0
Azri,Mansoor,Azri Mansoor,251,M35-39,Male,Sri Gading,MY-01,Malaysia,MY,1:24:40,,,0:00:00,0:00:00,,5080,0,0,0,0,0,99999,99999,99999,99999,99999,99999,99999,99999,99999,99999,99999,99999,DNF,0
José,Murillo,José Murillo,119,M40-44,Male,Panama,PA-8,Panama,PA,,,,0:00:00,0:00:00,,0,0,0,0,0,0,99999,99999,99999,99999,99999,99999,99999,99999,99999,99999,99999,99999,DNS,0
Mohd Shahrin,Hasan Sezali,Mohd Shahrin Hasan Sezali,380,M45-49,Male,SERI MANJUNG,MY-08,Malaysia,MY,1:26:24,,,0:00:00,0:00:00,,5184,0,0,0,0,0,99999,99999,99999,99999,99999,99999,99999,99999,99999,99999,99999,99999,DNF,0
Jose,Lujan,Jose Lujan,481,M55-59,Male,Bartlesville,OK,Mexico,MX,,,,0:00:00,0:00:00,,0,0,0,0,0,0,99999,99999,99999,99999,99999,99999,99999,99999,99999,99999,99999,99999,DNS,0
YANYONG,JITPHAKDEE,YANYONG JITPHAKDEE,596,M18-24,Male,JOHOR BAHRU,Johor,Thailand,TH,0:57:00,2:53:23,,0:02:58,0:03:14,,3420,10403,0,178,194,0,99999,99999,99999,99999,99999,99999,99999,99999,99999,99999,99999,99999,DNF,0
Kongwhee,Tam,Kongwhee Tam,350,M40-44,Male,Singapore,,Malaysia,MY,,,,0:00:00,0:00:00,,0,0,0,0,0,0,99999,99999,99999,99999,99999,99999,99999,99999,99999,99999,99999,99999,DNS,0
Mohamed,Anwar,Mohamed Anwar,281,M35-39,Male,6th of October,Giza,Egypt,EG,,,,0:00:00,0:00:00,,0,0,0,0,0,0,99999,99999,99999,99999,99999,99999,99999,99999,99999,99999,99999,99999,DNS,0
Steven,Barter,Steven Barter,339,M40-44,Male,Singapore,,Singapore,SG,,,,0:00:00,0:00:00,,0,0,0,0,0,0,99999,99999,99999,99999,99999,99999,99999,99999,99999,99999,99999,99999,DNS,0
Jason,Ng,Jason Ng,402,M45-49,Male,Petaling Jaya,MY-10,Malaysia,MY,0:56:11,3:01:33,2:31:46,0:04:40,0:05:11,6:39:22,3371,10893,9106,280,311,23962,99999,99999,99999,99999,99999,99999,99999,99999,99999,99999,99999,99999,DNF,0
Sam,Reed,Sam Reed,535,M30-34,Male,Indianapolis,IN,Unknown,,,,,0:00:00,0:00:00,,0,0,0,0,0,0,99999,99999,99999,99999,99999,99999,99999,99999,99999,99999,99999,99999,DNS,0
Frik,Dreyer,Frik Dreyer,435,M50-54,Male,Singapore,Singapore,Australia,AU,,,,0:00:00,0:00:00,,0,0,0,0,0,0,99999,99999,99999,99999,99999,99999,99999,99999,99999,99999,99999,99999,DNS,0
Cynthia,Wang,Cynthia Wang,588,F45-49,Female,Singapore,Singapore,New Zealand,NZ,1:20:48,,,0:00:00,0:00:00,,4848,0,0,0,0,0,99999,99999,99999,99999,99999,99999,99999,99999,99999,99999,99999,99999,DNF,0
