FirstName,LastName,FullName,Bib,AgeGroup,Gender,City,State,Country,CountryISO,SwimTime,BikeTime,RunTime,T1Time,T2Time,FinishTime,SwimSeconds,BikeSeconds,RunSeconds,T1Seconds,T2Seconds,FinishSeconds,OverallRank,GenderRank,AgeGroupRank,SwimRankOverall,SwimRankGender,SwimRankGroup,BikeRankOverall,BikeRankGender,BikeRankGroup,RunRankOverall,RunRankGender,RunRankGroup,Status,Points
Chih-Yuan,Wang,Chih-Yuan Wang,3,M40-44,Male,New Taipei,TW-NWT,Taiwan,TW,0:35:06,2:23:38,1:31:35,,,4:37:03,2106,8618,5495,272,132,16623,1,1,1,9,9,2,1,1,1,1,1,1,Finisher,3500
CHANG TAI,LI,CHANG TAI LI,9,M25-29,Male,Kaohsiung City,Kaohsiung City,Taiwan,TW,0:34:31,2:30:08,1:30:59,,,4:41:15,2071,9008,5459,228,109,16875,2,2,1,8,8,2,4,4,1,2,2,1,Finisher,3500
YU JEN,Li,YU JEN Li,1150,M40-44,Male,Hsinchu County,TW-HSQ,Taiwan,TW,0:36:49,2:30:57,1:33:16,,,4:48:19,2209,9057,5596,310,127,17299,3,3,2,15,15,4,11,11,3,3,3,2,Finisher,3297
JEN MAO,HSU,JEN MAO HSU,4,M40-44,Male,新竹市,,Taiwan,TW,0:37:56,2:27:00,1:37:23,,,4:48:29,2276,8820,5843,292,79,17309,4,4,3,24,24,7,5,5,2,4,4,3,Finisher,3294
Yueh-Kang,Lin,Yueh-Kang Lin,15,M45-49,Male,台北市,TW-TPE,Taiwan,TW,0:37:24,2:28:24,1:37:41,,,4:50:41,2244,8904,5861,331,102,17441,5,5,1,17,17,4,7,7,1,5,5,1,Finisher,3500
CHIEN-HSUN,CHEN,CHIEN-HSUN CHEN,1304,M50-54,Male,台中市,TW-TXG,Taiwan,TW,0:39:27,2:31:00,1:37:45,,,4:55:21,2367,9060,5865,301,127,17721,6,6,1,35,34,1,12,12,1,6,6,1,Finisher,3500
Chun Yi,Chen,Chun Yi Chen,1095,M30-34,Male,台中市,Taichung City,Taiwan,TW,0:39:35,2:32:37,1:38:10,,,4:57:45,2375,9157,5890,308,135,17865,7,7,1,36,35,3,15,15,2,7,7,1,Finisher,3500
Chia Wei,Chiang,Chia Wei Chiang,1060,M18-24,Male,桃園市,Taoyuan City,Taiwan,TW,0:28:00,2:36:48,1:48:05,,,4:58:25,1680,9408,6485,201,130,17905,8,8,1,2,2,2,3,3,2,8,8,1,Finisher,3500
San Luis,Wong Ting,San Luis Wong Ting,1074,M25-29,Male,ASUNCION,CENTRAL,Taiwan,TW,0:37:17,2:26:56,1:49:08,,,5:01:06,2237,8816,6548,365,101,18066,9,9,2,16,16,3,6,6,2,9,9,2,Finisher,3142
Ho Lung,Hsieh,Ho Lung Hsieh,1264,M45-49,Male,台南市,Tainan City,Taiwan,TW,0:43:21,2:31:10,1:41:26,,,5:03:05,2601,9070,6086,332,96,18185,10,10,2,69,63,7,17,17,4,10,10,2,Finisher,3276
Liang-Hsueh,Chien,Liang-Hsueh Chien,1075,M30-34,Male,高雄市,Kaohsiung City,Taiwan,TW,0:31:36,2:35:52,1:49:24,,,5:03:25,1896,9352,6564,278,115,18205,11,11,2,4,4,1,8,8,1,11,11,2,Finisher,3398
Hao-Wei,Chao,Hao-Wei Chao,1062,M18-24,Male,彰化縣,,Taiwan,TW,0:37:34,2:21:38,1:58:04,,,5:04:58,2254,8498,7084,295,166,18298,12,12,2,18,18,3,2,2,1,12,12,2,Finisher,3382
Ming Tsung,Chen,Ming Tsung Chen,1064,M25-29,Male,新北市,New Taipei City,Taiwan,TW,0:39:15,2:36:20,1:41:15,,,5:05:55,2355,9380,6075,335,210,18355,13,13,3,32,32,6,18,18,3,13,13,3,Finisher,3056
KAIHUNG,LO,KAIHUNG LO,1129,M35-39,Male,桃園市平鎮區,Taoyuan City,Taiwan,TW,0:42:32,2:28:51,1:48:19,,,5:07:30,2552,8931,6499,307,162,18450,14,14,1,59,55,13,13,13,2,14,14,1,Finisher,3500
Giorgio,Pappalardo,Giorgio Pappalardo,1270,M45-49,Male,Taipei City,Taipei City,Italy,IT,0:32:30,2:34:41,1:53:04,,,5:07:46,1950,9281,6784,335,116,18466,15,15,3,5,5,1,10,10,2,15,15,3,Finisher,3192
Chunchien,Chen,Chunchien Chen,1178,M40-44,Male,台北市,Taipei City,Taiwan,TW,0:41:28,2:40:11,1:42:14,,,5:12:50,2488,9611,6134,383,154,18770,16,16,4,46,44,13,32,32,6,16,16,4,Finisher,2855
Chia-Ching,Wu,Chia-Ching Wu,1273,M45-49,Male,Taipei City,TW-TPE,Taiwan,TW,0:36:44,2:33:57,1:52:57,,,5:12:57,2204,9237,6777,392,168,18777,17,17,4,14,14,3,14,14,3,17,17,4,Finisher,3099
Javier,Leon,Javier Leon,1066,M25-29,Male,Taipei City,Taipei City,Guatemala,GT,0:38:55,2:40:17,1:48:18,,,5:13:54,2335,9617,6498,300,84,18834,18,18,4,30,30,5,21,21,4,18,18,4,Finisher,2912
Ming-Yi,Lee,Ming-Yi Lee,1097,M30-34,Male,台中市,TW-TXG,Taiwan,TW,0:40:12,2:42:56,1:43:45,,,5:14:23,2412,9776,6225,289,162,18863,19,19,3,41,40,5,31,31,3,19,19,3,Finisher,3200
Kike,Gutierrez Campos,Kike Gutierrez Campos,1210,M40-44,Male,ALFARA DEL PATRIARCA,,Spain,ES,0:36:41,2:40:19,1:51:05,,,5:14:32,2201,9619,6665,283,104,18872,20,20,5,12,12,3,19,19,5,20,20,5,Finisher,2825
Bo-En,Lin,Bo-En Lin,1110,M35-39,Male,新店區,New Taipei City,Taiwan,TW,0:31:33,2:36:50,1:59:33,,,5:14:53,1893,9410,7173,257,161,18893,21,21,2,3,3,1,9,9,1,21,21,2,Finisher,3367
Yu-Jen,Chiu,Yu-Jen Chiu,1102,M35-39,Male,士林區,TW-TPE,Taiwan,TW,0:40:17,2:35:15,1:51:09,,,5:15:11,2417,9315,6669,396,114,18911,22,22,3,42,41,8,20,20,3,22,22,3,Finisher,3361
Kuo Liang,Lin,Kuo Liang Lin,1197,M40-44,Male,台中市,Taichung City,Taiwan,TW,0:34:05,2:41:29,1:53:01,,,5:15:45,2045,9689,6781,242,188,18945,23,23,6,7,7,1,16,16,4,23,23,6,Finisher,2803
Chichong,Chen,Chichong Chen,1166,M40-44,Male,Kaohsiung,TW-KHH,Taiwan,TW,0:42:33,2:47:36,1:37:28,,,5:16:26,2553,10056,5848,379,149,18986,24,24,7,60,56,17,54,51,14,24,24,7,Finisher,2791
Kuo Feng,Hsu,Kuo Feng Hsu,5,M35-39,Male,Shoufeng Township,,Taiwan,TW,0:36:44,2:42:39,1:49:14,,,5:16:31,2204,9759,6554,336,139,18991,25,25,4,13,13,2,22,22,4,25,25,4,Finisher,3337
Hsiao Ting,Hung,Hsiao Ting Hung,1018,F35-39,Female,New Taipei City,TW-TPE,Taiwan,TW,0:43:00,2:40:59,1:43:48,,,5:16:53,2580,9659,6228,358,187,19013,26,1,1,63,6,4,37,2,1,26,1,1,Finisher,3500
Kun Ta,Hsieh,Kun Ta Hsieh,1072,M25-29,Male,新北市,New Taipei City,Taiwan,TW,0:40:04,2:44:20,1:45:12,,,5:17:12,2404,9860,6312,321,135,19032,27,26,5,38,37,8,35,34,7,27,26,5,Finisher,2852
Chen Chi,Lin,Chen Chi Lin,1238,M45-49,Male,高雄市,Kaohsiung City,Taiwan,TW,0:44:55,2:39:56,1:44:05,,,5:17:33,2695,9596,6245,329,188,19053,28,27,5,90,84,14,39,37,6,28,27,5,Finisher,3016
Maxime,Ollivier,Maxime Ollivier,1100,M30-34,Male,,,France,FR,0:39:57,2:49:15,1:43:10,,,5:19:26,2397,10155,6190,316,107,19166,29,28,4,37,36,4,46,43,5,29,28,4,Finisher,3109
Wei Xun,Lin,Wei Xun Lin,1067,M25-29,Male,宜蘭市,,Taiwan,TW,0:32:38,2:46:38,1:53:37,,,5:21:43,1958,9998,6817,373,156,19303,30,29,6,6,6,1,23,23,5,30,29,6,Finisher,2771
Chintien,Hsu,Chintien Hsu,1292,M45-49,Male,,TXG,Taiwan,TW,0:49:55,2:38:21,1:40:33,,,5:23:02,2995,9501,6033,302,551,19382,31,30,6,171,154,33,43,41,7,31,30,6,Finisher,2917
Chih Ching,Chung,Chih Ching Chung,1316,M50-54,Male,Taichung,TW-TXG,Taiwan,TW,0:44:46,2:45:42,1:42:02,,,5:23:51,2686,9942,6122,462,219,19431,32,31,2,88,82,8,59,56,4,32,31,2,Finisher,2987
Toshiya,Honda,Toshiya Honda,1306,M50-54,Male,TAIPEI,TW-NWT,Japan,JP,0:41:49,2:57:07,1:37:36,,,5:24:38,2509,10627,5856,316,170,19478,33,32,3,51,48,3,77,72,6,33,32,3,Finisher,2972
Wen Hsiang,Chen,Wen Hsiang Chen,1179,M40-44,Male,高雄市大寮區,,Taiwan,TW,0:47:41,2:39:33,1:50:43,,,5:24:46,2861,9573,6643,276,133,19486,34,33,8,139,126,36,41,39,8,34,33,8,Finisher,2641
Yi Ching,Yang,Yi Ching Yang,1003,F25-29,Female,屏東縣新園鄉,,Taiwan,TW,0:39:20,2:44:41,1:54:02,,,5:26:03,2360,9881,6842,264,216,19563,35,2,1,34,1,1,34,1,1,35,2,1,Finisher,3500
YA FAN,LIN,YA FAN LIN,1098,M30-34,Male,大里區,TW-TXG,Taiwan,TW,0:46:37,2:49:11,1:42:30,,,5:26:29,2797,10151,6150,311,180,19589,36,34,5,123,113,13,65,62,7,36,34,5,Finisher,2982
Li-Shan,Lu,Li-Shan Lu,1199,M40-44,Male,新北市,New Taipei City,Taiwan,TW,0:38:33,2:50:09,1:47:24,,,5:26:35,2313,10209,6444,401,227,19595,37,35,9,27,27,8,50,47,13,37,35,9,Finisher,2608
SHOUPING,PAN,SHOUPING PAN,1172,M40-44,Male,新北市,New Taipei City,Taiwan,TW,0:38:48,2:47:12,1:49:33,,,5:26:43,2328,10032,6573,362,308,19603,38,36,10,28,28,9,42,40,9,38,36,10,Finisher,2606
Hung-Jen,Hsu,Hung-Jen Hsu,1124,M35-39,Male,屏東,,Taiwan,TW,0:42:24,2:38:58,1:56:39,,,5:26:51,2544,9538,6999,374,156,19611,39,37,5,57,53,12,29,29,8,39,37,5,Finisher,3151
PO-JU,WU,PO-JU WU,1287,M45-49,Male,Taipei City,AS,Taiwan,TW,0:43:52,2:34:41,2:00:10,,,5:28:22,2632,9281,7210,431,148,19702,40,38,7,73,67,8,24,24,5,40,38,7,Finisher,2821
Chris,Shao,Chris Shao,1131,M35-39,Male,Taichung,Taichung City,Taiwan,TW,0:37:38,2:44:53,1:59:09,,,5:28:57,2258,9893,7149,287,150,19737,41,39,6,21,21,3,28,28,7,41,39,6,Finisher,3113
Li Lun,Yu,Li Lun Yu,1159,M40-44,Male,新北市新店區,New Taipei City,Taiwan,TW,0:43:50,2:51:59,1:45:34,,,5:29:36,2630,10319,6334,336,156,19776,42,40,11,71,65,23,70,66,18,42,40,11,Finisher,2554
Jason,Edwards,Jason Edwards,1138,M35-39,Male,Taipei City,Taipei City,United Kingdom,GB,0:37:56,2:43:32,2:01:01,,,5:29:54,2276,9812,7261,297,147,19794,43,41,7,23,23,5,25,25,5,43,41,7,Finisher,3096
Yi Li,Yang,Yi Li Yang,1174,M40-44,Male,通霄鎮,,Taiwan,TW,0:44:15,2:45:48,1:49:12,,,5:30:40,2655,9948,6552,294,391,19840,44,42,12,80,74,27,49,46,12,44,42,12,Finisher,2534
Lewis,Young,Lewis Young,1087,M30-34,Male,Hull,,United Kingdom,GB,0:46:02,2:47:27,1:45:01,,,5:31:01,2762,10047,6301,460,291,19861,45,43,6,107,99,11,67,64,8,45,43,6,Finisher,2901
YI-CHUN,TSUI,YI-CHUN TSUI,1299,M45-49,Male,Fongshan Dist,TW-KHH,Taiwan,TW,0:54:03,2:43:10,1:41:40,,,5:31:14,3243,9790,6100,560,183,19874,46,44,8,231,208,60,86,80,14,46,44,8,Finisher,2770
Kai Chieh,Tu,Kai Chieh Tu,1132,M35-39,Male,台北市,Taipei City,Taiwan,TW,0:44:41,2:35:44,2:01:48,,,5:31:38,2681,9344,7308,393,171,19898,47,45,8,87,81,14,26,26,6,47,45,8,Finisher,3065
Mingchang,Chiang,Mingchang Chiang,1247,M45-49,Male,New Taipei City,New Taipei City,Taiwan,TW,0:51:12,2:46:36,1:40:05,,,5:32:17,3072,9996,6005,537,328,19937,48,46,9,194,175,44,87,81,15,48,46,9,Finisher,2751
Carl,Blundon,Carl Blundon,1176,M40-44,Male,Taipei,Taipei City,Canada,CA,0:44:05,2:51:54,1:41:33,,,5:32:21,2645,10314,6093,605,284,19941,49,47,13,78,72,26,85,79,25,49,47,13,Finisher,2504
Yu-Ting,Cheng,Yu-Ting Cheng,1077,M30-34,Male,新城鄉,TW-HUA,Taiwan,TW,0:43:14,2:50:22,1:50:54,,,5:34:01,2594,10222,6654,407,164,20041,50,48,7,66,60,6,64,61,6,50,48,7,Finisher,2847
Yu Jie,Wu,Yu Jie Wu,1068,M25-29,Male,新北市,New Taipei City,Taiwan,TW,0:38:54,2:43:43,2:02:43,,,5:34:30,2334,9823,7363,310,240,20070,51,49,7,29,29,4,30,30,6,51,49,7,Finisher,2541
Shin Zung,You,Shin Zung You,1093,M30-34,Male,台北市,Taipei City,Taiwan,TW,0:35:57,2:46:19,2:02:03,,,5:34:35,2157,9979,7323,356,261,20075,52,50,8,10,10,2,33,33,4,52,50,8,Finisher,2837
Chi Chang,Tung,Chi Chang Tung,1201,M40-44,Male,台北市,TW-TPE,Taiwan,TW,0:48:14,2:52:27,1:42:59,,,5:34:35,2894,10347,6179,466,189,20075,53,51,14,150,136,40,96,90,26,53,51,14,Finisher,2464
Chang,Lun Ping,Chang Lun Ping,1002,F25-29,Female,,TPE,Taiwan,TW,0:45:12,2:49:01,1:47:02,,,5:34:54,2712,10141,6422,425,394,20094,54,3,2,94,7,2,69,4,2,54,3,2,Finisher,3340
Yu Shen,Shih,Yu Shen Shih,1085,M30-34,Male,新北市,New Taipei City,Taiwan,TW,0:56:19,2:45:46,1:39:42,,,5:35:26,3379,9946,5982,352,467,20126,55,52,9,256,227,21,94,88,10,55,52,9,Finisher,2821
CHIA-MING,SUNG,CHIA-MING SUNG,1156,M40-44,Male,新北市樹林區,AS,Taiwan,TW,0:45:43,2:50:01,1:48:45,,,5:35:48,2743,10201,6525,458,222,20148,56,53,15,104,97,30,75,70,21,56,53,15,Finisher,2442
Todd,Hufnagle,Todd Hufnagle,1229,M45-49,Male,Mexico,Mexico,United States,US,0:36:08,2:52:17,1:56:40,,,5:36:09,2168,10337,7000,422,242,20169,57,54,10,11,11,2,51,48,8,57,54,10,Finisher,2681
Alan,Chou,Alan Chou,1180,M40-44,Male,新北市,New Taipei City,Taiwan,TW,0:54:13,2:43:48,1:47:57,,,5:36:45,3253,9828,6477,479,168,20205,58,55,16,237,213,52,84,78,24,58,55,16,Finisher,2425
Chin-Wen,Hsu,Chin-Wen Hsu,1348,M55-59,Male,台中市,Taichung City,Taiwan,TW,0:46:07,2:43:39,1:57:33,,,5:36:56,2767,9819,7053,390,187,20216,59,56,1,109,101,5,53,50,2,59,56,1,Finisher,3500
Kun Hui,Lu,Kun Hui Lu,1142,M35-39,Male,台北市,Taipei City,Taiwan,TW,0:49:12,2:48:28,1:47:54,,,5:37:20,2952,10108,6474,409,299,20240,60,57,9,159,145,23,78,73,12,60,57,9,Finisher,2963
Yu Cheng,Yao,Yu Cheng Yao,1134,M35-39,Male,彰化縣伸港鄉,,Taiwan,TW,0:40:07,2:47:04,2:02:21,,,5:37:28,2407,10024,7341,276,200,20248,61,58,10,39,38,7,40,38,9,61,58,10,Finisher,2960
Laurent,Morel,Laurent Morel,1185,M40-44,Male,,,France,FR,0:37:35,2:53:01,1:59:19,,,5:38:06,2255,10381,7159,393,98,20286,62,59,17,19,19,5,58,55,16,62,59,17,Finisher,2401
CHIH YU,HUNG,CHIH YU HUNG,1340,M50-54,Male,新北市,New Taipei City,Taiwan,TW,0:48:18,2:43:27,1:59:14,,,5:38:10,2898,9807,7154,297,135,20290,63,60,4,151,137,14,56,53,3,63,60,4,Finisher,2729
Wen Pin,Lee,Wen Pin Lee,1328,M50-54,Male,高雄市,TW-KHH,Taiwan,TW,0:44:25,2:46:45,1:58:21,,,5:38:11,2665,10005,7101,330,190,20291,64,61,5,84,78,7,55,52,2,64,61,5,Finisher,2729
Ming Kuei,Lien,Ming Kuei Lien,1281,M45-49,Male,New Taipei City,New Taipei City,Taiwan,TW,0:44:00,2:48:29,1:56:28,,,5:38:41,2640,10109,6988,367,218,20321,65,62,11,76,70,10,60,57,9,65,62,11,Finisher,2636
Vincent,Pan,Vincent Pan,1337,M50-54,Male,台北市,Taipei City,Taiwan,TW,0:47:35,2:47:19,1:52:29,,,5:39:05,2855,10039,6749,434,270,20345,66,63,6,137,124,12,73,68,5,66,63,6,Finisher,2712
CHUN-JIE,LI,CHUN-JIE LI,1015,F35-39,Female,台中市,Taichung City,Taiwan,TW,0:42:56,2:45:16,2:02:56,,,5:39:46,2576,9916,7376,318,199,20386,67,4,2,62,5,3,45,3,2,67,4,2,Finisher,3088
CHIN PIN,HO,CHIN PIN HO,1225,M45-49,Male,台北市,Taipei City,Taiwan,TW,0:47:04,2:54:38,1:46:30,,,5:40:26,2824,10478,6390,460,274,20426,68,64,12,129,117,24,101,94,18,68,64,12,Finisher,2604
Chung Chieh,Tsao,Chung Chieh Tsao,1214,M40-44,Male,台北市,Taipei City,Taiwan,TW,0:37:36,2:54:55,1:59:32,,,5:41:34,2256,10495,7172,414,157,20494,69,65,18,20,20,6,62,59,17,69,65,18,Finisher,2338
YILIN,YEH,YILIN YEH,1274,M45-49,Male,台北市,Taipei City,Taiwan,TW,0:42:31,2:50:55,1:59:20,,,5:41:39,2551,10255,7160,322,212,20499,70,66,13,58,54,6,61,58,10,70,66,13,Finisher,2582
Kai Chun,Yang,Kai Chun Yang,1258,M45-49,Male,三重區,New Taipei City,Taiwan,TW,0:46:51,2:44:51,1:56:51,,,5:43:02,2811,9891,7011,506,363,20582,71,67,14,126,114,23,63,60,11,71,67,14,Finisher,2557
HSU,PAN,HSU PAN,1186,M40-44,Male,Taipei,Taipei City,Taiwan,TW,0:42:53,2:50:01,1:57:24,,,5:43:17,2573,10201,7044,511,268,20597,72,68,19,61,57,18,71,67,19,72,68,19,Finisher,2307
Mu-Lin,Liao,Mu-Lin Liao,1375,M60-64,Male,豐原區,Taichung City,Taiwan,TW,0:45:38,2:40:17,2:12:06,,,5:44:06,2738,9617,7926,257,108,20646,73,69,1,101,94,1,38,36,1,73,69,1,Finisher,3500
TAIPING,CHOU,TAIPING CHOU,1290,M45-49,Male,台北市,Taipei City,Taiwan,TW,0:44:47,2:53:47,1:54:07,,,5:44:52,2687,10427,6847,498,233,20692,74,70,15,89,83,13,88,82,16,74,70,15,Finisher,2524
Yu-Ling,Chen,Yu-Ling Chen,55,F35-39,Female,太保市,,Taiwan,TW,0:46:22,2:48:15,1:59:44,,,5:45:04,2782,10095,7184,410,233,20704,75,5,3,115,9,6,72,5,3,75,5,3,Finisher,2992
Sheng-Kuang,Chung,Sheng-Kuang Chung,1190,M40-44,Male,台北市,Taipei City,Taiwan,TW,0:41:55,2:49:40,2:04:23,,,5:45:36,2515,10180,7463,314,263,20736,76,71,20,52,49,14,57,54,15,76,71,20,Finisher,2266
YU DE,SU,YU DE SU,1104,M35-39,Male,高雄市,TW-KHH,Taiwan,TW,0:49:52,2:49:46,1:56:35,,,5:45:38,2992,10186,6995,309,255,20738,77,72,11,169,152,24,80,74,13,77,72,11,Finisher,2813
Hsiao-Chen,Lai,Hsiao-Chen Lai,1213,M40-44,Male,台北市,Taipei City,Taiwan,TW,0:42:16,2:47:21,2:09:20,,,5:45:47,2536,10041,7760,306,103,20747,78,73,21,56,52,16,47,44,10,78,73,21,Finisher,2262
Lin Yun,Chang,Lin Yun Chang,1346,M55-59,Male,士林區,Taipei City,Taiwan,TW,0:41:58,2:47:27,2:06:08,,,5:46:54,2518,10047,7568,392,289,20814,79,74,2,53,50,1,52,49,1,79,74,2,Finisher,3320
TUNG CHI,LIN,TUNG CHI LIN,1321,M50-54,Male,Taichung,AS,Taiwan,TW,0:45:21,2:54:23,1:56:23,,,5:48:26,2721,10463,6983,465,274,20906,80,75,7,96,89,9,92,86,8,80,75,7,Finisher,2544
Yu Chen,Fan,Yu Chen Fan,1223,M45-49,Male,新北市新店區,New Taipei City,Taiwan,TW,0:49:39,2:53:10,1:51:38,,,5:48:43,2979,10390,6698,577,279,20923,81,76,16,165,151,32,114,107,21,81,76,16,Finisher,2455
Chen-Hung,Chang,Chen-Hung Chang,1188,M40-44,Male,新北市,New Taipei City,Taiwan,TW,0:51:01,2:52:58,1:52:26,,,5:49:12,3061,10378,6746,507,260,20952,82,77,22,191,172,46,115,108,32,82,77,22,Finisher,2201
Horace,Yaun,Horace Yaun,1313,M50-54,Male,左營區,TW-KHH,Taiwan,TW,0:49:19,2:49:52,2:03:12,,,5:50:12,2959,10192,7392,342,127,21012,83,78,8,161,147,16,81,75,7,83,78,8,Finisher,2512
Max,Yu,Max Yu,1160,M40-44,Male,新北市板橋區,TW-NWT,Taiwan,TW,0:41:03,2:55:31,2:02:32,,,5:50:13,2463,10531,7352,341,325,21013,84,79,23,43,42,12,74,69,20,84,79,23,Finisher,2183
Karl,Wu,Karl Wu,1203,M40-44,Male,Taipei,Taipei City,United States,US,0:44:31,2:39:50,2:17:40,,,5:50:15,2671,9590,8260,323,169,21015,85,80,24,85,79,28,36,35,7,85,80,24,Finisher,2182
Riaan,Van Der Merwe,Riaan Van Der Merwe,1121,M35-39,Male,Nelspruit,,South Africa,ZA,0:41:48,3:00:08,1:59:27,,,5:50:15,2508,10808,7167,366,167,21015,86,81,12,50,47,11,95,89,14,86,81,12,Finisher,2730
Shih-Ciang,Li,Shih-Ciang Li,1181,M40-44,Male,士林區,Taipei City,Taiwan,TW,0:40:11,2:46:09,2:11:09,,,5:50:27,2411,9969,7869,506,271,21027,87,82,25,40,39,11,48,45,11,87,82,25,Finisher,2178
Hung Chun,Chu,Hung Chun Chu,1061,M18-24,Male,高雄市,Kaohsiung City,Taiwan,TW,0:27:55,2:55:29,2:21:13,,,5:50:39,1675,10529,8473,226,135,21039,88,83,3,1,1,1,27,27,3,88,83,3,Finisher,2559
Tang Chu,Wu,Tang Chu Wu,1257,M45-49,Male,高雄市,Kaohsiung City,Taiwan,TW,0:48:04,2:44:40,2:04:21,,,5:51:06,2884,9880,7461,499,341,21066,89,84,17,145,131,26,66,63,12,89,84,17,Finisher,2412
Ted,Chiu,Ted Chiu,1221,M45-49,Male,台北市,Taipei City,Taiwan,TW,0:54:09,2:54:01,1:50:35,,,5:51:20,3249,10441,6635,479,277,21080,90,85,18,235,211,63,129,122,27,90,85,18,Finisher,2408
Chu Lin,Hsiao,Chu Lin Hsiao,1382,M45-49,Male,桃園市,Taoyuan City,Taiwan,TW,0:52:57,2:51:53,1:49:23,,,5:51:25,3177,10313,6563,692,340,21085,91,86,19,222,200,56,131,124,29,91,86,19,Finisher,2406
Che-Wei,Lee,Che-Wei Lee,1117,M35-39,Male,Taoyuan City,Taoyuan City,Taiwan,TW,0:52:20,2:57:57,1:48:26,,,5:51:46,3140,10677,6506,617,166,21106,92,87,13,212,191,29,152,143,27,92,87,13,Finisher,2703
Darian,Moore,Darian Moore,1092,M30-34,Male,kaohsiung,Kaohsiung City,United States,US,0:47:36,2:56:13,1:55:47,,,5:52:01,2856,10573,6947,513,231,21121,93,88,10,138,125,15,113,106,12,93,88,10,Finisher,2523
Jeff,Lunz,Jeff Lunz,1170,M40-44,Male,Lakeland,FL,United States,US,0:39:13,2:58:44,2:03:35,,,5:52:02,2353,10724,7415,450,181,21122,94,89,26,31,31,10,83,77,23,94,89,26,Finisher,2150
Hueiheng,Hung,Hueiheng Hung,1103,M35-39,Male,台北市,Taipei City,Taiwan,TW,0:55:42,2:46:49,1:55:28,,,5:52:38,3342,10009,6928,579,301,21158,95,90,14,248,222,32,112,105,18,95,90,14,Finisher,2687
Chao-Wen,Lee,Chao-Wen Lee,1319,M50-54,Male,台北市,Taipei City,Taiwan,TW,0:44:19,2:54:45,2:00:03,,,5:54:46,2659,10485,7203,510,429,21286,96,91,9,81,75,5,93,87,9,96,91,9,Finisher,2430
Chung Yung,Huang,Chung Yung Huang,1139,M35-39,Male,台中市,TW-TTT,Taiwan,TW,0:46:59,2:57:30,2:01:27,,,5:54:46,2819,10650,7287,348,182,21286,97,92,15,127,115,17,104,97,15,97,92,15,Finisher,2649
Kaiyuan,Gan,Kaiyuan Gan,1224,M45-49,Male,新北市,新北市,Taiwan,TW,0:46:23,3:00:02,1:54:12,,,5:55:07,2783,10802,6852,599,272,21307,98,93,20,119,110,22,132,125,30,98,93,20,Finisher,2340
Yi -Hong,Lin,Yi -Hong Lin,1099,M30-34,Male,新北市,New Taipei City,Taiwan,TW,0:53:56,3:04:21,1:45:30,,,5:57:05,3236,11061,6330,674,124,21425,99,94,11,229,207,19,195,183,19,99,94,11,Finisher,2432
Kai Ying,Chu,Kai Ying Chu,1167,M40-44,Male,新北市三峽區,New Taipei City,Taiwan,TW,0:48:03,2:51:33,2:00:18,,,5:57:11,2883,10293,7218,546,491,21431,100,95,27,144,130,38,98,92,28,100,95,27,Finisher,2057
Ping-Kuan,Li,Ping-Kuan Li,1196,M40-44,Male,左營區,Kaohsiung City,Taiwan,TW,0:43:52,2:57:50,2:04:42,,,5:57:14,2632,10670,7482,419,232,21434,101,96,28,74,68,24,97,91,27,101,96,28,Finisher,2056
Chiung,Lee,Chiung Lee,1195,M40-44,Male,高雄市,Kaohsiung City,Taiwan,TW,0:43:39,2:54:40,2:09:25,,,5:57:19,2619,10480,7765,396,178,21439,102,97,29,70,64,22,82,76,22,102,97,29,Finisher,2055
MIN-CHUN,HSIEN,MIN-CHUN HSIEN,1250,M45-49,Male,大社街110巷5號2樓,Taichung City,Taiwan,TW,0:45:42,2:49:38,2:14:53,,,5:58:11,2742,10178,8093,350,128,21491,103,98,21,103,96,16,68,65,13,103,98,21,Finisher,2285
Allen,Yeh,Allen Yeh,1175,M40-44,Male,New Taipei City,New Taipei City,Taiwan,TW,0:43:04,3:10:23,1:51:11,,,5:58:33,2584,11423,6671,529,306,21513,104,99,30,64,58,19,161,149,41,104,99,30,Finisher,2033
Hui An,Hsu,Hui An Hsu,1004,F30-34,Female,彰化縣,TW-CHA,Taiwan,TW,0:46:38,2:54:44,2:05:47,,,5:58:46,2798,10484,7547,461,236,21526,105,6,1,124,11,1,99,7,1,105,6,1,Finisher,3500
Wan chen,Hsu,Wan chen Hsu,1017,F35-39,Female,Taiwan,TW-PIF,Taiwan,TW,0:46:33,2:51:57,2:11:24,,,5:59:27,2793,10317,7884,361,212,21567,106,7,4,122,10,7,79,6,4,106,7,4,Finisher,2733
Xin Bo,Zeng,Xin Bo Zeng,1082,M30-34,Male,南投市,,Taiwan,TW,0:43:51,3:00:50,2:02:32,,,5:59:46,2631,10850,7352,430,323,21586,107,100,12,72,66,7,110,103,11,107,100,12,Finisher,2383
Chihui,Liu,Chihui Liu,1154,M40-44,Male,新北市,New Taipei City,Taiwan,TW,0:47:34,2:58:14,2:06:14,,,6:00:06,2854,10694,7574,326,157,21606,108,101,31,136,123,35,108,101,31,108,101,31,Finisher,2005
Zhi Jie,Kao,Zhi Jie Kao,1022,F35-39,Female,Kaohsiung,Kaohsiung City,Taiwan,TW,0:41:07,3:09:17,1:59:10,,,6:00:42,2467,11357,7150,481,188,21642,109,8,5,44,2,1,140,8,5,109,8,5,Finisher,2711
Danny,Lee,Danny Lee,1090,M30-34,Male,Irvine,CA,Taiwan,TW,0:55:05,2:58:17,1:57:24,,,6:01:38,3305,10697,7044,392,260,21698,110,102,13,242,218,20,148,139,13,110,102,13,Finisher,2350
HSIA-HSIN,LI,HSIA-HSIN LI,1267,M45-49,Male,Hsinchu City,TW-HSQ,Taiwan,TW,0:50:31,3:05:56,1:58:00,,,6:01:41,3031,11156,7080,267,168,21701,111,103,22,181,162,36,155,146,35,111,103,22,Finisher,2222
Tzu  Hsuan,Lo,Tzu  Hsuan Lo,1005,F30-34,Female,臺中市,Taichung City,Taiwan,TW,0:58:23,2:56:37,1:57:30,,,6:01:46,3503,10597,7050,400,157,21706,112,9,2,274,34,8,160,12,2,112,9,2,Finisher,3446
Max,Liu,Max Liu,1153,M40-44,Male,台中市,Taichung City,Taiwan,TW,0:57:27,2:51:14,2:01:54,,,6:02:40,3447,10274,7314,514,211,21760,113,104,32,267,237,56,136,129,37,113,104,32,Finisher,1958
TSENG,KUO CHIH,TSENG KUO CHIH,1120,M35-39,Male,高雄市,TW-KHH,Taiwan,TW,0:48:52,2:47:25,2:14:45,,,6:03:00,2932,10045,8085,468,251,21780,114,105,16,155,141,21,76,71,11,114,105,16,Finisher,2501
Renny,Ling,Renny Ling,1282,M45-49,Male,New Taipei City,TAIWAN,Taiwan,TW,0:44:36,2:55:21,2:04:08,,,6:03:26,2676,10521,7448,598,563,21806,115,106,23,86,80,12,102,95,19,115,106,23,Finisher,2190
Michael,Deluca,Michael Deluca,1065,M25-29,Male,MORRISTOWN,NJ,United States,US,0:47:07,3:13:27,1:56:02,,,6:04:18,2827,11607,6962,306,155,21858,116,107,8,130,118,9,173,161,9,116,107,8,Finisher,2005
Yia Ted,Sik,Yia Ted Sik,1086,M30-34,Male,Taichung,Taichung City,Malaysia,MY,0:45:08,3:09:40,1:59:51,,,6:04:48,2708,11380,7191,395,215,21888,117,108,14,91,85,9,157,148,14,117,108,14,Finisher,2293
Ting Pin,Tseng,Ting Pin Tseng,1378,M65-69,Male,台中市,Taichung City,Taiwan,TW,0:52:35,2:54:30,2:06:19,,,6:05:28,3155,10470,7579,413,312,21928,118,109,1,216,194,1,119,112,1,118,109,1,Finisher,3500
CHIH FENG,TSAI,CHIH FENG TSAI,1272,M45-49,Male,高雄,TW-KHH,Taiwan,TW,0:46:12,3:00:25,2:08:42,,,6:05:34,2772,10825,7722,422,192,21934,119,110,24,111,103,18,118,111,22,119,110,24,Finisher,2152
Tsungying,Chung,Tsungying Chung,1192,M40-44,Male,新北市,New Taipei City,Taiwan,TW,0:46:22,2:57:18,2:12:27,,,6:07:41,2782,10638,7947,400,293,22061,120,111,33,116,107,32,105,98,30,120,111,33,Finisher,1868
Laga,Wu,Laga Wu,1158,M40-44,Male,台北市士林區,Taipei City,Taiwan,TW,0:48:09,2:58:41,2:10:51,,,6:08:47,2889,10721,7851,466,200,22127,121,112,34,147,133,39,123,116,34,121,112,34,Finisher,1848
Po Chiao,Huang,Po Chiao Huang,1125,M35-39,Male,淡水區,New Taipei City,Taiwan,TW,0:37:45,3:12:40,2:07:47,,,6:08:53,2265,11560,7667,364,277,22133,122,113,17,22,22,4,134,127,21,122,113,17,Finisher,2395
Hsien-Hui,Huang,Hsien-Hui Huang,1308,M50-54,Male,台中市,Taichung City,Taiwan,TW,0:48:30,2:53:30,2:16:41,,,6:09:24,2910,10410,8201,485,158,22164,123,114,10,154,140,15,103,96,10,123,114,10,Finisher,2167
Jung Liang,Lin,Jung Liang Lin,1237,M45-49,Male,台中市,Taichung City,Taiwan,TW,0:52:36,3:07:49,1:56:48,,,6:10:15,3156,11269,7008,491,292,22215,124,115,25,217,195,53,189,177,47,124,115,25,Finisher,2067
Meng Che,Li,Meng Che Li,1235,M45-49,Male,Taichung,TW-TXG,Taiwan,TW,0:48:28,3:00:15,2:08:52,,,6:10:29,2908,10815,7732,453,320,22229,125,116,26,153,139,28,130,123,28,125,116,26,Finisher,2063
Yi Cheng,Liu,Yi Cheng Liu,1240,M45-49,Male,新北市,New Taipei City,Taiwan,TW,0:43:59,3:06:43,2:06:09,,,6:11:05,2639,11203,7569,575,279,22265,126,117,27,75,69,9,151,142,32,126,117,27,Finisher,2052
Chih-Chieh,Ting,Chih-Chieh Ting,1112,M35-39,Male,高雄市,Kaohsiung City,Taiwan,TW,0:51:04,3:01:52,2:07:17,,,6:11:15,3064,10912,7637,440,221,22275,127,118,18,193,174,26,150,141,26,127,118,18,Finisher,2352
Hsi-Pao,Hsiang,Hsi-Pao Hsiang,1123,M35-39,Male,新北市,New Taipei City,Taiwan,TW,0:53:30,2:56:06,2:07:55,,,6:11:30,3210,10566,7675,526,312,22290,128,119,19,225,203,30,139,132,23,128,119,19,Finisher,2348
Hsueh Ching,Wu,Hsueh Ching Wu,1350,M55-59,Male,新北市新店區,New Taipei City,Taiwan,TW,0:45:32,2:54:19,2:16:34,,,6:11:34,2732,10459,8194,421,487,22294,129,120,3,100,93,4,89,83,3,129,120,3,Finisher,2876
Yu Jen,Cheng,Yu Jen Cheng,1334,M50-54,Male,高雄市,Kaohsiung City,Taiwan,TW,0:44:22,3:01:07,2:13:00,,,6:12:17,2662,10867,7980,663,164,22337,130,121,11,82,76,6,135,128,13,130,121,11,Finisher,2115
Hakim,Wong,Hakim Wong,1301,M45-49,Male,Taipei,Taipei City,Malaysia,MY,0:46:03,3:06:30,2:03:25,,,6:13:53,2763,11190,7405,670,404,22433,131,122,28,108,100,17,165,153,37,131,122,28,Finisher,2002
King,Su,King Su,1118,M35-39,Male,台中市西區,Taichung City,Taiwan,TW,0:47:10,2:56:12,2:17:32,,,6:13:59,2830,10572,8252,517,268,22439,132,123,20,131,119,18,111,104,17,132,123,20,Finisher,2303
Tsung Hsin,Chen,Tsung Hsin Chen,1189,M40-44,Male,莿桐鄉,,Taiwan,TW,0:44:02,2:55:39,2:20:23,,,6:14:08,2642,10539,8423,580,263,22448,133,124,35,77,71,25,100,93,29,133,124,35,Finisher,1752
Chih Shien,Ke,Chih Shien Ke,1230,M45-49,Male,Taichung,TW-TXG,Taiwan,TW,1:01:22,2:51:13,2:09:00,,,6:15:00,3682,10273,7740,480,325,22500,134,125,29,292,255,78,153,144,33,134,125,29,Finisher,1982
Yu Hsien,Huang,Yu Hsien Huang,1088,M30-34,Male,屏東縣恆春鎮,,Taiwan,TW,0:51:40,3:04:50,2:00:05,,,6:15:13,3100,11090,7205,736,382,22513,135,126,15,202,183,16,190,178,18,135,126,15,Finisher,2105
Wen Tseng,Chang,Wen Tseng Chang,1373,M60-64,Male,屏東市,,Taiwan,TW,0:50:57,3:05:02,2:03:03,,,6:15:54,3057,11102,7383,718,294,22554,136,127,2,188,169,2,184,172,2,136,127,2,Finisher,2927
Albert,Yu,Albert Yu,1205,M40-44,Male,Boondall,AU-QLD,Taiwan,TW,0:43:20,3:05:25,2:15:42,,,6:16:32,2600,11125,8142,424,301,22592,137,128,36,67,61,20,128,121,35,137,128,36,Finisher,1709
Kuo-Chih,Chen,Kuo-Chih Chen,1259,M45-49,Male,台北市,Taipei City,Taiwan,TW,0:52:02,2:55:15,2:17:21,,,6:16:42,3122,10515,8241,457,268,22602,138,129,30,209,188,52,125,118,25,138,129,30,Finisher,1951
FU ZHI,TUNG,FU ZHI TUNG,1300,M45-49,Male,台中市,Taichung City,Taiwan,TW,0:49:09,2:55:07,2:23:02,,,6:18:24,2949,10507,8582,434,232,22704,139,130,31,158,144,29,109,102,20,139,130,31,Finisher,1921
Ching-Hsin,Lee,Ching-Hsin Lee,1149,M40-44,Male,Taipei,Taipei City,Taiwan,TW,0:50:37,2:54:43,2:20:40,,,6:18:44,3037,10483,8440,526,238,22724,140,131,37,183,164,45,120,113,33,140,131,37,Finisher,1669
Shengchuan,Chang,Shengchuan Chang,1242,M45-49,Male,Taipei,Taipei City,Taiwan,TW,0:51:49,3:03:42,2:08:18,,,6:19:02,3109,11022,7698,598,314,22742,141,132,32,206,187,51,170,158,41,141,132,32,Finisher,1909
Louis,Tseng,Louis Tseng,1106,M35-39,Male,New Taipei City,New Taipei City,Taiwan,TW,0:45:09,3:04:46,2:14:59,,,6:19:16,2709,11086,8099,524,339,22756,142,133,21,92,86,15,141,133,24,142,133,21,Finisher,2208
Jackel,Tsai,Jackel Tsai,1312,M50-54,Male,台北市,Taipei City,Taiwan,TW,1:02:38,2:48:34,2:16:38,,,6:19:51,3758,10114,8198,486,236,22791,143,134,12,299,260,30,146,137,14,143,134,12,Finisher,1979
Yi-Hong,Lin,Yi-Hong Lin,1063,M18-24,Male,台中市豐原區,Taichung City,Taiwan,TW,0:52:12,3:02:29,2:14:32,,,6:19:56,3132,10949,8072,377,267,22796,144,135,4,211,190,4,156,147,4,144,135,4,Finisher,2032
LI-HSIA,Lin,LI-HSIA Lin,1037,F45-49,Female,桃園市,Taoyuan City,Taiwan,TW,0:59:29,3:04:26,2:04:50,,,6:20:03,3569,11066,7490,484,194,22803,145,10,1,281,36,5,212,17,2,145,10,1,Finisher,3500
Jhen Kuan,Liao,Jhen Kuan Liao,1128,M35-39,Male,新竹縣,,Taiwan,TW,0:48:27,2:56:11,2:23:28,,,6:20:19,2907,10571,8608,388,346,22819,146,136,22,152,138,20,107,100,16,146,136,22,Finisher,2189
Morris,Chang,Morris Chang,1351,M55-59,Male,New Taipei City,TW-NWT,Taiwan,TW,0:50:31,3:01:11,2:17:32,,,6:20:26,3031,10871,8252,436,235,22826,147,137,4,182,163,11,145,136,4,147,137,4,Finisher,2717
Peter,Lai,Peter Lai,1073,M25-29,Male,台北市內湖區,Taipei City,Taiwan,TW,0:39:17,3:08:42,2:23:57,,,6:20:33,2357,11322,8637,338,179,22833,148,138,9,33,33,7,117,110,8,148,138,9,Finisher,1712
Mike,Wang,Mike Wang,1122,M35-39,Male,高雄市,Kaohsiung City,Taiwan,TW,0:41:34,2:44:56,2:43:41,,,6:21:12,2494,9896,9821,410,251,22872,149,139,23,47,45,9,44,42,10,149,139,23,Finisher,2173
Jimmy,Hsu,Jimmy Hsu,1336,M50-54,Male,新竹市,,Taiwan,TW,0:48:06,2:54:43,2:24:34,,,6:21:48,2886,10483,8674,594,271,22908,150,140,13,146,132,13,116,109,12,150,140,13,Finisher,1943
Yueh-Ting,Tsai,Yueh-Ting Tsai,1173,M40-44,Male,蘆竹區,Taoyuan City,Taiwan,TW,0:49:25,3:09:39,2:07:48,,,6:21:52,2965,11379,7668,636,264,22912,151,141,38,163,149,42,196,184,46,151,141,38,Finisher,1613
Wen-Sheng,Feng,Wen-Sheng Feng,1352,M55-59,Male,Zhudong,TW-HSQ,Taiwan,TW,0:47:15,3:11:09,2:10:14,,,6:22:33,2835,11469,7814,542,293,22953,152,142,5,132,120,8,179,167,5,152,142,5,Finisher,2678
XI ZHI,Lai,XI ZHI Lai,1295,M45-49,Male,Taichung City,TW-NAN,Taiwan,TW,0:54:21,2:58:03,2:17:18,,,6:23:11,3261,10683,8238,494,314,22991,153,143,33,239,215,65,154,145,34,153,143,33,Finisher,1835
Chun Yi,Lu,Chun Yi Lu,1255,M45-49,Male,台中市,Taichung City,Taiwan,TW,0:50:00,2:58:14,2:24:24,,,6:23:22,3000,10694,8664,423,221,23002,154,144,34,173,156,34,126,119,26,154,144,34,Finisher,1831
Harry,Chen,Harry Chen,1207,M40-44,Male,台北市,TW-TPE,Taiwan,TW,0:47:57,3:00:32,2:21:34,,,6:24:00,2877,10832,8494,475,362,23040,155,145,39,141,128,37,133,126,36,155,145,39,Finisher,1574
Ming Jen,lin,Ming Jen lin,1343,M50-54,Male,新竹市,,Taiwan,TW,0:59:04,3:00:45,2:11:31,,,6:24:25,3544,10845,7891,622,163,23065,156,146,14,278,243,25,198,186,17,156,146,14,Finisher,1896
Ming hung,Kao,Ming hung Kao,1140,M35-39,Male,永和區,TW-NWT,Taiwan,TW,0:51:43,2:57:35,2:25:22,,,6:26:06,3103,10655,8722,371,316,23166,157,147,24,204,185,27,127,120,20,157,147,24,Finisher,2085
Ko-Wei,Lin,Ko-Wei Lin,1183,M40-44,Male,苏州市太仓市,CN-JS,Taiwan,TW,0:45:09,3:11:44,2:13:25,,,6:26:21,2709,11504,8005,517,445,23181,158,148,40,93,87,29,171,159,42,158,148,40,Finisher,1532
Chih-Wei,Huang,Chih-Wei Huang,1266,M45-49,Male,高雄市楠梓區,Kaohsiung City,Taiwan,TW,0:54:07,3:03:47,2:14:13,,,6:26:45,3247,11027,8053,574,304,23205,159,149,35,234,210,62,181,169,46,159,149,35,Finisher,1770
Ching Hua,Cheng,Ching Hua Cheng,1014,F35-39,Female,新北市淡水區,New Taipei City,Taiwan,TW,0:55:30,3:08:00,2:12:59,,,6:27:15,3330,11280,7979,418,228,23235,160,11,6,247,26,9,203,14,8,160,11,6,Finisher,2233
Chih-Chieh,Lai,Chih-Chieh Lai,1280,M45-49,Male,彰化縣,,Taiwan,TW,0:46:23,3:18:15,2:09:23,,,6:27:34,2783,11895,7763,502,311,23254,161,150,36,117,108,20,218,198,55,161,150,36,Finisher,1756
Yan Teng,Lai,Yan Teng Lai,1231,M45-49,Male,台中市,Taichung City,Taiwan,TW,0:46:23,3:01:33,2:26:58,,,6:27:45,2783,10893,8818,377,395,23265,162,151,37,118,109,21,121,114,23,162,151,37,Finisher,1752
Jui Feng,Hsu,Jui Feng Hsu,1265,M45-49,Male,高雄市,Kaohsiung City,Taiwan,TW,0:49:12,3:02:51,2:26:42,,,6:28:03,2952,10971,8802,405,154,23283,163,152,38,160,146,30,143,135,31,163,152,38,Finisher,1747
Yuan Ting,Chung,Yuan Ting Chung,1145,M40-44,Male,台中市,Taichung City,Taiwan,TW,0:53:15,3:03:29,2:13:47,,,6:28:22,3195,11009,8027,701,370,23302,164,153,41,224,202,50,187,175,45,164,153,41,Finisher,1496
Chu-Chuan,Lin,Chu-Chuan Lin,1379,M70-74,Male,,TXG,Taiwan,TW,0:57:05,2:58:15,2:23:46,,,6:28:51,3425,10695,8626,435,150,23331,165,154,1,261,232,1,162,150,1,165,154,1,Finisher,3500
Chih Chieh,Chang,Chih Chieh Chang,1136,M35-39,Male,高雄市/前鎮區,Kaohsiung City,Taiwan,TW,0:41:40,3:10:39,2:29:12,,,6:31:16,2500,11439,8952,383,202,23476,166,155,25,48,46,10,142,134,25,166,155,25,Finisher,1992
Hsueh Hung,Chu,Hsueh Hung Chu,1335,M50-54,Male,高雄市,Kaohsiung City,Taiwan,TW,0:55:11,2:57:28,2:21:10,,,6:31:23,3311,10648,8470,686,368,23483,167,156,15,243,219,22,166,154,16,167,156,15,Finisher,1771
Kuei-Yi,Wu,Kuei-Yi Wu,1021,F35-39,Female,新北市,New Taipei City,Taiwan,TW,0:45:53,3:06:16,2:24:41,,,6:31:24,2753,11176,8681,562,312,23484,168,12,7,106,8,5,159,11,7,168,12,7,Finisher,2158
Kwong Hing,Tam,Kwong Hing Tam,1322,M50-54,Male,HK,Hong Kong,Hong Kong,HK,0:43:11,3:15:28,2:10:33,,,6:31:53,2591,11728,7833,815,546,23513,169,157,16,65,59,4,213,196,20,169,157,16,Finisher,1762
Chi Wen,Chung,Chi Wen Chung,1191,M40-44,Male,台北市,Taipei City,Taiwan,TW,0:51:41,2:58:04,2:28:06,,,6:31:54,3101,10684,8886,477,366,23514,170,158,42,203,184,49,138,131,38,170,158,42,Finisher,1432
Eva,Gubern,Eva Gubern,1027,F40-44,Female,Barcelona,BARCELONA [BARCELONA],Spain,ES,0:50:23,3:00:42,2:24:16,,,6:32:03,3023,10842,8656,624,378,23523,171,13,1,178,18,2,158,10,1,171,13,1,Finisher,3500
Michel,Lokhorst,Michel Lokhorst,1297,M45-49,Male,Kaohsiung,Kaohsiung City,Netherlands,NL,0:50:15,3:09:42,2:17:19,,,6:32:16,3015,11382,8239,617,282,23536,172,159,39,176,159,35,200,188,51,172,159,39,Finisher,1671
Jerry,Lien,Jerry Lien,1169,M40-44,Male,台北市士林區,Taipei City,Taiwan,TW,0:47:27,3:02:41,2:26:59,,,6:32:53,2847,10961,8819,585,361,23573,173,160,43,135,122,34,147,138,39,173,160,43,Finisher,1415
Steve,Yang,Steve Yang,1356,M55-59,Male,台北市,Taipei City,Taiwan,TW,0:45:18,3:12:42,2:14:47,,,6:32:53,2718,11562,8087,799,407,23573,174,161,6,95,88,2,208,192,9,174,161,6,Finisher,2492
PING CHEN,CHEN,PING CHEN CHEN,1108,M35-39,Male,台南市,Tainan City,Taiwan,TW,0:52:11,3:04:02,2:20:16,,,6:33:09,3131,11042,8416,705,295,23589,175,162,26,210,189,28,185,173,29,175,162,26,Finisher,1958
Reacher,Lin,Reacher Lin,1239,M45-49,Male,台北市,TW-TPE,Taiwan,TW,0:45:40,3:10:21,2:25:40,,,6:33:24,2740,11421,8740,515,189,23604,176,163,40,102,95,15,169,157,40,176,163,40,Finisher,1651
Yu,Lee,Yu Lee,1050,F35-39,Female,新北市,New Taipei City,Taiwan,TW,0:42:01,3:09:12,2:29:17,,,6:33:27,2521,11352,8957,465,312,23607,177,14,8,55,4,2,144,9,6,177,14,8,Finisher,2121
Chih Chang,Yang,Chih Chang Yang,1302,M45-49,Male,新北市,New Taipei City,Taiwan,TW,0:50:53,3:07:26,2:22:37,,,6:33:29,3053,11246,8557,543,210,23609,178,164,41,186,167,39,178,166,44,178,164,41,Finisher,1649
Ironball,Li,Ironball Li,1327,M50-54,Male,台中市,Taichung City,Taiwan,TW,0:50:06,3:11:53,2:19:33,,,6:33:30,3006,11513,8373,516,201,23610,179,165,17,174,157,18,205,191,18,179,165,17,Finisher,1733
Chien Yi,Lee,Chien Yi Lee,1232,M45-49,Male,台北市,Taipei City,Taiwan,TW,0:52:55,3:06:29,2:20:16,,,6:33:30,3175,11189,8416,577,253,23610,180,166,42,221,199,55,191,179,48,180,166,42,Finisher,1649
Cheng-ming,Wang,Cheng-ming Wang,1286,M45-49,Male,嘉義市,,Taiwan,TW,0:50:56,3:18:41,2:09:57,,,6:36:26,3056,11921,7797,715,297,23786,181,167,43,187,168,40,252,226,69,181,167,43,Finisher,1596
HO YI,LIN,HO YI LIN,1091,M30-34,Male,Taoyuan,TW-TAO,Taiwan,TW,0:52:43,3:04:53,2:21:53,,,6:36:41,3163,11093,8513,622,410,23801,182,168,16,219,197,18,186,174,17,182,168,16,Finisher,1719
Jerry,Lee,Jerry Lee,1380,M45-49,Male,台北市,Taipei City,Taiwan,TW,0:57:07,3:04:10,2:21:28,,,6:36:42,3427,11050,8488,518,318,23802,183,169,44,262,233,71,197,185,50,183,169,44,Finisher,1591
Herman,Yen,Herman Yen,1383,M55-59,Male,新北市,New Taipei City,Taiwan,TW,0:55:26,3:06:05,2:20:26,,,6:36:44,3326,11165,8426,470,416,23804,184,170,7,245,220,12,194,182,7,184,170,7,Finisher,2423
Chih Hsin,Chen,Chih Hsin Chen,1376,M65-69,Male,台中市南屯區,Taichung City,Taiwan,TW,0:56:28,3:15:13,2:12:19,,,6:36:44,3388,11713,7939,519,245,23804,185,171,2,257,228,2,246,221,2,185,171,2,Finisher,2937
I-Wen,Chen,I-Wen Chen,1006,F30-34,Female,台北市,Taipei City,Taiwan,TW,0:48:02,3:13:50,2:16:41,,,6:37:08,2882,11630,8201,762,352,23828,186,15,3,143,14,2,221,21,4,186,15,3,Finisher,2809
Wei-Chen,Chen,Wei-Chen Chen,1244,M45-49,Male,桃園市,Taoyuan City,Taiwan,TW,0:53:01,3:04:34,2:29:30,,,6:37:25,3181,11074,8970,393,227,23845,187,172,45,223,201,57,167,155,38,187,172,45,Finisher,1578
Yulun,Yeh,Yulun Yeh,1187,M40-44,Male,台北市,Taipei City,Taiwan,TW,0:45:51,3:12:43,2:24:12,,,6:37:41,2751,11563,8652,562,333,23861,188,173,44,105,98,31,183,171,44,188,173,44,Finisher,1328
CHEN-YI,CHU,CHEN-YI CHU,1025,F40-44,Female,台北市,Taipei City,Taiwan,TW,0:58:48,3:02:47,2:19:15,,,6:37:42,3528,10967,8355,656,357,23862,189,16,2,276,35,4,215,19,3,189,16,2,Finisher,3398
ETHAN,Chang,ETHAN Chang,1161,M40-44,Male,Taichung City,Taichung City,Taiwan,TW,0:51:18,2:57:09,2:31:23,,,6:38:01,3078,10629,9083,697,393,23881,190,174,45,196,177,47,149,140,40,190,174,45,Finisher,1322
Wen-Chueh,Li ,Wen-Chueh Li,1058,F55-59,Female,高雄市,TW-KHH,Taiwan,TW,0:46:46,3:16:11,2:21:35,,,6:38:29,2806,11771,8495,568,269,23909,191,17,1,125,12,1,214,18,1,191,17,1,Finisher,3500
Tony,Lee,Tony Lee,1233,M45-49,Male,桃園市,Taoyuan City,Taiwan,TW,0:57:14,3:10:11,2:14:18,,,6:38:41,3434,11411,8058,670,348,23921,192,175,46,265,235,72,239,216,64,192,175,46,Finisher,1556
Teddy,Chuang,Teddy Chuang,1262,M45-49,Male,台南市,TW-TNN,Taiwan,TW,0:50:40,3:06:28,2:27:41,,,6:38:55,3040,11188,8861,619,227,23935,193,176,47,184,165,37,180,168,45,193,176,47,Finisher,1551
Chih Yu,Chung,Chih Yu Chung,1096,M30-34,Male,台北市,TW-TPE,Taiwan,TW,0:44:05,2:55:17,2:43:31,,,6:38:56,2645,10517,9811,457,505,23936,194,177,17,79,73,8,90,84,9,194,177,17,Finisher,1678
Yen-Ming,Hou,Yen-Ming Hou,1078,M30-34,Male,台中市,Taichung City,Taiwan,TW,0:46:31,3:18:36,2:12:56,,,6:39:30,2791,11916,7976,799,488,23970,195,178,18,121,112,12,237,214,21,195,178,18,Finisher,1668
Chia-Ching,Lin,Chia-Ching Lin,1268,M45-49,Male,Luzhu Dist.,TW-TAO,Taiwan,TW,1:03:40,3:03:20,2:17:05,,,6:39:46,3820,11000,8225,639,303,23986,196,179,48,302,263,80,234,211,61,196,179,48,Finisher,1536
RICHARD,TU,RICHARD TU,1256,M45-49,Male,新北市,TW-NWT,Taiwan,TW,0:56:15,3:09:32,2:17:50,,,6:40:02,3375,11372,8270,539,448,24002,197,180,49,255,226,68,222,201,57,197,180,49,Finisher,1531
Pj,Cheng,Pj Cheng,1245,M45-49,Male,新北市,New Taipei City,Taiwan,TW,0:48:11,3:04:16,2:24:39,,,6:40:17,2891,11056,8679,873,517,24017,198,181,50,148,134,27,177,165,43,198,181,50,Finisher,1527
Hsiao Ya,Chiu,Hsiao Ya Chiu,1007,F30-34,Female,新北市,New Taipei City,Taiwan,TW,0:50:29,3:10:36,2:23:14,,,6:40:22,3029,11436,8594,581,382,24022,199,18,4,180,19,3,206,15,3,199,18,4,Finisher,2751
Mao Shu,Huang,Mao Shu Huang,1310,M50-54,Male,台北市,Taipei City,Taiwan,TW,1:00:19,3:25:48,1:57:57,,,6:40:58,3619,12348,7077,700,313,24058,200,182,18,285,249,27,282,249,29,200,182,18,Finisher,1598
hsinyu,Liao,hsinyu Liao,1020,F35-39,Female,台南市,TW-TNN,Taiwan,TW,1:04:42,3:09:10,2:13:08,,,6:41:16,3882,11350,7988,468,388,24076,201,19,9,305,41,11,253,27,10,201,19,9,Finisher,1981
Pen Yu,Chan,Pen Yu Chan,1029,F40-44,Female,新北市,New Taipei City,Taiwan,TW,0:54:03,3:06:13,2:25:42,,,6:41:41,3243,11173,8742,640,303,24101,202,20,3,232,24,3,207,16,2,202,20,3,Finisher,3326
Frank,Tien,Frank Tien,1329,M50-54,Male,台北市,Taipei City,Taiwan,TW,1:00:52,3:15:09,2:09:30,,,6:41:57,3652,11709,7770,727,259,24117,203,183,19,288,251,28,265,237,26,203,183,19,Finisher,1581
Henry,Lin,Henry Lin,1344,M50-54,Male,Taipei,TW-TPE,Taiwan,TW,0:41:25,3:00:49,2:44:17,,,6:42:42,2485,10849,9857,497,474,24162,204,184,20,45,43,2,106,99,11,204,184,20,Finisher,1567
Yi-Hua,Chen,Yi-Hua Chen,1177,M40-44,Male,台中市北屯區,Taichung City,Taiwan,TW,0:55:04,3:06:20,2:19:31,,,6:43:36,3304,11180,8371,844,516,24216,205,185,46,241,217,53,224,202,49,205,185,46,Finisher,1222
WEI TSE,CHIEN,WEI TSE CHIEN,1248,M45-49,Male,蘆洲區,TW-NWT,Taiwan,TW,1:00:25,3:06:30,2:22:04,,,6:44:17,3625,11190,8524,537,381,24257,206,186,51,286,250,75,227,205,59,206,186,51,Finisher,1455
Tsung Po,Hsieh,Tsung Po Hsieh,1227,M45-49,Male,台中市西屯區,TW-TXG,Taiwan,TW,0:56:31,3:11:02,2:23:15,,,6:44:31,3391,11462,8595,561,261,24271,207,187,52,258,229,69,230,208,60,207,187,52,Finisher,1451
Li Ting,Chang,Li Ting Chang,1043,F45-49,Female,新北市,New Taipei City,Taiwan,TW,0:52:32,3:16:10,2:17:41,,,6:44:54,3152,11770,8261,734,378,24294,208,21,2,215,22,2,248,26,4,208,21,2,Finisher,3052
Lih-Der,Ho,Lih-Der Ho,1226,M45-49,Male,高雄市,Kaohsiung City,Taiwan,TW,0:44:24,3:02:10,2:46:38,,,6:45:22,2664,10930,9998,485,245,24322,209,188,53,83,77,11,124,117,24,209,188,53,Finisher,1435
CHENGYUEH,HU,CHENGYUEH HU,1318,M50-54,Male,台北市,TW-TPE,Taiwan,TW,0:55:28,3:08:43,2:28:39,,,6:45:38,3328,11323,8919,449,318,24338,210,189,21,246,221,23,209,193,19,210,189,21,Finisher,1514
Tony,Ho,Tony Ho,1263,M45-49,Male,新北市新店區,New Taipei City,Taiwan,TW,1:01:14,2:53:34,2:38:21,,,6:45:40,3674,10414,9501,521,231,24340,211,190,54,291,254,77,164,152,36,211,190,54,Finisher,1430
Andy,Guo,Andy Guo,1369,M60-64,Male,台北市,Taipei City,Taiwan,TW,1:06:31,3:29:44,1:50:23,,,6:46:03,3991,12584,6623,684,481,24363,212,191,3,309,267,5,300,263,5,212,191,3,Finisher,2384
Hsiang-Ling,Hsieh,Hsiang-Ling Hsieh,1040,F45-49,Female,竹北市,TW-HSQ,Taiwan,TW,0:55:43,3:18:09,2:21:58,,,6:46:17,3343,11889,8518,378,249,24377,213,22,3,249,27,3,245,25,3,213,22,3,Finisher,3027
Ai Ling,Kok,Ai Ling Kok,1057,F50-54,Female,Hsinchu City,HSINCHU,Taiwan,TW,0:58:16,3:12:24,2:25:20,,,6:46:40,3496,11544,8720,488,153,24400,214,23,1,273,33,5,241,24,2,214,23,1,Finisher,3500
Yi-Chun,Huang,Yi-Chun Huang,1046,F45-49,Female,台中市,Taichung City,Taiwan,TW,0:47:27,3:14:12,2:33:01,,,6:48:09,2847,11652,9181,521,288,24489,215,24,4,134,13,1,201,13,1,215,24,4,Finisher,2994
Chung-Wei,Hsieh,Chung-Wei Hsieh,1147,M40-44,Male,台北市,Taipei City,Taiwan,TW,0:56:39,3:11:23,2:26:16,,,6:48:17,3399,11483,8776,539,299,24497,216,192,47,259,230,54,231,209,51,216,192,47,Finisher,1137
Nien Hsin,Tsai,Nien Hsin Tsai,1119,M35-39,Male,高雄市,Kaohsiung City,Taiwan,TW,0:59:34,2:51:19,2:44:18,,,6:48:36,3574,10279,9858,389,416,24516,217,193,27,282,246,36,137,130,22,217,193,27,Finisher,1680
Hsi,Wang,Hsi Wang,1202,M40-44,Male,Bonita,CA,United States,US,0:43:21,3:19:51,2:34:37,,,6:49:39,2601,11991,9277,511,199,24579,218,194,48,68,62,21,210,194,47,218,194,48,Finisher,1113
Li Chih,Pai,Li Chih Pai,1171,M40-44,Male,Taoyuan,Taoyuan City,Taiwan,TW,0:57:07,3:10:49,2:24:10,,,6:50:16,3427,11449,8650,666,423,24616,219,195,49,263,234,55,242,218,53,219,195,49,Finisher,1102
Tang Huang,Wu,Tang Huang Wu,1331,M50-54,Male,新北市,New Taipei City,Taiwan,TW,1:01:26,3:16:09,2:18:04,,,6:50:36,3686,11769,8284,607,290,24636,220,196,22,293,256,29,264,236,25,220,196,22,Finisher,1425
Yu-Cheng,Chang,Yu-Cheng Chang,1094,M30-34,Male,高雄市,Kaohsiung City,Taiwan,TW,0:47:21,3:13:02,2:37:25,,,6:50:47,2841,11582,9445,452,327,24647,221,197,19,133,121,14,182,170,16,221,197,19,Finisher,1465
Chia Jou,Li,Chia Jou Li,1009,F30-34,Female,台中市北屯區,Taichung City,Taiwan,TW,0:51:59,3:25:26,2:19:17,,,6:52:01,3119,12326,8357,588,330,24721,222,25,5,208,21,5,263,28,6,222,25,5,Finisher,2541
Chien Hung,Chen,Chien Hung Chen,1276,M45-49,Male,New Taipei City,NEW TAIPEI,Taiwan,TW,0:38:29,3:17:01,2:42:48,,,6:52:30,2309,11821,9768,519,333,24750,223,198,55,26,26,5,168,156,39,223,198,55,Finisher,1307
Po-Chin,Chang,Po-Chin Chang,1101,M35-39,Male,台中市,TW-TXG,Taiwan,TW,1:04:35,3:02:08,2:28:44,,,6:52:50,3875,10928,8924,632,411,24770,224,199,28,304,264,39,233,210,33,224,199,28,Finisher,1604
Dan-Feng,Chen,Dan-Feng Chen,1010,F30-34,Female,新竹縣竹北市,AS,Taiwan,TW,0:51:52,3:11:28,2:34:18,,,6:53:11,3112,11488,9258,711,221,24791,225,26,6,207,20,4,223,22,5,225,26,6,Finisher,2520
Wei-Chung,Lo,Wei-Chung Lo,1241,M45-49,Male,新北市,New Taipei City,Taiwan,TW,0:47:50,3:14:38,2:37:01,,,6:53:18,2870,11678,9421,483,346,24798,226,200,56,140,127,25,204,190,53,226,200,56,Finisher,1292
Len,Yang,Len Yang,1288,M45-49,Male,Taipei,Taipei City,Taiwan,TW,0:51:01,3:03:44,2:38:18,,,6:53:25,3061,11024,9498,647,575,24805,227,201,57,190,171,42,172,160,42,227,201,57,Finisher,1290
Karen,Tsai,Karen Tsai,1049,F50-54,Female,台北市,Taipei City,Taiwan,TW,0:41:47,3:20:12,2:35:14,,,6:54:17,2507,12012,9314,637,387,24857,228,27,2,49,3,1,216,20,1,228,27,2,Finisher,3362
Chuan-Yu,Liu,Chuan-Yu Liu,1345,M50-54,Male,前鎮區,Kaohsiung City,Taiwan,TW,0:46:18,3:11:05,2:44:16,,,6:54:24,2778,11465,9856,355,410,24864,229,202,23,114,106,11,163,151,15,229,202,23,Finisher,1357
William,Tsai,William Tsai,1285,M45-49,Male,台北市,TW-TPE,Taiwan,TW,0:52:54,3:09:37,2:38:40,,,6:55:29,3174,11377,9520,560,298,24929,230,203,58,220,198,54,211,195,54,230,203,58,Finisher,1253
Chieh,Yang,Chieh Yang,1367,M55-59,Male,台北市,Taipei City,Taiwan,TW,0:46:07,3:14:18,2:42:13,,,6:55:41,2767,11658,9733,491,292,24941,231,204,8,110,102,6,188,176,6,231,204,8,Finisher,2082
Li lin,Yu,Li lin Yu,1107,M35-39,Male,台中,BC,Taiwan,TW,0:50:25,3:07:12,2:46:57,,,6:56:21,3025,11232,10017,494,212,24981,232,205,29,179,161,25,174,162,28,232,205,29,Finisher,1540
Lin,Chien Feng,Lin Chien Feng,1184,M40-44,Male,新北市林口區,New Taipei City,Taiwan,TW,0:49:08,3:10:51,2:44:38,,,6:56:36,2948,11451,9878,414,305,24996,233,206,50,157,143,41,176,164,43,233,206,50,Finisher,988
William,Di Nardo,William Di Nardo,1146,M40-44,Male,taipei,Taipei City,Italy,IT,0:42:00,3:21:01,2:35:32,,,6:57:09,2520,12061,9332,584,532,25029,234,207,51,54,51,15,217,197,48,234,207,51,Finisher,978
Rex,Huang,Rex Huang,1126,M35-39,Male,雲林縣東勢鄉富農南路26巷36號,,Taiwan,TW,0:56:00,3:01:10,2:40:23,,,6:57:34,3360,10870,9623,728,474,25054,235,208,30,253,225,33,193,181,30,235,208,30,Finisher,1518
Wenchuan,Chiou,Wenchuan Chiou,1261,M45-49,Male,台中市,Taichung City,Taiwan,TW,0:54:06,3:22:22,2:27:31,,,6:57:58,3246,12142,8851,586,253,25078,236,209,59,233,209,61,262,235,72,236,209,59,Finisher,1208
Chiu Sheng,Lan,Chiu Sheng Lan,1127,M35-39,Male,台灣,Taichung City,Taiwan,TW,0:38:12,3:09:56,3:00:42,,,6:58:27,2292,11396,10842,374,203,25107,237,210,31,25,25,6,122,115,19,237,210,31,Finisher,1502
Chiahsiang,Shen,Chiahsiang Shen,1283,M45-49,Male,高雄市,TW-KHH,Taiwan,TW,1:03:33,3:25:09,2:18:55,,,7:02:35,3813,12309,8335,473,425,25355,238,211,60,301,262,79,276,243,75,238,211,60,Finisher,1125
Ming Hsiang,Li,Ming Hsiang Li,1141,M35-39,Male,新竹市,,Taiwan,TW,1:00:15,3:13:50,2:34:54,,,7:03:22,3615,11630,9294,604,259,25402,239,212,32,284,248,37,256,229,34,239,212,32,Finisher,1414
Jo Lan,Lung,Jo Lan Lung,1059,F60-64,Female,屏東市,,Taiwan,TW,0:49:48,3:28:40,2:28:11,,,7:03:29,2988,12520,8891,699,311,25409,240,28,1,168,17,1,266,29,1,240,28,1,Finisher,3500
Chi Yu,Yang,Chi Yu Yang,1133,M35-39,Male,彰化縣員林市民族街23-2號,,Taiwan,TW,0:49:00,3:19:54,2:40:51,,,7:03:34,2940,11994,9651,417,412,25414,241,213,33,156,142,22,226,204,32,241,213,33,Finisher,1410
Ming Che,Liu,Ming Che Liu,1296,M45-49,Male,New Taipei,New Taipei City,Taiwan,TW,0:51:24,3:13:37,2:43:57,,,7:03:40,3084,11617,9837,537,345,25420,242,214,61,197,178,46,220,200,56,242,214,61,Finisher,1106
Kaiyueh,Chen,Kaiyueh Chen,1012,F35-39,Female,高雄市鳳山區,Kaohsiung City,Taiwan,TW,0:57:33,3:27:29,2:21:56,,,7:04:08,3453,12449,8516,616,414,25448,243,29,10,269,31,10,273,32,11,243,29,10,Finisher,1569
Kai Ti,Chen,Kai Ti Chen,1115,M35-39,Male,桃園市,Taoyuan City,Taiwan,TW,0:59:07,3:29:03,2:22:27,,,7:04:25,3547,12543,8547,458,369,25465,244,215,34,279,244,35,274,242,35,244,215,34,Finisher,1395
Peter,Yen,Peter Yen,1362,M55-59,Male,台北市,Taipei City,Taiwan,TW,0:48:11,3:12:58,2:48:50,,,7:04:46,2891,11578,10130,543,344,25486,245,216,9,149,135,9,199,187,8,245,216,9,Finisher,1919
Rachel,Pratt,Rachel Pratt,1011,F30-34,Female,Oberrieden,,United States,US,0:57:10,3:41:41,2:16:42,,,7:04:48,3430,13301,8202,414,141,25488,246,30,7,264,30,6,296,36,8,246,30,7,Finisher,2311
Chia-Li,Huang,Chia-Li Huang,1053,F50-54,Female,新北市,New Taipei City,Taiwan,TW,1:09:38,3:14:16,2:23:55,,,7:05:05,4178,11656,8635,734,303,25505,247,31,3,317,44,8,275,33,3,247,31,3,Finisher,3168
Chih-Chiang,Chen,Chih-Chiang Chen,1368,M60-64,Male,彰化縣,,Taiwan,TW,0:59:27,3:10:19,2:40:40,,,7:05:06,3567,11419,9640,646,234,25506,248,217,4,280,245,3,247,222,3,248,217,4,Finisher,2042
CHIEN CHENG,CHEN,CHIEN CHENG CHEN,1164,M40-44,Male,新北市林口區,TW-NWT,Taiwan,TW,0:46:31,3:23:04,2:42:21,,,7:06:23,2791,12184,9741,540,327,25583,249,218,52,120,111,33,238,215,52,249,218,52,Finisher,812
Shih-Ming,Hung,Shih-Ming Hung,1148,M40-44,Male,新北市板橋區,New Taipei City,Taiwan,TW,0:53:51,3:26:34,2:22:56,,,7:06:39,3231,12394,8576,706,692,25599,250,219,53,228,206,51,269,240,55,250,219,53,Finisher,807
Chih-Han,Yang,Chih-Han Yang,1016,F35-39,Female,台北市,Taipei City,Taiwan,TW,0:49:42,3:16:15,2:44:47,,,7:07:22,2982,11775,9887,675,324,25642,251,32,11,166,15,8,232,23,9,251,32,11,Finisher,1511
Dk,Lee,Dk Lee,1252,M45-49,Male,台北市,Taipei City,Taiwan,TW,0:51:30,3:16:37,2:37:03,,,7:07:48,3090,11797,9423,803,555,25668,252,220,62,198,179,47,251,225,68,252,220,62,Finisher,1031
Yi Wei,Lee,Yi Wei Lee,1182,M40-44,Male,西屯區,Taichung City,Taiwan,TW,0:49:52,3:17:07,2:45:29,,,7:08:03,2992,11827,9929,564,372,25683,253,221,54,170,153,43,228,206,50,253,221,54,Finisher,782
Wei-Jen,Lo,Wei-Jen Lo,1254,M45-49,Male,頭份市,,Taiwan,TW,0:51:34,3:08:03,2:47:03,,,7:08:23,3094,11283,10023,571,732,25703,254,222,63,199,180,48,192,180,49,254,222,63,Finisher,1021
Yan,Shen,Yan Shen,1271,M45-49,Male,新北市,New Taipei City,Taiwan,TW,0:57:29,3:22:43,2:34:16,,,7:11:10,3449,12163,9256,634,368,25870,255,223,64,268,238,73,268,239,73,255,223,64,Finisher,971
Wuga,Wu,Wuga Wu,1332,M50-54,Male,新北市汐止區,New Taipei City,Taiwan,TW,0:49:24,3:25:44,2:36:27,,,7:11:14,2964,12344,9387,654,525,25874,256,224,24,162,148,17,261,234,24,256,224,24,Finisher,1054
Ying-Kai,Chen,Ying-Kai Chen,1220,M45-49,Male,新北市,New Taipei City,Taiwan,TW,0:51:44,3:43:53,2:20:27,,,7:12:32,3104,13433,8427,599,389,25952,257,225,65,205,186,50,294,259,78,257,225,65,Finisher,946
Liang,Chiu Ming,Liang Chiu Ming,1320,M50-54,Male,高雄市,TW-KHH,Taiwan,TW,0:52:26,3:22:04,2:41:42,,,7:12:45,3146,12124,9702,626,367,25965,258,226,25,213,192,20,259,232,23,258,226,25,Finisher,1026
Penghsun,Lu,Penghsun Lu,1080,M30-34,Male,台北市,Taipei City,Taiwan,TW,0:45:29,3:07:52,2:59:03,,,7:12:45,2729,11272,10743,761,460,25965,259,227,20,98,91,10,175,163,15,259,227,20,Finisher,1070
Yuichi,Koto,Yuichi Koto,1293,M45-49,Male,Taichung,Taichung City,Taiwan,TW,0:46:18,2:52:00,3:19:47,,,7:13:53,2778,10320,11987,551,398,26033,260,228,66,113,105,19,91,85,17,260,228,66,Finisher,922
Lin,Hsiumin,Lin Hsiumin,1291,M45-49,Male,台北市北投區,Taipei City,Taiwan,TW,0:50:49,3:38:02,2:22:53,,,7:14:02,3049,13082,8573,1007,331,26042,261,229,67,185,166,38,295,260,79,261,229,67,Finisher,919
Yi-Chen,Chiu,Yi-Chen Chiu,1339,M50-54,Male,台北市,Taipei City,Taiwan,TW,0:58:59,3:25:22,2:32:57,,,7:14:54,3539,12322,9177,756,300,26094,262,230,26,277,242,24,279,246,27,262,230,26,Finisher,988
Hsin,Hsieh,Hsin Hsieh,1381,M45-49,Male,Hualien,,Taiwan,TW,0:53:41,3:16:30,2:54:04,,,7:16:38,3221,11790,10444,513,231,26198,263,231,68,227,205,59,240,217,65,263,231,68,Finisher,872
Tien lung,Huang,Tien lung Huang,1228,M45-49,Male,台中市,TW-TXG,Taiwan,TW,0:51:34,3:29:29,2:36:10,,,7:16:40,3094,12569,9370,834,332,26200,264,232,69,200,181,49,272,241,74,264,232,69,Finisher,872
Carol,Wong,Carol Wong,1056,F50-54,Female,台北市,Taipei City,Taiwan,TW,0:54:02,3:41:19,2:25:44,,,7:17:22,3242,13279,8744,696,280,26242,265,33,4,230,23,2,298,37,5,265,33,4,Finisher,2947
Janines,Liu,Janines Liu,1055,F50-54,Female,台北市,Taipei City,Taiwan,TW,0:55:12,3:40:23,2:24:50,,,7:17:54,3312,13223,8690,546,503,26274,266,34,5,244,25,3,293,35,4,266,34,5,Finisher,2937
Kurt,Chiang,Kurt Chiang,1246,M45-49,Male,New Taipei City,New Taipei City,Taiwan,TW,1:01:08,3:08:00,2:47:49,,,7:17:58,3668,11280,10069,739,522,26278,267,233,70,290,253,76,250,224,67,267,233,70,Finisher,848
Jyh Young,Tsai,Jyh Young Tsai,1354,M55-59,Male,台北市,TW-TPE,Taiwan,TW,0:46:59,3:42:05,2:30:41,,,7:18:11,2819,13325,9041,651,456,26291,268,234,10,128,116,7,285,252,11,268,234,10,Finisher,1677
Tee Yao,Yeo,Tee Yao Yeo,1303,M45-49,Male,Taipei,Taipei City,Singapore,SG,0:55:46,3:11:34,2:54:58,,,7:18:35,3346,11494,10498,639,338,26315,269,235,71,250,223,67,236,213,63,269,235,71,Finisher,837
Hsuanyu,Chen,Hsuanyu Chen,1278,M45-49,Male,高雄市三民區,Kaohsiung City,Taiwan,TW,0:49:35,3:10:39,2:55:33,,,7:18:53,2975,11439,10533,612,774,26333,270,236,72,164,150,31,202,189,52,270,236,72,Finisher,832
Kai-Hsiang,Wu,Kai-Hsiang Wu,1081,M30-34,Male,臺北市,Taipei City,Taiwan,TW,1:07:14,3:27:40,2:33:19,,,7:20:13,4034,12460,9199,454,265,26413,271,237,21,311,269,23,289,255,23,271,237,21,Finisher,935
Michelle,Liao,Michelle Liao,1054,F50-54,Female,台北市,Taipei City,Taiwan,TW,1:02:25,3:43:18,2:19:52,,,7:20:40,3745,13398,8392,576,328,26440,272,35,6,297,38,7,306,40,7,272,35,6,Finisher,2888
Wen Jei,Huang,Wen Jei Huang,1309,M50-54,Male,台中市,Taichung City,Taiwan,TW,0:52:32,3:16:01,2:57:45,,,7:21:47,3152,11761,10665,674,256,26507,273,238,27,214,193,21,243,219,21,273,238,27,Finisher,864
Chihwei,Hu,Chihwei Hu,1325,M50-54,Male,桃園區,Taoyuan City,Taiwan,TW,0:50:17,3:23:58,2:56:18,,,7:22:18,3017,12238,10578,528,177,26538,274,239,28,177,160,19,255,228,22,274,239,28,Finisher,854
Hsin Yi,Huang,Hsin Yi Huang,1045,F45-49,Female,台北市,Taipei City,Taiwan,TW,1:02:28,3:21:17,2:42:39,,,7:22:37,3748,12077,9759,591,383,26557,275,36,5,298,39,6,271,31,5,275,36,5,Finisher,2373
Black,Panther,Black Panther,1275,M45-49,Male,台中市,Taichung City,Taiwan,TW,0:53:32,3:12:27,2:58:43,,,7:22:44,3212,11547,10723,569,513,26564,276,240,73,226,204,58,225,203,58,276,240,73,Finisher,763
Kuo Fu,Cheng,Kuo Fu Cheng,1144,M40-44,Male,高雄市,Kaohsiung City,Taiwan,TW,0:51:39,3:23:17,2:54:58,,,7:23:09,3099,12197,10498,379,415,26589,277,241,55,201,182,48,249,223,54,277,241,55,Finisher,700
CHONG YIE,CHANG,CHONG YIE CHANG,1243,M45-49,Male,Hsinchu City,,Taiwan,TW,0:51:03,3:16:02,3:01:50,,,7:24:31,3063,11762,10910,647,289,26671,278,242,74,192,173,43,235,212,62,278,242,74,Finisher,731
Wei-Chou,Lu,Wei-Chou Lu,1374,M60-64,Male,台中市西屯區,Taichung City,Taiwan,TW,1:07:33,3:25:59,2:40:30,,,7:25:17,4053,12359,9630,422,252,26717,279,243,5,314,271,6,286,253,4,279,243,5,Finisher,1678
Dengsong,Chiou,Dengsong Chiou,1372,M60-64,Male,新北市,New Taipei City,Taiwan,TW,1:05:38,3:42:39,2:21:25,,,7:25:28,3938,13359,8485,647,299,26728,280,244,6,308,266,4,311,269,6,280,244,6,Finisher,1675
Wei Yi,Chen,Wei Yi Chen,1044,F45-49,Female,苗栗縣,,Taiwan,TW,1:05:35,3:40:46,2:21:59,,,7:26:39,3935,13246,8519,689,410,26799,281,37,6,306,42,8,308,41,7,281,37,6,Finisher,2301
Jie Jin,Lu,Jie Jin Lu,1083,M30-34,Male,台南市,Tainan City,Taiwan,TW,0:52:42,3:13:17,3:06:16,,,7:29:23,3162,11597,11176,634,394,26963,282,245,22,218,196,17,229,207,20,282,245,22,Finisher,770
Mei Chen,Lin,Mei Chen Lin,1008,F30-34,Female,嘉義市,,Taiwan,TW,0:58:05,3:21:10,2:50:20,,,7:29:55,3485,12070,10220,787,433,26995,283,38,8,272,32,7,270,30,7,283,38,8,Finisher,1859
Ping Kuen Daniel,Tsang,Ping Kuen Daniel Tsang,1105,M35-39,Male,Taoyuan,Taoyuan City,Hong Kong,HK,0:46:15,3:17:43,3:09:34,,,7:31:53,2775,11863,11374,590,511,27113,284,246,35,112,104,16,219,199,31,284,246,35,Finisher,901
Cheng-Tsung,She,Cheng-Tsung She,1155,M40-44,Male,蘆洲區,New Taipei City,Taiwan,TW,1:06:33,3:20:05,2:49:59,,,7:34:18,3993,12005,10199,667,393,27258,285,247,56,310,268,59,281,248,56,285,247,56,Finisher,700
Chen-Yung,Chang,Chen-Yung Chang,1289,M45-49,Male,員林市,CHANGHUA,Taiwan,TW,0:51:00,3:19:52,3:10:45,,,7:35:57,3060,11992,11445,538,321,27357,286,248,75,189,170,41,244,220,66,286,248,75,Finisher,700
Kun-Wan,Lu,Kun-Wan Lu,1377,M65-69,Male,彰化市,,Taiwan,TW,1:01:05,3:10:51,3:11:41,,,7:39:07,3665,11451,11501,663,267,27547,287,249,3,289,252,3,254,227,3,287,249,3,Finisher,1814
Chien Ting,Lin,Chien Ting Lin,1036,F40-44,Female,新北市中和區,New Taipei City,Taiwan,TW,0:49:43,3:55:19,2:38:04,,,7:42:51,2983,14119,9484,806,379,27771,288,39,4,167,16,1,309,42,4,288,39,4,Finisher,2225
Ku,CHENG Huan,Ku CHENG Huan,1109,M35-39,Male,屏東縣,TW-PIF,Taiwan,TW,0:54:19,3:56:16,2:39:56,,,7:43:18,3259,14176,9596,498,268,27798,289,250,36,238,214,31,310,268,40,289,250,36,Finisher,700
Michella,Weng,Michella Weng,1034,F40-44,Female,Taipei,Taipei City,Taiwan,TW,1:07:17,3:52:22,2:33:10,,,7:46:21,4037,13942,9190,515,297,27981,290,40,5,312,43,5,317,45,5,290,40,5,Finisher,2162
Tien,Jui Chan,Tien Jui Chan,1284,M45-49,Male,台南市,Tainan City,Taiwan,TW,0:51:14,3:22:52,3:15:06,,,7:46:34,3074,12172,11706,635,406,27994,291,251,76,195,176,45,258,231,70,291,251,76,Finisher,700
Emil,Chang,Emil Chang,1216,M45-49,Male,台南市東區,Tainan City,Taiwan,TW,0:54:41,3:20:28,3:15:12,,,7:47:34,3281,12028,11712,598,434,28054,292,252,77,240,216,66,260,233,71,292,252,77,Finisher,700
Ming Hung,Chen,Ming Hung Chen,1333,M50-54,Male,屏東縣內埔鄉,,Taiwan,TW,0:45:30,3:40:17,3:04:15,,,7:49:14,2730,13217,11055,690,462,28154,293,253,29,99,92,10,280,247,28,293,253,29,Finisher,700
Tzu-Yi,Hsiang,Tzu-Yi Hsiang,1168,M40-44,Male,台中市,Taichung City,Taiwan,TW,0:49:56,3:48:57,2:50:28,,,7:49:46,2996,13737,10228,832,393,28186,294,254,57,172,155,44,304,266,59,294,254,57,Finisher,700
CHING YEN,CHANG,CHING YEN CHANG,1013,F35-39,Female,台北市,Taipei City,Taiwan,TW,1:09:43,3:35:44,2:52:50,,,7:51:09,4183,12944,10370,512,260,28269,295,41,12,318,45,12,305,39,12,295,41,12,Finisher,723
Mark,Ku,Mark Ku,1089,M30-34,Male,楊梅市,TW-TAO,Taiwan,TW,0:57:23,3:17:35,3:21:35,,,7:53:00,3443,11855,12095,577,410,28380,296,255,23,266,236,22,257,230,22,296,255,23,Finisher,700
Shiuan,Lin,Shiuan Lin,1111,M35-39,Male,台中市,Taichung City,Taiwan,TW,1:02:08,3:23:44,3:12:03,,,7:55:36,3728,12224,11523,657,404,28536,297,256,37,295,258,38,278,245,36,297,256,37,Finisher,700
Lucas,Lin,Lucas Lin,1342,M50-54,Male,台北市,Taipei City,Taiwan,TW,1:08:48,3:39:22,2:46:03,,,7:55:51,4128,13162,9963,854,443,28551,298,257,30,316,273,33,314,271,33,298,257,30,Finisher,700
Maggie,Hsiao,Maggie Hsiao,1048,F50-54,Female,台北市,Taipei City,Taiwan,TW,0:56:08,3:42:34,3:01:19,,,7:56:16,3368,13354,10879,628,347,28576,299,42,7,254,29,4,302,38,6,299,42,7,Finisher,2247
Yu,Chiang,Yu Chiang,1338,M50-54,Male,台北市,Taipei City,Taiwan,TW,1:05:35,3:30:12,3:04:35,,,7:57:51,3935,12612,11075,705,343,28671,300,258,31,307,265,32,299,262,32,300,258,31,Finisher,700
Pai-Yen,Chou,Pai-Yen Chou,1222,M45-49,Male,台中市,Taichung City,Taiwan,TW,0:56:44,3:36:58,3:11:00,,,7:59:19,3404,13018,11460,648,229,28759,301,259,78,260,231,70,291,257,77,301,259,78,Finisher,700
Ijen,Wang,Ijen Wang,1039,F45-49,Female,台北市大安區,臺北市,Taiwan,TW,0:56:00,3:36:16,3:13:47,,,7:59:49,3360,12976,11627,537,289,28789,302,43,7,252,28,4,287,34,6,302,43,7,Finisher,1704
MINHSIUNG,YU,MINHSIUNG YU,1204,M40-44,Male,台北市,TW-TPE,Taiwan,TW,1:02:03,3:33:21,3:04:51,,,8:00:29,3723,12801,11091,788,426,28829,303,260,58,294,257,58,301,264,58,303,260,58,Finisher,700
HungYu,Yang,HungYu Yang,1113,M35-39,Male,新北市,TW-NWT,Taiwan,TW,0:48:00,3:44:28,3:06:00,,,8:00:33,2880,13468,11160,727,598,28833,304,261,38,142,129,19,292,258,38,304,261,38,Finisher,700
Hung Chang,Tsai,Hung Chang Tsai,1366,M55-59,Male,台北市,Taipei City,Taiwan,TW,1:02:10,3:30:31,3:09:22,,,8:01:14,3730,12631,11362,583,568,28874,305,262,11,296,259,14,288,254,12,305,262,11,Finisher,902
Tien-Chieh,Chen,Tien-Chieh Chen,1209,M40-44,Male,台北市,Taipei City,Taiwan,TW,0:57:48,3:30:15,3:14:43,,,8:01:53,3468,12615,11683,616,532,28913,306,263,59,270,239,57,284,251,57,306,263,59,Finisher,700
Martin,Feuerhahn,Martin Feuerhahn,1347,M55-59,Male,Taipei,TW-TPE,Germany,DE,0:55:51,3:59:37,2:50:04,,,8:02:34,3351,14377,10204,699,323,28954,307,264,12,251,224,13,316,272,14,307,264,12,Finisher,878
Wen Ting,Wang,Wen Ting Wang,1143,M35-39,Male,台中市,Taichung City,Taiwan,TW,0:58:24,3:41:55,3:13:32,,,8:07:25,3504,13315,11612,565,250,29245,308,265,39,275,241,34,303,265,39,308,265,39,Finisher,700
Chiawei,Chang,Chiawei Chang,1137,M35-39,Male,台中市,Taichung City,Taiwan,TW,1:08:25,3:25:37,3:18:31,,,8:07:57,4105,12337,11911,583,340,29277,309,266,40,315,272,40,290,256,37,309,266,40,Finisher,700
Yi Chun,CHEN,Yi Chun CHEN,1047,F45-49,Female,chai-i,,Taiwan,TW,1:04:24,3:43:16,3:03:03,,,8:11:52,3864,13396,10983,807,463,29512,310,44,8,303,40,7,313,43,8,310,44,8,Finisher,1487
Kuang Long,Lin,Kuang Long Lin,1236,M45-49,Male,新竹市,,Taiwan,TW,0:54:11,3:49:07,3:00:21,,,8:12:14,3251,13747,10821,853,863,29534,311,267,79,236,212,64,307,267,80,311,267,79,Finisher,700
Li Wen,Chu,Li Wen Chu,1051,F50-54,Female,台北市,Taipei City,Taiwan,TW,1:00:41,3:50:41,3:01:49,,,8:13:15,3641,13841,10909,807,397,29595,312,45,8,287,37,6,315,44,8,312,45,8,Finisher,1941
CHENG-CHUN,HUNG,CHENG-CHUN HUNG,1359,M55-59,Male,澎湖縣馬公市,TW-PEN,Taiwan,TW,0:45:25,3:57:10,3:05:32,,,8:14:16,2725,14230,11132,1031,538,29656,313,268,13,97,90,3,312,270,13,313,268,13,Finisher,700
TA TENG,PENG,TA TENG PENG,1298,M45-49,Male,新北市,TW-NWT,Taiwan,TW,1:07:18,3:51:40,2:59:36,,,8:17:49,4038,13900,10776,657,498,29869,314,269,80,313,270,81,318,273,81,314,269,80,Finisher,700
Chih Wei,Chen,Chih Wei Chen,1217,M45-49,Male,台北市,Taipei City,Taiwan,TW,0:57:57,3:29:52,3:34:56,,,8:18:25,3477,12592,12896,538,402,29905,315,270,81,271,240,74,277,244,76,315,270,81,Finisher,700
Rambo,Zhou,Rambo Zhou,1315,M50-54,Male,Taichung,Taichung City,Taiwan,TW,1:02:53,3:24:55,3:36:29,,,8:19:05,3773,12295,12989,605,283,29945,316,271,32,300,261,31,283,250,30,316,271,32,Finisher,700
Wei Li,Kuo,Wei Li Kuo,1365,M55-59,Male,台南市,Tainan City,Taiwan,TW,0:50:12,3:29:23,3:42:39,,,8:19:33,3012,12563,13359,658,381,29973,317,272,14,175,158,10,267,238,10,317,272,14,Finisher,700
Stephen,Chou,Stephen Chou,1314,M50-54,Male,新北市,New Taipei City,Taiwan,TW,1:00:02,3:32:44,3:27:17,,,8:20:32,3602,12764,12437,808,421,30032,318,273,33,283,247,26,297,261,31,318,273,33,Finisher,700
hsieh lin,yun hsien,hsieh lin yun hsien,1031,F40-44,Female,台北市,TW-TPE,Taiwan,TW,1:09:46,4:02:49,3:00:45,,,8:23:51,4186,14569,10845,457,174,30231,319,46,6,319,46,6,319,46,6,319,46,6,Finisher,1487
Vivian,Huang,Vivian Huang,1035,F40-44,Female,台北市,Taipei City,Taiwan,TW,1:11:35,,,,,,4295,0,0,0,0,0,99999,99999,99999,99999,99999,99999,99999,99999,99999,99999,99999,99999,DNF,0
Robert,LIN,Robert LIN,1152,M40-44,Male,彰化線線西鄉,TW-CHA,Taiwan,TW,1:11:51,,,,,,4311,0,0,0,0,0,99999,99999,99999,99999,99999,99999,99999,99999,99999,99999,99999,99999,DNF,0
Ming Yi,Chan,Ming Yi Chan,1114,M35-39,Male,新北市,New Taipei City,Taiwan,TW,1:10:37,3:55:04,,,,,4237,14104,0,569,289,0,99999,99999,99999,99999,99999,99999,99999,99999,99999,99999,99999,99999,DNF,0
Daniele,Mazzola,Daniele Mazzola,1361,M55-59,Male,Montagnola,,Switzerland,CH,,,,,,,0,0,0,0,0,0,99999,99999,99999,99999,99999,99999,99999,99999,99999,99999,99999,99999,DNS,0
R.Z.,Chen,R.Z. Chen,1218,M45-49,Male,台北市內湖區,Taipei City,Taiwan,TW,1:10:18,3:16:31,2:25:09,,,7:10:27,4218,11791,8709,733,376,25827,99999,99999,99999,99999,99999,99999,99999,99999,99999,99999,99999,99999,DNF,0
Chin-Shiang,Lin,Chin-Shiang Lin,1253,M45-49,Male,新北市汐止區,New Taipei City,Taiwan,TW,,,,,,,0,0,0,0,0,0,99999,99999,99999,99999,99999,99999,99999,99999,99999,99999,99999,99999,DNS,0
Ching Ching,Tsao,Ching Ching Tsao,1038,F45-49,Female,高雄市,Kaohsiung City,Taiwan,TW,1:10:46,3:39:29,3:07:02,,,8:13:04,4246,13169,11222,597,350,29584,99999,99999,99999,99999,99999,99999,99999,99999,99999,99999,99999,99999,DNF,0
Tse-Chun,Chuang,Tse-Chun Chuang,1249,M45-49,Male,新北市中和區,New Taipei City,Taiwan,TW,0:36:44,3:34:26,2:23:05,,,7:10:45,2204,12866,8585,1264,926,25845,99999,99999,99999,99999,99999,99999,99999,99999,99999,99999,99999,99999,DNF,0
Carson,Christen,Carson Christen,10,M30-34,Male,Muskego,WI,United States,US,,,,,,,0,0,0,0,0,0,99999,99999,99999,99999,99999,99999,99999,99999,99999,99999,99999,99999,DNS,0
Frank,Lo,Frank Lo,1130,M35-39,Male,台中市,Taichung City,Taiwan,TW,,,,,,,0,0,0,0,0,0,99999,99999,99999,99999,99999,99999,99999,99999,99999,99999,99999,99999,DNS,0
Calvin,Chen,Calvin Chen,1219,M45-49,Male,Taipei,Taipei City,Taiwan,TW,0:36:44,3:35:16,,,,,2204,12916,0,1265,876,0,99999,99999,99999,99999,99999,99999,99999,99999,99999,99999,99999,99999,DNF,0
Ping-Chien,Chen,Ping-Chien Chen,1277,M45-49,Male,台北市,Taipei City,Taiwan,TW,1:14:17,4:23:53,,,,,4457,15833,0,325,0,0,99999,99999,99999,99999,99999,99999,99999,99999,99999,99999,99999,99999,DNF,0
Ching Wen,Yeh,Ching Wen Yeh,1323,M50-54,Male,台北市,Taipei City,Taiwan,TW,1:11:09,,,,,,4269,0,0,0,0,0,99999,99999,99999,99999,99999,99999,99999,99999,99999,99999,99999,99999,DNF,0
SHIHWEI,CHEN,SHIHWEI CHEN,1165,M40-44,Male,台北市,TW-TPE,Taiwan,TW,,,,,,,0,0,0,0,0,0,99999,99999,99999,99999,99999,99999,99999,99999,99999,99999,99999,99999,DNS,0
Shumin,My,Shumin My,1032,F40-44,Female,鳳山區,Kaohsiung City,Taiwan,TW,,,,,,,0,0,0,0,0,0,99999,99999,99999,99999,99999,99999,99999,99999,99999,99999,99999,99999,DNS,0
Hsin-Jung,Huang,Hsin-Jung Huang,1349,M55-59,Male,台中市,Taichung City,Taiwan,TW,1:11:06,,,,,,4266,0,0,0,0,0,99999,99999,99999,99999,99999,99999,99999,99999,99999,99999,99999,99999,DNF,0
Ming Yu,Li,Ming Yu Li,1353,M55-59,Male,台中市,Taichung City,Taiwan,TW,,,,,,,0,0,0,0,0,0,99999,99999,99999,99999,99999,99999,99999,99999,99999,99999,99999,99999,DNS,0
Ching Li,Huang,Ching Li Huang,1212,M40-44,Male,台中市,TW-TXG,Taiwan,TW,1:00:23,4:21:10,,,,,3623,15670,0,804,61,0,99999,99999,99999,99999,99999,99999,99999,99999,99999,99999,99999,99999,DNF,0
Kai-Hao,Lin,Kai-Hao Lin,1079,M30-34,Male,台中市,Taichung City,Taiwan,TW,0:49:17,3:59:04,,,,,2957,14344,0,612,217,0,99999,99999,99999,99999,99999,99999,99999,99999,99999,99999,99999,99999,DNF,0
Dong Han,Lee,Dong Han Lee,1234,M45-49,Male,新北市,New Taipei City,Taiwan,TW,,,,,,,0,0,0,0,0,0,99999,99999,99999,99999,99999,99999,99999,99999,99999,99999,99999,99999,DNS,0
Jimmy YK,Chau,Jimmy YK Chau,1371,M60-64,Male,Hong Kong,GB-ENG,Hong Kong,HK,,,,,,,0,0,0,0,0,0,99999,99999,99999,99999,99999,99999,99999,99999,99999,99999,99999,99999,DNS,0
Sabrina,Wang,Sabrina Wang,1042,F45-49,Female,台北市,Taipei City,Taiwan,TW,0:44:36,,,,,5:44:10,2676,0,0,454,0,20650,99999,99999,99999,99999,99999,99999,99999,99999,99999,99999,99999,99999,DNF,0
Po Chun,Huang,Po Chun Huang,1071,M25-29,Male,高雄市,Kaohsiung City,Taiwan,TW,1:04:08,3:29:32,,,,,3848,12572,0,520,882,0,99999,99999,99999,99999,99999,99999,99999,99999,99999,99999,99999,99999,DNF,0
Ken,Chen,Ken Chen,1162,M40-44,Male,新北市,New Taipei City,Taiwan,TW,1:15:15,,,,,,4515,0,0,0,0,0,99999,99999,99999,99999,99999,99999,99999,99999,99999,99999,99999,99999,DNF,0
Yung-Hsin,Chen,Yung-Hsin Chen,1357,M55-59,Male,台北市,Taipei City,Taiwan,TW,,,,,,,0,0,0,0,0,0,99999,99999,99999,99999,99999,99999,99999,99999,99999,99999,99999,99999,DNS,0
Cola,Hsu,Cola Hsu,1116,M35-39,Male,台中市,Taichung City,Taiwan,TW,0:38:58,3:41:40,3:09:04,,,7:48:00,2338,13300,11344,685,414,28080,99999,99999,99999,99999,99999,99999,99999,99999,99999,99999,99999,99999,DNF,0
Hua,Ning,Hua Ning,1033,F40-44,Female,台北市士林區,Taipei City,Taiwan,TW,1:14:53,,,,,,4493,0,0,0,0,0,99999,99999,99999,99999,99999,99999,99999,99999,99999,99999,99999,99999,DNF,0
May,Tseng,May Tseng,1041,F45-49,Female,TAIPEI,New Taipei City,Taiwan,TW,0:44:36,3:37:06,2:04:19,,,6:52:13,2676,13026,7459,814,758,24733,99999,99999,99999,99999,99999,99999,99999,99999,99999,99999,99999,99999,DNF,0
Kuochou,Liu,Kuochou Liu,1269,M45-49,Male,苗栗縣竹南鎮,,Taiwan,TW,,,,,,,0,0,0,0,0,0,99999,99999,99999,99999,99999,99999,99999,99999,99999,99999,99999,99999,DNS,0
Yousef,Alshatti,Yousef Alshatti,1135,M35-39,Male,Shamiya,Kuwait,Kuwait,KW,,,,,,,0,0,0,0,0,0,99999,99999,99999,99999,99999,99999,99999,99999,99999,99999,99999,99999,DNS,0
Shinguen,Kim,Shinguen Kim,1251,M45-49,Male,台北市,Taipei City,South Korea,KR,0:48:29,4:02:35,,,,,2909,14555,0,785,2208,0,99999,99999,99999,99999,99999,99999,99999,99999,99999,99999,99999,99999,DNF,0
Fei,Kuo,Fei Kuo,1001,F25-29,Female,新北市,New Taipei City,Taiwan,TW,,,,,,,0,0,0,0,0,0,99999,99999,99999,99999,99999,99999,99999,99999,99999,99999,99999,99999,DNS,0
Yuan-Mao,Liang,Yuan-Mao Liang,1360,M55-59,Male,彰化縣,,Taiwan,TW,1:02:33,3:04:23,2:12:03,,,6:40:23,3753,11063,7923,913,372,24023,99999,99999,99999,99999,99999,99999,99999,99999,99999,99999,99999,99999,DNF,0
Allen,Ting,Allen Ting,1363,M55-59,Male,台中市,Taichung City,Taiwan,TW,0:44:36,3:53:52,,,,,2676,14032,0,522,807,0,99999,99999,99999,99999,99999,99999,99999,99999,99999,99999,99999,99999,DNF,0
Atsushi,Ito,Atsushi Ito,1076,M30-34,Male,神戸市西区学園西町,兵庫県,Japan,JP,,,,,,,0,0,0,0,0,0,99999,99999,99999,99999,99999,99999,99999,99999,99999,99999,99999,99999,DNS,0
Abdullah F.,Alali,Abdullah F. Alali,1069,M25-29,Male,Andalous,Farwaniya,Kuwait,KW,,,,,,,0,0,0,0,0,0,99999,99999,99999,99999,99999,99999,99999,99999,99999,99999,99999,99999,DNS,0
Hui Lin,Duan,Hui Lin Duan,1026,F40-44,Female,新北市,TW-NWT,Taiwan,TW,1:12:33,,,,,,4353,0,0,0,0,0,99999,99999,99999,99999,99999,99999,99999,99999,99999,99999,99999,99999,DNF,0
Tsung-Hung,Lin,Tsung-Hung Lin,1370,M60-64,Male,New Taipei City,New Taipei City,Taiwan,TW,,,,,,,0,0,0,0,0,0,99999,99999,99999,99999,99999,99999,99999,99999,99999,99999,99999,99999,DNS,0
Sam,Kuo,Sam Kuo,1326,M50-54,Male,台南市,Tainan City,Taiwan,TW,0:44:36,3:28:50,2:26:52,,,6:55:10,2676,12530,8812,640,252,24910,99999,99999,99999,99999,99999,99999,99999,99999,99999,99999,99999,99999,DNF,0
Yi-Hsien,Chuang,Yi-Hsien Chuang,1030,F40-44,Female,New Taipei City,New Taipei City,Taiwan,TW,,,,,,,0,0,0,0,0,0,99999,99999,99999,99999,99999,99999,99999,99999,99999,99999,99999,99999,DNS,0
Yiming,Chang,Yiming Chang,1052,F50-54,Female,台北市,Taipei City,Taiwan,TW,0:43:35,,,,,7:35:38,2615,0,0,1544,0,27338,99999,99999,99999,99999,99999,99999,99999,99999,99999,99999,99999,99999,DNF,0
Yu-Nan,Tai,Yu-Nan Tai,1200,M40-44,Male,Kaohsiung ,TW-KHH,Taiwan,TW,,,,,,,0,0,0,0,0,0,99999,99999,99999,99999,99999,99999,99999,99999,99999,99999,99999,99999,DNS,0
Shiou,Wu,Shiou Wu,1355,M55-59,Male,新北市中和區,New Taipei City,Taiwan,TW,1:07:43,,,,,,4063,0,0,896,0,0,99999,99999,99999,99999,99999,99999,99999,99999,99999,99999,99999,99999,DNF,0
Jin Wei,Chang,Jin Wei Chang,1070,M25-29,Male,桃園市,Taoyuan City,Taiwan,TW,1:12:19,,,,,,4339,0,0,0,0,0,99999,99999,99999,99999,99999,99999,99999,99999,99999,99999,99999,99999,DNF,0
Bono,Hsueh,Bono Hsueh,1317,M50-54,Male,新北市,New Taipei City,Taiwan,TW,,,,,,,0,0,0,0,0,0,99999,99999,99999,99999,99999,99999,99999,99999,99999,99999,99999,99999,DNS,0
Angel,Menendez,Angel Menendez,1084,M30-34,Male,台南,Tainan City,Guatemala,GT,1:10:09,3:45:27,2:44:49,,,7:56:36,4209,13527,9889,530,441,28596,99999,99999,99999,99999,99999,99999,99999,99999,99999,99999,99999,99999,DNF,0
Eric,Lin,Eric Lin,1311,M50-54,Male,新北市,New Taipei City,Taiwan,TW,0:40:14,,,,,6:41:41,2414,0,0,355,0,24101,99999,99999,99999,99999,99999,99999,99999,99999,99999,99999,99999,99999,DNF,0
Cheng Gen,Lin,Cheng Gen Lin,1151,M40-44,Male,台中市,Taichung City,Taiwan,TW,,,,,,,0,0,0,0,0,0,99999,99999,99999,99999,99999,99999,99999,99999,99999,99999,99999,99999,DNS,0
Chien-An,Chen,Chien-An Chen,1208,M40-44,Male,新北市新店區,New Taipei City,Taiwan,TW,,,,,,,0,0,0,0,0,0,99999,99999,99999,99999,99999,99999,99999,99999,99999,99999,99999,99999,DNS,0
CHUN YU,CHEN,CHUN YU CHEN,1163,M40-44,Male,桃園市,TW-TAO,Taiwan,TW,,,,,,,0,0,0,0,0,0,99999,99999,99999,99999,99999,99999,99999,99999,99999,99999,99999,99999,DNS,0
Tsung-Wei,Chen,Tsung-Wei Chen,1206,M40-44,Male,桃園市桃園區,Taoyuan City,Taiwan,TW,,,,,,,0,0,0,0,0,0,99999,99999,99999,99999,99999,99999,99999,99999,99999,99999,99999,99999,DNS,0
Ralf,Dohmeier,Ralf Dohmeier,1364,M55-59,Male,,,Germany,DE,1:12:26,,,,,,4346,0,0,0,0,0,99999,99999,99999,99999,99999,99999,99999,99999,99999,99999,99999,99999,DNF,0
WeiChi,Chang,WeiChi Chang,1024,F40-44,Female,台北市,Taipei City,Taiwan,TW,1:11:20,3:05:02,2:14:58,,,6:47:23,4280,11102,8098,615,348,24443,99999,99999,99999,99999,99999,99999,99999,99999,99999,99999,99999,99999,DNF,0
Chen-Yu,Hsu,Chen-Yu Hsu,1307,M50-54,Male,新北板橋,New Taipei City,Taiwan,TW,0:47:17,,1:14:11,,,4:40:49,2837,0,4451,0,366,16849,99999,99999,99999,99999,99999,99999,99999,99999,99999,99999,99999,99999,DNF,0
Feng Chieh,Wei,Feng Chieh Wei,1193,M40-44,Male,新北市,New Taipei City,Taiwan,TW,1:14:16,,,,,,4456,0,0,0,0,0,99999,99999,99999,99999,99999,99999,99999,99999,99999,99999,99999,99999,DNF,0
Vincent,Huang,Vincent Huang,1194,M40-44,Male,台北市,Taipei City,Taiwan,TW,,,,,,,0,0,0,0,0,0,99999,99999,99999,99999,99999,99999,99999,99999,99999,99999,99999,99999,DNS,0
Shih Chang,Huang,Shih Chang Huang,12,M35-39,Male,Kinmen County,Fujian Province,Taiwan,TW,,,,,,,0,0,0,0,0,0,99999,99999,99999,99999,99999,99999,99999,99999,99999,99999,99999,99999,DNS,0
Ming-Han,Wu,Ming-Han Wu,1330,M50-54,Male,桃園市,Taoyuan City,Taiwan,TW,1:13:21,,,,,,4401,0,0,0,0,0,99999,99999,99999,99999,99999,99999,99999,99999,99999,99999,99999,99999,DNF,0
Shi Shuan,Chen,Shi Shuan Chen,1260,M45-49,Male,新北市,New Taipei City,Taiwan,TW,,,,,,,0,0,0,0,0,0,99999,99999,99999,99999,99999,99999,99999,99999,99999,99999,99999,99999,DNS,0
Shih-Wei,Liu,Shih-Wei Liu,1198,M40-44,Male,Taipei,Taipei City,Taiwan,TW,1:12:19,,,,,,4339,0,0,0,0,0,99999,99999,99999,99999,99999,99999,99999,99999,99999,99999,99999,99999,DNF,0
Kenny,Chen,Kenny Chen,1358,M55-59,Male,台北市,Taipei City,Taiwan,TW,,,,,,,0,0,0,0,0,0,99999,99999,99999,99999,99999,99999,99999,99999,99999,99999,99999,99999,DNS,0
Lilian,Lin,Lilian Lin,1028,F40-44,Female,台北市,Taipei City,Taiwan,TW,,,,,,,0,0,0,0,0,0,99999,99999,99999,99999,99999,99999,99999,99999,99999,99999,99999,99999,DNS,0
Mao Sang,Wang,Mao Sang Wang,1157,M40-44,Male,台北市信義區,Taipei City,Taiwan,TW,,,,,,,0,0,0,0,0,0,99999,99999,99999,99999,99999,99999,99999,99999,99999,99999,99999,99999,DNS,0
Jackson,Kuo,Jackson Kuo,1294,M45-49,Male,台北市,Taipei City,Taiwan,TW,,,,,,,0,0,0,0,0,0,99999,99999,99999,99999,99999,99999,99999,99999,99999,99999,99999,99999,DNS,0
Ifan,Hsieh,Ifan Hsieh,1211,M40-44,Male,台北市,Taipei City,Taiwan,TW,,,,,,,0,0,0,0,0,0,99999,99999,99999,99999,99999,99999,99999,99999,99999,99999,99999,99999,DNS,0
Justin,Huang,Justin Huang,1279,M45-49,Male,台北市,Taipei City,Taiwan,TW,0:40:48,3:34:34,3:16:53,,,7:57:43,2448,12874,11813,1003,525,28663,99999,99999,99999,99999,99999,99999,99999,99999,99999,99999,99999,99999,DNF,0
Ching Hsien,Chen,Ching Hsien Chen,1305,M50-54,Male,台北市,Taipei City,Taiwan,TW,0:42:20,3:21:44,2:01:17,,,6:20:11,2540,12104,7277,669,221,22811,99999,99999,99999,99999,99999,99999,99999,99999,99999,99999,99999,99999,DNF,0
Li,Wei,Li Wei,1215,M40-44,Male,台北市文山區木柵路四段159巷16弄32號,Taipei City,Taiwan,TW,1:11:24,3:05:50,2:30:15,,,7:07:51,4284,11150,9015,785,436,25671,99999,99999,99999,99999,99999,99999,99999,99999,99999,99999,99999,99999,DNF,0
Bo-Chou,Chang,Bo-Chou Chang,1324,M50-54,Male,三重區,New Taipei City,Taiwan,TW,1:18:59,,,,,,4739,0,0,0,0,0,99999,99999,99999,99999,99999,99999,99999,99999,99999,99999,99999,99999,DNF,0
Minlan,Gu,Minlan Gu,1019,F35-39,Female,台北市,Taipei City,Taiwan,TW,1:10:49,3:10:59,2:21:36,,,6:54:40,4249,11459,8496,485,191,24880,99999,99999,99999,99999,99999,99999,99999,99999,99999,99999,99999,99999,DNF,0
Yu Ying,Mai,Yu Ying Mai,1023,F35-39,Female,台北市,Taipei City,Taiwan,TW,,,,,,,0,0,0,0,0,0,99999,99999,99999,99999,99999,99999,99999,99999,99999,99999,99999,99999,DNS,0
Alan,Lee,Alan Lee,1341,M50-54,Male,Taipei,Taipei City,Taiwan,TW,,,,,,,0,0,0,0,0,0,99999,99999,99999,99999,99999,99999,99999,99999,99999,99999,99999,99999,DNS,0
