FirstName,LastName,FullName,Bib,AgeGroup,Gender,City,State,Country,CountryISO,SwimTime,BikeTime,RunTime,T1Time,T2Time,FinishTime,SwimSeconds,BikeSeconds,RunSeconds,T1Seconds,T2Seconds,FinishSeconds,OverallRank,GenderRank,AgeGroupRank,SwimRankOverall,SwimRankGender,SwimRankGroup,BikeRankOverall,BikeRankGender,BikeRankGroup,RunRankOverall,RunRankGender,RunRankGroup,Status,Points
Satar,Salem,Satar Salem,3,M25-29,Male,Sultan Naga Dimaporo,Lanao del Norte,Philippines,PH,0:29:08,2:22:31,1:26:40,0:01:38,0:02:28,4:22:25,1748,8551,5200,98,148,15745,1,1,1,3,3,1,3,3,1,1,1,1,Finisher,3500
Junyu,Cao,Junyu Cao,165,M35-39,Male,Chongqing,CN-CQ,China,CN,0:30:04,2:21:40,1:26:39,0:02:11,0:02:40,4:23:13,1804,8500,5199,131,160,15793,2,2,1,9,8,4,6,6,2,2,2,1,Finisher,3500
Eric,Van Der Linden,Eric Van Der Linden,1,M45-49,Male,Schagen,,Netherlands,NL,0:28:52,2:22:30,1:28:48,0:01:29,0:03:01,4:24:41,1732,8550,5328,89,181,15881,3,3,1,2,2,1,2,2,1,3,3,1,Finisher,3500
Mervin Rencel,Santiago,Mervin Rencel Santiago,7,M30-34,Male,Valenzuela,PH-00,Philippines,PH,0:33:00,2:19:50,1:31:00,0:02:11,0:02:40,4:28:40,1980,8390,5460,131,160,16120,4,4,1,27,26,7,8,8,4,4,4,1,Finisher,3500
John Dedeus,Alcala,John Dedeus Alcala,4,M30-34,Male,Dipolog,Zamboanga del sur,Philippines,PH,0:35:35,2:23:51,1:26:34,0:01:26,0:01:58,4:29:25,2135,8631,5194,86,118,16165,5,5,2,45,41,12,22,22,8,5,5,2,Finisher,3486
Kenneth,Bonda,Kenneth Bonda,2,M18-24,Male,Snd,PH-LAN,Philippines,PH,0:32:34,2:20:44,1:32:08,0:01:49,0:02:16,4:29:29,1954,8444,5528,109,136,16169,6,6,1,26,25,5,9,9,1,6,6,1,Finisher,3500
Jailani,Lamama,Jailani Lamama,5,M25-29,Male,Poblacion SND LANAO DEL NORTE,Lanao del norte,Philippines,PH,0:30:44,2:23:01,1:31:07,0:01:58,0:02:50,4:29:40,1844,8581,5467,118,170,16180,7,7,2,13,12,2,11,11,2,7,7,2,Finisher,3369
Mohammad,Maruhom,Mohammad Maruhom,372,M25-29,Male,Pob. Snd ldn,Pob. Snd ldn,Philippines,PH,0:31:02,2:22:58,1:33:52,0:01:43,0:03:17,4:32:53,1862,8578,5632,103,197,16373,8,8,3,16,15,3,12,12,3,8,8,3,Finisher,3311
John Rey,Tumanda,John Rey Tumanda,10,M30-34,Male,Camaman-an,Cagayan de Oro City,Philippines,PH,0:36:49,2:20:32,1:31:49,0:01:38,0:02:36,4:33:24,2209,8432,5509,98,156,16404,9,9,3,63,59,14,19,19,7,9,9,3,Finisher,3414
Victor,Audienne,Victor Audienne,360,M30-34,Male,Bangkok,,France,FR,0:30:08,2:21:53,1:37:50,0:02:06,0:02:52,4:34:48,1808,8513,5870,126,172,16488,10,10,4,10,9,3,7,7,3,10,10,4,Finisher,3389
Christian,Saladaga,Christian Saladaga,20,M18-24,Male,Tayud,Liloan,Philippines,PH,0:31:54,2:21:34,1:36:58,0:01:49,0:02:37,4:34:52,1914,8494,5818,109,157,16492,11,11,2,21,20,3,10,10,2,11,11,2,Finisher,3403
Paul,Jumamil,Paul Jumamil,377,M30-34,Male,"Panadtalan, Maramag",Bukidnon,Philippines,PH,0:29:43,2:22:06,1:40:00,0:01:31,0:02:46,4:36:06,1783,8526,6000,91,166,16566,12,12,5,7,6,2,4,4,1,12,12,5,Finisher,3366
Aday,Alvarez Diez De Ulzurrun,Aday Alvarez Diez De Ulzurrun,172,M35-39,Male,Maspalomas,,Spain,ES,0:26:58,2:20:20,1:45:32,0:02:09,0:03:07,4:38:05,1618,8420,6332,129,187,16685,13,13,2,1,1,1,1,1,1,13,13,2,Finisher,3232
Banjo,Norte,Banjo Norte,355,M30-34,Male,Cagayan  De Oro,Missamis Oriental,Philippines,PH,0:29:32,2:22:20,1:42:16,0:01:38,0:02:41,4:38:28,1772,8540,6136,98,161,16708,14,14,6,5,5,1,5,5,2,14,14,6,Finisher,3323
Abdul Rahman,Toroganan,Abdul Rahman Toroganan,364,M25-29,Male,Bangaan sultan naga dimaporo,Lanao del norte,Philippines,PH,0:31:41,2:27:54,1:34:27,0:01:45,0:02:46,4:38:32,1901,8874,5667,105,166,16712,15,15,4,19,18,4,23,23,4,15,15,4,Finisher,3209
Fin,Macrae,Fin Macrae,340,M35-39,Male,,,Australia,AU,0:32:31,2:24:13,1:37:01,0:02:51,0:02:15,4:38:51,1951,8653,5821,171,135,16731,16,16,3,25,24,6,20,20,4,16,16,3,Finisher,3218
Julian Sebastian,Teves,Julian Sebastian Teves,23,M25-29,Male,Sibulan,PH-NER,Philippines,PH,0:33:25,2:27:01,1:37:53,0:01:46,0:02:49,4:42:55,2005,8821,5873,106,169,16975,17,17,5,32,31,5,26,26,5,17,17,5,Finisher,3131
Brian,Borling,Brian Borling,383,M35-39,Male,Sultan Naga Dimaporo,Lanao Del Norte,Philippines,PH,0:33:55,2:19:57,1:44:17,0:02:20,0:03:28,4:43:58,2035,8397,6257,140,208,17038,18,18,4,38,37,8,14,14,3,18,18,4,Finisher,3126
Jacob,Rodriguez,Jacob Rodriguez,25,M18-24,Male,Sultan Naga Dimaporo,Lanao del Norte,Philippines,PH,0:36:38,2:27:03,1:36:36,0:01:46,0:02:04,4:44:05,2198,8823,5796,106,124,17045,19,19,3,54,50,7,27,27,4,19,19,3,Finisher,3237
Ronald,Molit,Ronald Molit,19,M40-44,Male,Cainta,PH-RIZ,Philippines,PH,0:30:51,2:24:09,1:44:48,0:02:16,0:03:01,4:45:05,1851,8649,6288,136,181,17105,20,20,1,14,13,1,16,16,1,20,20,1,Finisher,3500
Jethro Karl,Ramos,Jethro Karl Ramos,9,M40-44,Male,camp 7,PH-BEN,Philippines,PH,0:32:02,2:24:06,1:44:49,0:01:39,0:03:08,4:45:44,1922,8646,6289,99,188,17144,21,21,2,24,23,2,17,17,2,21,21,2,Finisher,3488
Claudio,Fabbri,Claudio Fabbri,21,M50-54,Male,Monaco,,Monaco,MC,0:30:14,2:23:27,1:45:27,0:02:33,0:04:06,4:45:47,1814,8607,6327,153,246,17147,22,22,1,11,10,1,15,15,1,22,22,1,Finisher,3500
Jann Patrick,Catan,Jann Patrick Catan,375,M18-24,Male,Dumaguete,Negros oriental,Philippines,PH,0:33:43,2:26:14,1:42:25,0:02:06,0:02:52,4:47:21,2023,8774,6145,126,172,17241,23,23,4,34,33,6,25,25,3,23,23,4,Finisher,3178
Kipsan,Beck,Kipsan Beck,287,M50-54,Male,WATTANA,,Thailand,TH,0:33:19,2:28:11,1:40:01,0:04:07,0:02:56,4:48:35,1999,8891,6001,247,176,17315,24,24,2,31,30,3,28,28,2,24,24,2,Finisher,3449
Paul-Henri,Guyon,Paul-Henri Guyon,15,M30-34,Male,LA ROCHELLE,,France,FR,0:31:54,2:20:57,1:49:34,0:02:57,0:03:47,4:49:07,1914,8457,6574,177,227,17347,25,25,7,20,19,5,13,13,5,25,25,7,Finisher,3131
Romeo,Calamohoy,Romeo Calamohoy,29,M25-29,Male,"Poblacion,Sultan Naga Dimaporo",Lanao del Norte,Philippines,PH,0:36:46,2:30:03,1:38:33,0:01:44,0:02:39,4:49:45,2206,9003,5913,104,159,17385,26,26,6,61,57,8,31,31,7,26,26,6,Finisher,3008
Usama,Dimaporo,Usama Dimaporo,6,M30-34,Male,Brgy. Poblacion Sultan Naga Dimaporo,Lanao Del Norte,Philippines,PH,0:33:47,2:33:18,1:38:56,0:01:43,0:02:50,4:50:35,2027,9198,5936,103,170,17435,27,27,8,36,35,11,33,33,10,27,27,8,Finisher,3105
Lennart,Höveler,Lennart Höveler,136,M30-34,Male,Leonberg,,Germany,DE,0:33:05,2:22:49,1:51:16,0:02:55,0:02:28,4:52:33,1985,8569,6676,175,148,17553,28,28,9,29,28,9,18,18,6,28,28,9,Finisher,3070
Andrew,Vaughan,Andrew Vaughan,269,M45-49,Male,Pakkrett,Nonthaburi,New Zealand,NZ,0:34:25,2:24:13,1:50:10,0:01:50,0:02:24,4:53:02,2065,8653,6610,110,144,17582,29,29,2,40,38,2,21,21,2,29,29,2,Finisher,2989
Luigi Victor,Robles,Luigi Victor Robles,26,M35-39,Male,Buayang Bato Mandaluyong,PH-00,Philippines,PH,0:33:48,2:31:21,1:41:45,0:03:30,0:03:26,4:53:50,2028,9081,6105,210,206,17630,30,30,5,37,36,7,32,32,6,30,30,5,Finisher,2948
Simon,Michelet Dos Santos,Simon Michelet Dos Santos,179,M35-39,Male,saint palais sur mer,,Portugal,PT,0:39:16,2:27:20,1:40:45,0:03:20,0:03:45,4:54:26,2356,8840,6045,200,225,17666,31,31,6,83,75,15,35,35,8,31,31,6,Finisher,2938
Michael,Zolcer,Michael Zolcer,357,M30-34,Male,Podolí,South Moravian Region,Czech Republic,CZ,0:31:57,2:36:23,1:44:54,0:01:48,0:03:51,4:58:53,1917,9383,6294,108,231,17933,32,32,10,23,22,6,36,36,11,32,32,10,Finisher,2956
Gabrielle Allen,Santiago,Gabrielle Allen Santiago,110,M25-29,Male,Manila,Metro Manila,Philippines,PH,0:36:00,2:29:55,1:48:26,0:02:06,0:02:25,4:58:53,2160,8995,6506,126,145,17933,33,33,7,48,44,6,30,30,6,33,33,7,Finisher,2843
Ivan,Kazakov,Ivan Kazakov,361,M30-34,Male,"Dauis, Bohol",,Unknown,,0:30:59,2:28:59,1:53:46,0:02:04,0:03:16,4:59:04,1859,8939,6826,124,196,17944,34,34,11,15,14,4,24,24,9,34,34,11,Finisher,2952
Ryan,Hoa,Ryan Hoa,218,M40-44,Male,Tanjung Tokong,Penang,Malaysia,MY,0:39:45,2:35:53,1:38:34,0:01:56,0:03:53,5:00:01,2385,9353,5914,116,233,18001,35,35,3,91,82,8,48,47,3,35,35,3,Finisher,3231
Leyann,Ramo,Leyann Ramo,40,F30-34,Female,Pasig city,NATIONAL CAPITAL REGION,Philippines,PH,0:29:39,2:41:18,1:47:44,0:01:52,0:02:23,5:02:56,1779,9678,6464,112,143,18176,36,1,1,6,1,1,38,1,1,36,1,1,Finisher,3500
Hongwei,Jiang,Hongwei Jiang,365,M25-29,Male,CHONGQING,CN-CQ,China,CN,0:42:21,2:32:36,1:44:36,0:02:12,0:02:48,5:04:33,2541,9156,6276,132,168,18273,37,36,8,131,118,15,47,46,8,37,36,8,Finisher,2741
Alinader,Dimaporo,Alinader Dimaporo,368,M30-34,Male,"Poblacion, Sultan Naga Dimaporo",Lanao Del Norte,Philippines,PH,0:37:10,2:34:53,1:46:45,0:03:05,0:02:49,5:04:42,2230,9293,6405,185,169,18282,38,37,12,65,61,15,40,39,12,38,37,12,Finisher,2851
Jonard,Saim,Jonard Saim,374,M35-39,Male,Polomolok,South Cotabato,Philippines,PH,0:29:51,2:35:28,1:55:37,0:01:37,0:03:01,5:05:33,1791,9328,6937,97,181,18333,39,38,7,8,7,3,29,29,5,39,38,7,Finisher,2738
Elvys Kenneth,Miguel,Elvys Kenneth Miguel,122,M30-34,Male,Puerto Princesa City,,Philippines,PH,0:37:26,2:35:39,1:46:03,0:02:45,0:03:53,5:05:47,2246,9339,6363,165,233,18347,40,39,13,69,64,16,43,42,13,40,39,13,Finisher,2831
Charles Jr,Alcala,Charles Jr Alcala,366,M35-39,Male,Central,Zamboaga del norte,Philippines,PH,0:39:29,2:43:52,1:37:51,0:02:06,0:03:13,5:06:30,2369,9832,5871,126,193,18390,41,40,8,86,78,16,62,60,14,41,40,8,Finisher,2720
Chun Ann,Neo,Chun Ann Neo,17,M30-34,Male,Singapore,,Singapore,SG,0:37:38,2:36:03,1:47:54,0:02:22,0:02:46,5:06:44,2258,9363,6474,142,166,18404,42,41,14,70,65,17,45,44,14,42,41,14,Finisher,2814
Clinton,Ortezano,Clinton Ortezano,384,M25-29,Male,Sultan naga dimaporo,Lanao del norte,Philippines,PH,0:38:17,2:43:34,1:39:54,0:03:03,0:02:44,5:07:31,2297,9814,5994,183,164,18451,43,42,9,75,69,9,60,58,9,43,42,9,Finisher,2688
Rodrigo,Aja,Rodrigo Aja,381,M35-39,Male,Kuala Lumpur,MY-14,Mexico,MX,0:29:31,2:36:40,1:56:30,0:02:50,0:02:54,5:08:25,1771,9400,6990,170,174,18505,44,43,9,4,4,2,34,34,7,44,43,9,Finisher,2686
William,Kerr,William Kerr,193,M35-39,Male,,,United Kingdom,GB,0:38:40,2:35:25,1:49:14,0:02:18,0:03:20,5:08:58,2320,9325,6554,138,200,18538,45,44,10,79,72,13,46,45,11,45,44,10,Finisher,2676
Ralph Adrian,Lontoc,Ralph Adrian Lontoc,68,M35-39,Male,Calicanto Batangas City,PH-BTG,Philippines,PH,0:38:41,2:42:37,1:41:38,0:02:27,0:03:35,5:08:59,2321,9757,6098,147,215,18539,46,45,11,80,73,14,56,54,13,46,45,11,Finisher,2676
Matthew,Gibson,Matthew Gibson,137,M30-34,Male,East Ballina,AU-NSW,Australia,AU,0:40:10,2:41:15,1:43:05,0:02:41,0:02:51,5:10:02,2410,9675,6185,161,171,18602,47,46,15,96,86,20,58,56,16,47,46,15,Finisher,2755
Darwin,Tindugan,Darwin Tindugan,67,M45-49,Male,"Turno, Dipolog City",Zamboanga del Norte,Philippines,PH,0:36:42,2:36:29,1:52:17,0:02:21,0:03:03,5:10:53,2202,9389,6737,141,183,18653,48,47,3,60,56,6,42,41,3,48,47,3,Finisher,2668
Rommel John ,Fernandez ,Rommel John Fernandez,252,M45-49,Male,Puerto Princesa ,,Philippines,PH,0:36:01,2:44:15,1:45:35,0:03:03,0:03:31,5:12:25,2161,9855,6335,183,211,18745,49,48,4,49,45,3,55,53,5,49,48,4,Finisher,2640
Mohammad Moin,Calalah,Mohammad Moin Calalah,379,M18-24,Male,Sultan naga dimaporo,Lanao del norte,Philippines,PH,0:43:36,2:47:18,1:36:26,0:02:35,0:03:47,5:13:43,2616,10038,5786,155,227,18823,50,49,5,152,136,9,86,83,7,50,49,5,Finisher,2703
Emmanuel,Bordeau,Emmanuel Bordeau,14,M30-34,Male,Mauléon,,France,FR,0:46:02,2:34:49,1:45:52,0:03:21,0:04:21,5:14:24,2762,9289,6352,201,261,18864,51,50,16,188,163,30,59,57,17,51,50,16,Finisher,2676
Jan Dennis,Borbolla,Jan Dennis Borbolla,373,M30-34,Male,Penaranda,,Philippines,PH,0:40:23,2:38:31,1:51:34,0:02:01,0:02:55,5:15:25,2423,9511,6694,121,175,18925,52,51,17,98,88,21,51,50,15,52,51,17,Finisher,2658
Ulwan,Dimaporo,Ulwan Dimaporo,24,M35-39,Male,Sultan Naga Dimaporo,Lanao del Norte,Philippines,PH,0:36:38,2:35:52,1:59:58,0:02:56,0:03:05,5:18:29,2198,9352,7198,176,185,19109,53,52,12,55,51,10,41,40,10,53,52,12,Finisher,2505
Choon Siang,Tan,Choon Siang Tan,28,M45-49,Male,,,Singapore,SG,0:44:02,2:44:05,1:45:34,0:02:10,0:03:27,5:19:18,2642,9845,6334,130,207,19158,54,53,5,158,141,21,79,77,9,54,53,5,Finisher,2516
Mark Joshua,Perez,Mark Joshua Perez,103,M18-24,Male,Malvar,PH-BTG,Philippines,PH,0:31:11,2:43:02,2:01:06,0:01:47,0:03:15,5:20:20,1871,9782,7266,107,195,19220,55,54,6,17,16,2,44,43,5,55,54,6,Finisher,2584
Toshiya,Honda,Toshiya Honda,12,M50-54,Male,TAIPEI,TW-NWT,Japan,JP,0:39:21,2:45:05,1:49:28,0:02:38,0:04:02,5:20:34,2361,9905,6568,158,242,19234,56,55,3,84,76,9,68,66,6,56,55,3,Finisher,2873
Koji,Muroya,Koji Muroya,328,M60-64,Male,Aoyama 7 chomeOtsu,,Japan,JP,0:35:06,2:43:10,1:57:54,0:03:24,0:03:45,5:23:18,2106,9790,7074,204,225,19398,57,56,1,44,40,2,53,51,1,57,56,1,Finisher,3500
Dai,Matsui,Dai Matsui,8,M55-59,Male,Setagaya Okamoto,JP-13,Japan,JP,0:33:29,2:38:09,2:05:12,0:03:23,0:03:56,5:24:09,2009,9489,7512,203,236,19449,58,57,1,33,32,1,39,38,1,58,57,1,Finisher,3500
Chi Wai,Yeung,Chi Wai Yeung,259,M45-49,Male,Koto City,JP-13,Hong Kong,HK,0:42:09,2:43:13,1:52:37,0:03:44,0:03:08,5:24:51,2529,9793,6757,224,188,19491,59,58,6,129,116,13,71,69,8,59,58,6,Finisher,2417
Christoph,Billen,Christoph Billen,183,M35-39,Male,Taguig City,00,Germany,DE,0:39:51,2:35:38,2:04:18,0:02:17,0:03:43,5:25:48,2391,9338,7458,137,223,19548,60,59,13,93,84,18,49,48,12,60,59,13,Finisher,2373
Lyllian,Banzon,Lyllian Banzon,438,F35-39,Female,Mandaluyong,Mandaluyong,Philippines,PH,0:34:51,2:44:05,2:04:49,0:02:42,0:02:56,5:29:23,2091,9845,7489,162,176,19763,61,2,1,43,4,1,52,2,1,61,2,1,Finisher,3500
Teck Meng,Lim,Teck Meng Lim,346,M50-54,Male,,,Singapore,SG,0:47:33,2:40:05,1:55:36,0:02:26,0:03:55,5:29:35,2853,9605,6936,146,235,19775,62,60,4,203,177,19,77,75,9,62,60,4,Finisher,2711
Michael,Rice,Michael Rice,302,M50-54,Male,Kunitachi,Tokyo,Japan,JP,0:38:28,2:40:56,1:59:29,0:07:25,0:04:14,5:30:33,2308,9656,7169,445,254,19833,63,61,5,78,71,8,67,65,5,63,61,5,Finisher,2694
Jeffrey,Cabrera,Jeffrey Cabrera,281,M45-49,Male,Lapu-Lapu City,Cebu,Philippines,PH,0:44:17,2:45:03,1:54:37,0:02:56,0:03:48,5:30:41,2657,9903,6877,176,228,19841,64,62,7,166,147,22,82,80,11,64,62,7,Finisher,2312
James,Tangog,James Tangog,151,M30-34,Male,Tiniguiban,Palawan,Philippines,PH,0:41:16,2:53:14,1:52:56,0:02:51,0:03:01,5:33:18,2476,10394,6776,171,181,19998,65,63,18,108,96,23,104,100,23,65,63,18,Finisher,2336
Wooi,Choo,Wooi Choo,217,M40-44,Male,PENANG,MY,Malaysia,MY,0:42:10,2:47:42,1:58:55,0:01:59,0:03:00,5:33:46,2530,10062,7135,119,180,20026,66,64,4,130,117,12,81,79,7,66,64,4,Finisher,2623
Emmanuel,Mondero,Emmanuel Mondero,22,M50-54,Male,Matandang Balara,PH-00,Philippines,PH,0:44:47,2:41:57,2:01:44,0:03:09,0:03:44,5:35:20,2687,9717,7304,189,224,20120,67,65,6,173,153,17,76,74,8,67,65,6,Finisher,2608
Lean Pocholo,Soto,Lean Pocholo Soto,62,M25-29,Male,San Isidro,Pampanga,Philippines,PH,0:36:42,2:45:24,2:05:17,0:03:20,0:04:49,5:35:31,2202,9924,7517,200,289,20131,68,66,10,59,55,7,61,59,10,68,66,10,Finisher,2184
Reagan,Diaz,Reagan Diaz,13,M40-44,Male,Mandaluyong,PH-00,Philippines,PH,0:42:41,2:42:35,2:02:32,0:04:12,0:03:56,5:35:56,2561,9755,7352,252,236,20156,69,67,5,138,125,14,74,72,6,69,67,5,Finisher,2584
Jocel Jc,Rendon,Jocel Jc Rendon,61,M30-34,Male,Brgy 88,Caloocan,Philippines,PH,0:40:30,2:43:22,2:05:22,0:02:34,0:04:38,5:36:25,2430,9802,7522,154,278,20185,70,68,19,99,89,22,65,63,18,70,68,19,Finisher,2280
Catherine,Wood,Catherine Wood,404,F25-29,Female,San Francisco,CA,United States,US,0:41:07,2:56:58,1:49:54,0:04:13,0:04:15,5:36:26,2467,10618,6594,253,255,20186,71,3,1,104,11,3,122,5,1,71,3,1,Finisher,3500
Siegfried,Pittet,Siegfried Pittet,362,M55-59,Male,IRVING,TX,United States,US,0:37:12,2:46:26,2:08:12,0:02:27,0:04:02,5:38:19,2232,9986,7692,147,242,20299,72,69,2,67,62,3,63,61,2,72,69,2,Finisher,3245
Frederic,Leblanc,Frederic Leblanc,16,M55-59,Male,Talmont saint Hilaire,VENDEE,France,FR,0:42:06,2:50:59,1:58:51,0:03:31,0:03:13,5:38:40,2526,10259,7131,211,193,20320,73,70,3,125,112,6,103,99,4,73,70,3,Finisher,3238
Chloe Jane,Ong,Chloe Jane Ong,441,F35-39,Female,Manila,Metro manila,Philippines,PH,0:41:15,2:48:55,2:01:55,0:03:46,0:02:56,5:38:47,2475,10135,7315,226,176,20327,74,4,2,107,12,3,89,4,3,74,4,2,Finisher,3330
Valery,Franscella,Valery Franscella,129,M30-34,Male,Locarno,,Switzerland,CH,0:33:45,2:56:12,2:02:10,0:02:47,0:04:07,5:39:02,2025,10572,7330,167,247,20342,75,71,20,35,34,10,84,81,19,75,71,20,Finisher,2233
Espinosa,Erwin,Espinosa Erwin,263,M45-49,Male,,,Philippines,PH,0:43:28,2:45:18,2:00:50,0:04:27,0:05:33,5:39:36,2608,9918,7250,267,333,20376,76,72,8,149,133,18,85,82,12,76,72,8,Finisher,2151
Ka Nok,Cheng,Ka Nok Cheng,105,M18-24,Male,Na,,Hong Kong,HK,0:44:11,2:48:09,1:59:15,0:03:03,0:05:02,5:39:41,2651,10089,7155,183,302,20381,77,73,7,162,144,10,97,93,9,77,73,7,Finisher,2236
Alexia,Nunez Muellerroger,Alexia Nunez Muellerroger,407,F25-29,Female,Pasig,Manila,Brazil,BR,0:39:53,3:01:20,1:53:40,0:03:03,0:03:04,5:41:00,2393,10880,6820,183,184,20460,78,5,2,95,10,2,127,6,2,78,5,2,Finisher,3417
Raymond,Lofamia,Raymond Lofamia,253,M45-49,Male,New Plymouth,TKI,New Zealand,NZ,1:01:46,2:39:51,1:53:51,0:03:20,0:03:11,5:42:00,3706,9591,6831,200,191,20520,79,74,9,292,255,42,132,126,17,79,74,9,Finisher,2108
Valerio,Terrani,Valerio Terrani,57,M40-44,Male,Breganzona,,Switzerland,CH,0:38:17,2:37:44,2:20:00,0:03:35,0:02:36,5:42:12,2297,9464,8400,215,156,20532,80,75,6,76,70,5,50,49,4,80,75,6,Finisher,2471
Dax,Halili,Dax Halili,140,M30-34,Male,Angeles City,Pampanga,Philippines,PH,0:39:13,2:53:05,2:04:02,0:02:24,0:03:48,5:42:33,2353,10385,7442,144,228,20553,81,76,21,82,74,19,95,91,22,81,76,21,Finisher,2170
Dan Carlo,Torres,Dan Carlo Torres,185,M35-39,Male,Brgy 617,METRO MANILA,Philippines,PH,0:39:32,2:53:43,2:02:03,0:04:18,0:03:46,5:43:23,2372,10423,7323,258,226,20603,82,77,14,87,79,17,105,101,18,82,77,14,Finisher,2057
Yong Wei,Chia,Yong Wei Chia,27,M45-49,Male,Kuala Lumpur,,Malaysia,MY,0:36:40,2:47:55,2:12:49,0:02:51,0:03:13,5:43:27,2200,10075,7969,171,193,20607,83,78,10,57,53,4,69,67,7,83,78,10,Finisher,2082
Josef,Dostal,Josef Dostal,359,M30-34,Male,Naklo,Olomoucky kraj,Czech Republic,CZ,0:37:46,2:53:20,2:06:12,0:03:06,0:03:29,5:43:52,2266,10400,7572,186,209,20632,84,79,22,71,66,18,91,87,21,84,79,22,Finisher,2146
Alexander,Isip,Alexander Isip,307,M50-54,Male,Muntinlupa,PH-00,Philippines,PH,0:33:12,2:52:44,2:11:35,0:01:58,0:04:41,5:44:10,1992,10364,7895,118,281,20650,85,80,7,30,29,2,70,68,7,85,80,7,Finisher,2449
Gregory,Dreux,Gregory Dreux,53,M45-49,Male,Talmont-Saint-Hilaire,foreigner,France,FR,0:41:33,2:37:30,2:18:42,0:03:00,0:04:13,5:44:58,2493,9450,8322,180,253,20698,86,81,11,114,102,11,54,52,4,86,81,11,Finisher,2054
John Carlo,Vargas,John Carlo Vargas,133,M30-34,Male,Mandaluyong City,00,Philippines,PH,0:47:56,2:51:06,2:00:35,0:02:01,0:03:51,5:45:29,2876,10266,7235,121,231,20729,87,82,23,210,183,31,117,113,26,87,82,23,Finisher,2117
Long Kit,Chiu,Long Kit Chiu,104,M18-24,Male,Hongkong,Hong Kong,Hong Kong,HK,0:30:35,2:55:53,2:13:54,0:02:42,0:03:06,5:46:10,1835,10553,8034,162,186,20770,88,83,8,12,11,1,72,70,6,88,83,8,Finisher,2119
Michael,Klose,Michael Klose,331,M60-64,Male,"Cherng Talay, Thalang",,Germany,DE,0:37:04,2:50:36,2:11:49,0:02:27,0:04:32,5:46:27,2224,10236,7909,147,272,20787,89,84,2,64,60,3,78,76,2,89,84,2,Finisher,3083
SUIQING,CHAN,SUIQING CHAN,239,M40-44,Male,广州,CN-GD,China,CN,0:42:23,2:58:37,1:56:55,0:03:35,0:05:27,5:46:56,2543,10717,7015,215,327,20816,90,85,7,132,119,13,131,125,17,90,85,7,Finisher,2386
Lu,Zhao,Lu Zhao,166,M35-39,Male,Chongqing,CN-CQ,China,CN,0:35:50,2:32:41,2:33:05,0:02:11,0:03:23,5:47:10,2150,9161,9185,131,203,20830,91,86,15,47,43,9,37,37,9,91,86,15,Finisher,1988
Kike,Gutierrez Campos,Kike Gutierrez Campos,274,M45-49,Male,ALFARA DEL PATRIARCA,,Spain,ES,0:36:40,2:47:56,2:16:36,0:02:03,0:04:07,5:47:22,2200,10076,8196,123,247,20842,92,87,12,58,54,5,66,64,6,92,87,12,Finisher,2011
John,Nelson,John Nelson,249,M45-49,Male,Manly,NSW,Australia,AU,0:41:23,2:53:02,2:02:44,0:04:13,0:06:02,5:47:23,2483,10382,7364,253,362,20843,93,88,13,110,98,9,111,107,15,93,88,13,Finisher,2011
Ki Fung Kelvin,Lam,Ki Fung Kelvin Lam,190,M35-39,Male,BGC,PH-00,Hong Kong,HK,0:48:53,2:51:34,1:59:30,0:03:57,0:03:59,5:47:54,2933,10294,7170,237,239,20874,94,89,16,217,189,33,128,122,21,94,89,16,Finisher,1975
Ayrton June,Licong,Ayrton June Licong,116,M25-29,Male,"Carmen, Cagayan de Oro City",Misamis Oriental,Philippines,PH,0:42:02,2:45:16,2:15:11,0:02:34,0:03:09,5:48:12,2522,9916,8111,154,189,20892,95,90,11,124,111,14,75,73,11,95,90,11,Finisher,1955
Xavier,Garin,Xavier Garin,197,M40-44,Male,Kapitolyo,Pasig,Philippines,PH,0:52:35,2:45:48,1:59:53,0:04:10,0:06:22,5:48:49,3155,9948,7193,250,382,20929,96,91,8,259,226,41,124,119,14,96,91,8,Finisher,2352
eric,champion,eric champion,251,M45-49,Male,hong kong,Hong Kong,France,FR,0:43:32,3:03:35,1:55:07,0:04:43,0:03:21,5:50:19,2612,11015,6907,283,201,21019,97,92,14,150,134,19,160,148,23,97,92,14,Finisher,1958
Stephen,Zarate,Stephen Zarate,178,M35-39,Male,Bakakeng Central,PH-BEN,Philippines,PH,0:46:11,2:46:33,2:09:34,0:03:16,0:05:18,5:50:53,2771,9993,7774,196,318,21053,98,93,17,189,164,28,99,95,16,98,93,17,Finisher,1922
Greg,Unsworth,Greg Unsworth,350,M50-54,Male,Singapore,,Singapore,SG,0:36:19,2:44:47,2:22:29,0:02:44,0:04:35,5:50:54,2179,9887,8549,164,275,21054,99,94,8,51,47,4,57,55,3,99,94,8,Finisher,2327
Stephen,Burns,Stephen Burns,268,M45-49,Male,Bel Air,Metro Manila,Philippines,PH,0:42:32,2:46:20,2:17:03,0:02:19,0:02:54,5:51:07,2552,9980,8223,139,174,21067,100,95,15,135,122,15,80,78,10,100,95,15,Finisher,1944
Angelo,Blanco,Angelo Blanco,184,M35-39,Male,Quezon City,PH-00,Philippines,PH,0:40:39,3:01:58,2:03:16,0:01:53,0:03:43,5:51:28,2439,10918,7396,113,223,21088,101,96,18,101,91,19,130,124,22,101,96,18,Finisher,1911
Sid Angelo,Bautista,Sid Angelo Bautista,143,M30-34,Male,Pasig,PH-00,Philippines,PH,0:41:52,3:00:53,2:01:39,0:03:15,0:04:17,5:51:56,2512,10853,7299,195,257,21116,102,97,24,120,108,25,138,131,28,102,97,24,Finisher,2001
Cianyl Jamae,Gonzalez,Cianyl Jamae Gonzalez,443,F30-34,Female,Cebu city,Lanao Del Norte,Philippines,PH,0:34:32,3:09:29,2:03:52,0:01:51,0:03:00,5:52:43,2072,11369,7432,111,180,21163,103,6,2,41,3,3,137,7,2,103,6,2,Finisher,2603
Sébastien,Baucher,Sébastien Baucher,167,M35-39,Male,Plumelec,France,France,FR,0:46:48,2:47:08,2:10:28,0:04:05,0:04:49,5:53:17,2808,10028,7828,245,289,21197,104,98,19,197,172,31,107,103,19,104,98,19,Finisher,1878
Saul Anthony,Sibayan,Saul Anthony Sibayan,181,M35-39,Male,Doha,Qatar,Philippines,PH,0:41:11,2:50:52,2:13:49,0:04:05,0:04:10,5:54:07,2471,10252,8029,245,250,21247,105,99,20,106,95,20,101,97,17,105,99,20,Finisher,1863
Chadwick,Tsai,Chadwick Tsai,147,M30-34,Male,Brgy Manresa,PH-00,Philippines,PH,0:43:00,2:51:32,2:11:57,0:03:44,0:03:56,5:54:09,2580,10292,7917,224,236,21249,106,100,25,141,127,27,109,105,24,106,100,25,Finisher,1961
Sittie Aminah,Dimaporo,Sittie Aminah Dimaporo,419,F35-39,Female,Ugong Norte,Quezon City,Philippines,PH,0:37:11,2:51:38,2:18:09,0:03:40,0:04:11,5:54:49,2231,10298,8289,220,251,21289,107,7,3,66,5,2,83,3,2,107,7,3,Finisher,3042
David,Gordon,David Gordon,117,M25-29,Male,Magallanes,PH-00,Philippines,PH,0:43:35,2:52:25,2:13:11,0:04:05,0:03:52,5:57:08,2615,10345,7991,245,232,21428,108,101,12,151,135,16,112,108,13,108,101,12,Finisher,1795
Reujenson,Lista,Reujenson Lista,63,M50-54,Male,taguig ,PH-00,Philippines,PH,0:44:27,2:56:48,2:11:16,0:02:14,0:03:53,5:58:37,2667,10608,7876,134,233,21517,109,102,9,168,148,15,126,121,13,109,102,9,Finisher,2189
Marlon,Ancheta,Marlon Ancheta,69,M45-49,Male,Singapore,02,Singapore,SG,0:43:51,2:45:20,2:19:29,0:05:28,0:05:09,5:59:17,2631,9920,8369,328,309,21557,110,103,16,156,139,20,94,90,14,110,103,16,Finisher,1797
Donard,Ewican,Donard Ewican,158,M35-39,Male,"SICSICAN, PUERTO PRINCESA CITY",PH-PLW,Philippines,PH,0:41:30,3:02:53,2:05:11,0:04:23,0:05:42,5:59:40,2490,10973,7511,263,342,21580,111,104,21,112,100,21,149,140,24,111,104,21,Finisher,1763
Wendill,Gaco,Wendill Gaco,82,M45-49,Male,"Poblacion, Sultan Naga Dimaporo",PH-LAN,Philippines,PH,0:42:36,3:00:04,2:09:56,0:02:41,0:04:55,6:00:12,2556,10804,7796,161,295,21612,112,105,17,136,123,16,135,129,18,112,105,17,Finisher,1780
Ma. Lourdes,Cabero,Ma. Lourdes Cabero,73,F40-44,Female,Acacia Estates,PH-00,Philippines,PH,0:45:28,3:03:15,2:03:55,0:02:52,0:05:03,6:00:33,2728,10995,7435,172,303,21633,113,8,1,182,23,2,158,12,1,113,8,1,Finisher,3500
Muhammad Sharif,Benito,Muhammad Sharif Benito,371,M40-44,Male,Upper Balulang,MISAMIS ORIENTAL,Philippines,PH,0:41:32,2:51:07,2:18:40,0:03:27,0:06:34,6:01:20,2492,10267,8320,207,394,21680,114,106,9,113,101,11,100,96,10,114,106,9,Finisher,2127
Mohamad Jallalodin,Dimaporo,Mohamad Jallalodin Dimaporo,378,M40-44,Male,Sultan Naga Dimaporo,Lanao del Norte,Philippines,PH,0:39:35,2:47:02,2:26:06,0:02:47,0:06:34,6:02:04,2375,10022,8766,167,394,21724,115,107,10,88,80,7,73,71,5,115,107,10,Finisher,2114
Scott,Autridge,Scott Autridge,168,M35-39,Male,"PANTAI NYANYI
Bali 82121","
Bali 82121",New Zealand,NZ,0:31:21,3:03:13,2:14:30,0:05:35,0:07:59,6:02:38,1881,10993,8070,335,479,21758,116,108,22,18,17,5,113,109,20,116,108,22,Finisher,1710
Gianfranco,Reyes,Gianfranco Reyes,111,M25-29,Male,Quezon city,,Philippines,PH,0:48:42,2:46:05,2:17:34,0:05:49,0:05:28,6:03:36,2922,9965,8254,349,328,21816,117,109,13,215,187,18,114,110,14,117,109,13,Finisher,1678
Wilfredo Jr,Teodoro,Wilfredo Jr Teodoro,59,M45-49,Male,Paranaque City,Metro Manila,Philippines,PH,0:40:43,2:49:59,2:24:55,0:03:38,0:04:44,6:03:59,2443,10199,8695,218,284,21839,118,110,18,102,92,8,92,88,13,118,110,18,Finisher,1712
Eric,Battisti,Eric Battisti,329,M60-64,Male,Pattaya,Chomburi,France,FR,0:34:36,3:03:27,2:18:24,0:03:06,0:05:25,6:04:59,2076,11007,8304,186,325,21899,119,111,3,42,39,1,119,115,3,119,111,3,Finisher,2749
Tomoyuki,Nagata,Tomoyuki Nagata,238,M40-44,Male,"Minami-Koenji, Suginami-ku",Tokyo,Japan,JP,0:43:10,2:57:20,2:16:16,0:03:59,0:04:53,6:05:37,2590,10640,8176,239,293,21937,120,112,11,145,131,15,129,123,16,120,112,11,Finisher,2050
Ian,Rogers,Ian Rogers,11,M55-59,Male,Manila,PH-QUE,United Kingdom,GB,0:41:46,2:48:56,2:27:24,0:04:34,0:04:01,6:06:41,2506,10136,8844,274,241,22001,121,113,4,118,106,5,96,92,3,121,113,4,Finisher,2734
Manley,Cardinez,Manley Cardinez,60,M45-49,Male,Taguig,PH-00,Philippines,PH,0:51:44,2:56:25,2:11:00,0:04:24,0:03:59,6:07:32,3104,10585,7860,264,239,22052,122,114,19,246,213,37,166,153,25,122,114,19,Finisher,1648
Jason,Wells,Jason Wells,205,M40-44,Male,,,United Kingdom,GB,0:39:53,2:58:10,2:16:16,0:07:11,0:07:42,6:09:12,2393,10690,8176,431,462,22152,123,115,12,94,85,9,133,127,18,123,115,12,Finisher,1985
Lizhi,Jiang,Lizhi Jiang,154,M30-34,Male,GUANGZHOU,CN-GD,China,CN,0:33:01,3:02:47,2:24:58,0:04:51,0:04:22,6:09:59,1981,10967,8698,291,262,22199,124,116,26,28,27,8,115,111,25,124,116,26,Finisher,1676
Luis Antonio,Carballo,Luis Antonio Carballo,66,M40-44,Male,Pasig City,00,Philippines,PH,0:39:24,2:50:06,2:30:07,0:04:58,0:05:32,6:10:07,2364,10206,9007,298,332,22207,125,117,13,85,77,6,93,89,8,125,117,13,Finisher,1969
Joey,Santos,Joey Santos,241,M40-44,Male,Bahay Toro,,Philippines,PH,0:46:13,2:52:56,2:18:34,0:06:56,0:06:05,6:10:43,2773,10376,8314,416,365,22243,126,118,14,191,166,25,139,132,19,126,118,14,Finisher,1958
Angelica Jasmine,Rejas,Angelica Jasmine Rejas,41,F25-29,Female,Iligan city,Iligan city,Philippines,PH,0:41:57,3:03:11,2:20:08,0:02:08,0:03:41,6:11:05,2517,10991,8408,128,221,22265,127,9,3,122,13,4,144,8,3,127,9,3,Finisher,2876
Mendelf,Billedo,Mendelf Billedo,70,M40-44,Male,"Nalasin, Santo Domingo",ILS,Philippines,PH,0:51:55,2:52:55,2:17:03,0:04:39,0:05:05,6:11:37,3115,10375,8223,279,305,22297,128,119,15,247,214,37,154,143,22,128,119,15,Finisher,1942
Anne,Shea,Anne Shea,413,F30-34,Female,Taguig,PH-00,United States,US,0:34:18,3:11:29,2:15:56,0:03:38,0:06:38,6:11:59,2058,11489,8156,218,398,22319,129,10,3,39,2,2,153,11,3,129,10,3,Finisher,2257
Rennel John,Arroyo,Rennel John Arroyo,367,M35-39,Male,Pio del Pilar,PH-00,Philippines,PH,0:50:26,3:05:14,2:08:02,0:03:21,0:05:14,6:12:17,3026,11114,7682,201,314,22337,130,120,23,229,199,34,193,177,28,130,120,23,Finisher,1536
Mas Ud,Dimaporo,Mas Ud Dimaporo,370,M35-39,Male,Lampsan binidayan,Lanao del sur,Philippines,PH,0:38:01,2:52:58,2:33:19,0:02:38,0:05:25,6:12:22,2281,10378,9199,158,325,22342,131,121,24,72,67,12,88,85,15,131,121,24,Finisher,1535
Isaias,Bongar,Isaias Bongar,296,M50-54,Male,Pilar,,Philippines,PH,0:42:08,2:55:45,2:27:38,0:03:13,0:04:13,6:12:57,2528,10545,8858,193,253,22377,132,122,10,127,114,13,118,114,12,132,122,10,Finisher,1931
Eric Bradford,Ong,Eric Bradford Ong,159,M35-39,Male,Quezon City,NATIONAL CAPITAL REGION,Philippines,PH,0:43:08,3:05:22,2:13:47,0:03:48,0:07:40,6:13:44,2588,11122,8027,228,460,22424,133,123,25,144,130,24,163,150,26,133,123,25,Finisher,1510
Santiago,Bumolyad Jr,Santiago Bumolyad Jr,347,M30-34,Male,Maningning,Palawan,Philippines,PH,0:48:11,3:05:06,2:11:22,0:03:35,0:05:37,6:13:51,2891,11106,7882,215,337,22431,134,124,27,212,184,32,184,169,32,134,124,27,Finisher,1606
Chee Kian,Liaw,Chee Kian Liaw,54,M40-44,Male,KLUANG,MY-01,Malaysia,MY,0:47:41,2:46:06,2:33:40,0:04:08,0:04:32,6:16:07,2861,9966,9220,248,272,22567,135,125,16,206,179,29,106,102,12,135,125,16,Finisher,1861
Erwin Christian,De Guzman,Erwin Christian De Guzman,148,M30-34,Male,Lambakin,PH-BUL,Philippines,PH,0:36:22,2:54:31,2:37:29,0:03:12,0:04:45,6:16:19,2182,10471,9449,192,285,22579,136,126,28,52,48,13,90,86,20,136,126,28,Finisher,1562
Victor Jr,Cabrera,Victor Jr Cabrera,280,M45-49,Male,Sta filomena,Zamboanga del norte,Philippines,PH,0:44:36,3:03:43,2:19:52,0:03:17,0:05:09,6:16:37,2676,11023,8392,197,309,22597,137,127,20,172,152,23,159,147,22,137,127,20,Finisher,1485
Keith,Chua,Keith Chua,343,M45-49,Male,Singapore,CENTRAL SINGAPORE,Singapore,SG,0:50:36,2:48:58,2:31:16,0:02:43,0:03:18,6:16:50,3036,10138,9076,163,198,22610,138,128,21,233,203,34,121,117,16,138,128,21,Finisher,1481
Benjamin,Tan,Benjamin Tan,376,M55-59,Male,CLARENDON HLS,IL,Philippines,PH,0:56:50,3:07:36,2:01:04,0:05:04,0:06:23,6:16:57,3410,11256,7264,304,383,22617,139,129,5,277,243,11,221,200,8,139,129,5,Finisher,2549
Shoko,Ganaha,Shoko Ganaha,434,F50-54,Female,Naha,,Japan,JP,0:43:46,3:05:13,2:18:10,0:04:34,0:05:38,6:17:21,2626,11113,8290,274,338,22641,140,11,1,154,17,3,169,14,1,140,11,1,Finisher,3500
DINDO,YAPPARCON,DINDO YAPPARCON,246,M45-49,Male,TINIGUIBAN,PUERTO PRINCESA CITY,Philippines,PH,0:49:15,2:57:58,2:20:04,0:04:02,0:06:13,6:17:33,2955,10678,8404,242,373,22653,141,130,22,220,192,30,157,146,21,141,130,22,Finisher,1468
Xiaolong,Luo,Xiaolong Luo,275,M45-49,Male,东莞市,Guangdong,China,CN,0:50:48,2:55:47,2:19:47,0:05:57,0:05:42,6:18:01,3048,10547,8387,357,342,22681,142,131,23,234,204,35,165,152,24,142,131,23,Finisher,1460
Dave Vincent,Jamago,Dave Vincent Jamago,242,M40-44,Male,Malaybalay city,PH-BUK,Philippines,PH,0:49:09,3:02:04,2:18:44,0:03:36,0:04:48,6:18:22,2949,10924,8324,216,288,22702,143,132,17,219,191,33,175,161,28,143,132,17,Finisher,1820
Romeo,Tribunalo,Romeo Tribunalo,300,M50-54,Male,Balamban,Cebu,Philippines,PH,0:52:28,2:57:01,2:19:21,0:05:06,0:05:01,6:18:58,3148,10621,8361,306,301,22738,144,133,11,257,224,24,174,160,16,144,133,11,Finisher,1822
Shaun,Copland,Shaun Copland,345,M40-44,Male,Norwich,,United Kingdom,GB,0:44:11,2:54:20,2:31:41,0:04:43,0:04:45,6:19:39,2651,10460,9101,283,285,22779,145,134,18,163,145,19,125,120,15,145,134,18,Finisher,1797
Nico Feliciano,Garcia,Nico Feliciano Garcia,243,M40-44,Male,San Diego Zone 2 Tayabas,Quezon,Philippines,PH,0:46:26,2:53:02,2:33:23,0:02:35,0:04:49,6:20:16,2786,10382,9203,155,289,22816,146,135,19,195,170,26,120,116,13,146,135,19,Finisher,1786
Michael Ryan,Bajo,Michael Ryan Bajo,213,M40-44,Male,"Zone 4, Sta.Cruz",Davao Region,Philippines,PH,0:53:09,2:47:38,2:30:01,0:05:25,0:04:14,6:20:27,3189,10058,9001,325,254,22827,147,136,20,263,230,42,140,133,20,147,136,20,Finisher,1783
Bryan,Retiro,Bryan Retiro,30,M40-44,Male,72,PH-00,Philippines,PH,0:44:32,2:48:55,2:34:18,0:02:41,0:10:35,6:21:01,2672,10135,9258,161,635,22861,148,137,21,171,151,20,102,98,11,148,137,21,Finisher,1773
Hannah,Wood,Hannah Wood,439,F25-29,Female,San Francisco,CA,United States,US,0:44:21,2:58:58,2:28:38,0:04:37,0:04:37,6:21:11,2661,10738,8918,277,277,22871,149,12,4,167,20,5,147,9,4,149,12,4,Finisher,2694
Fakhrian,Abqari,Fakhrian Abqari,149,M30-34,Male,"Ciputat
Tangerang Selatan","Banten
Banten",Indonesia,ID,0:42:46,2:56:03,2:34:44,0:03:31,0:05:25,6:22:29,2566,10563,9284,211,325,22949,150,138,29,140,126,26,123,118,27,150,138,29,Finisher,1451
Hiroshi,Sudo,Hiroshi Sudo,221,M40-44,Male,Phnom Penh,Phnom Penh,Japan,JP,0:38:14,2:52:32,2:39:46,0:04:53,0:07:35,6:23:01,2294,10352,9586,293,455,22981,151,139,22,74,68,4,98,94,9,151,139,22,Finisher,1737
Don Hanley,Wong,Don Hanley Wong,164,M35-39,Male,Cebu City,Cebu,Philippines,PH,0:44:31,3:05:25,2:24:59,0:03:39,0:06:11,6:24:45,2671,11125,8699,219,371,23085,152,140,26,169,149,25,170,156,27,152,140,26,Finisher,1312
Artem,Tsinamdzgvrishvili,Artem Tsinamdzgvrishvili,363,M40-44,Male,Western Bicutan,PH-00,Unknown,,0:35:47,3:12:34,2:27:51,0:04:08,0:04:25,6:24:46,2147,11554,8871,248,265,23086,153,141,23,46,42,3,164,151,25,153,141,23,Finisher,1705
Celso Jr,Ducao,Celso Jr Ducao,125,M30-34,Male,Puerto Princesa City,Palawan,Philippines,PH,0:50:33,3:02:16,2:21:12,0:04:33,0:06:53,6:25:25,3033,10936,8472,273,413,23125,154,142,30,232,202,34,186,171,33,154,142,30,Finisher,1398
Nick,Cudmore,Nick Cudmore,333,M65-69,Male,Zamboanguita,England,United Kingdom,GB,0:50:59,3:01:01,2:24:19,0:03:29,0:05:58,6:25:46,3059,10861,8659,209,358,23146,155,143,1,236,205,1,177,163,1,155,143,1,Finisher,3500
Daisuke,Hashimoto,Daisuke Hashimoto,240,M40-44,Male,Minato-kuKanto,Tokyo,Japan,JP,0:48:41,2:57:46,2:31:09,0:03:30,0:06:05,6:27:11,2921,10666,9069,210,365,23231,156,144,24,214,186,32,155,144,23,156,144,24,Finisher,1662
Hun,Lee,Hun Lee,356,M40-44,Male,Seoul,KR-41,South Korea,KR,0:40:15,3:10:17,2:26:01,0:03:39,0:07:22,6:27:35,2415,11417,8761,219,442,23255,157,145,25,97,87,10,173,159,27,157,145,25,Finisher,1655
Shaleen,Mundra,Shaleen Mundra,106,M25-29,Male,Kota,,India,IN,0:41:55,3:12:37,2:21:03,0:07:24,0:04:47,6:27:46,2515,11557,8463,444,287,23266,158,146,14,121,109,13,200,184,17,158,146,14,Finisher,1243
Angelo,Panopio,Angelo Panopio,324,M55-59,Male,Brgy. Pinyahan,Quezon City,Philippines,PH,0:52:17,3:04:38,2:22:31,0:04:24,0:03:58,6:27:47,3137,11078,8551,264,238,23267,159,147,6,253,220,10,199,183,7,159,147,6,Finisher,2354
Brian,Ongteco,Brian Ongteco,309,M50-54,Male,CHULA VISTA,CA,Philippines,PH,0:36:38,3:11:50,2:27:58,0:07:15,0:05:13,6:28:54,2198,11510,8878,435,313,23334,160,148,12,56,52,6,179,164,17,160,148,12,Finisher,1643
Philippus,Le Roux,Philippus Le Roux,18,M50-54,Male,Addition Hills,MANILA,South Africa,ZA,0:41:09,2:53:39,2:45:03,0:03:21,0:05:43,6:28:56,2469,10419,9903,201,343,23336,161,149,13,105,94,11,108,104,10,161,149,13,Finisher,1643
Natalie,Edwards,Natalie Edwards,71,F45-49,Female,Manly,NSW,Australia,AU,0:38:13,3:07:40,2:34:09,0:03:29,0:05:41,6:29:12,2293,11260,9249,209,341,23352,162,13,1,73,6,1,152,10,1,162,13,1,Finisher,3500
Mario,Dilidili,Mario Dilidili,191,M35-39,Male,28/Sta. Cruz,Cavite City/Cavite,Philippines,PH,0:45:45,2:57:43,2:36:15,0:03:51,0:05:42,6:29:17,2745,10663,9375,231,342,23357,163,150,27,186,162,27,145,137,23,163,150,27,Finisher,1230
Alexandra,Tetushkina,Alexandra Tetushkina,422,F35-39,Female,Dubai,Dubai,United Arab Emirates,AE,0:42:45,3:03:12,2:31:58,0:06:01,0:05:22,6:29:18,2565,10992,9118,361,322,23358,164,14,4,139,14,4,161,13,4,164,14,4,Finisher,2421
Romulo,Rosell,Romulo Rosell,295,M50-54,Male,Jagobiao Mandaue,Cebu,Philippines,PH,0:44:09,3:09:29,2:28:11,0:03:52,0:05:03,6:30:44,2649,11369,8891,232,303,23444,165,151,14,160,142,14,187,172,18,165,151,14,Finisher,1610
Hermogenes,Saludes,Hermogenes Saludes,257,M45-49,Male,Quezon City,,Philippines,PH,0:42:32,3:06:56,2:30:57,0:04:19,0:06:04,6:30:47,2552,11216,9057,259,364,23447,166,152,24,134,121,14,171,157,26,166,152,24,Finisher,1230
Jarev,Divinagracia,Jarev Divinagracia,121,M25-29,Male,Brgy. San Isidro,PH-RIZ,Philippines,PH,0:43:46,3:05:58,2:33:44,0:03:36,0:04:41,6:31:44,2626,11158,9224,216,281,23504,167,153,15,155,138,17,168,155,15,167,153,15,Finisher,1172
Jeyps,Cabero,Jeyps Cabero,58,M45-49,Male,Acacia Estates,PH-00,Philippines,PH,0:41:37,3:01:32,2:34:00,0:05:52,0:08:55,6:31:55,2497,10892,9240,352,535,23515,168,154,25,116,104,12,151,142,20,168,154,25,Finisher,1209
Miguel,Laman,Miguel Laman,157,M35-39,Male,45,Metro Manila,Philippines,PH,0:46:23,3:00:56,2:33:24,0:04:43,0:06:44,6:32:10,2783,10856,9204,283,404,23530,169,155,28,193,168,30,162,149,25,169,155,28,Finisher,1178
Neiman,Sevilla,Neiman Sevilla,114,M25-29,Male,Quezon City,Quezon City,Philippines,PH,0:39:36,2:55:32,2:50:51,0:03:26,0:04:25,6:33:50,2376,10532,10251,206,265,23630,170,156,16,89,81,10,110,106,12,170,156,16,Finisher,1134
Nica,Virtucio,Nica Virtucio,405,F25-29,Female,San Pascual,PH-BTG,Philippines,PH,0:38:48,3:23:57,2:20:30,0:04:09,0:06:42,6:34:05,2328,12237,8430,249,402,23645,171,15,5,81,8,1,216,19,5,171,15,5,Finisher,2462
Raymond,Posadas,Raymond Posadas,265,M45-49,Male,Mandaluyong City,Metro Manila,Philippines,PH,0:41:29,3:00:54,2:40:42,0:04:20,0:06:58,6:34:23,2489,10854,9642,260,418,23663,172,157,26,111,99,10,143,136,19,172,157,26,Finisher,1165
Ricky,Omadle,Ricky Omadle,285,M50-54,Male,PHILIPPINES (PHI),,Philippines,PH,0:48:58,3:05:27,2:31:33,0:04:12,0:04:56,6:35:06,2938,11127,9093,252,296,23706,173,158,15,218,190,20,192,176,19,173,158,15,Finisher,1532
Cyril,Benedicto,Cyril Benedicto,442,F35-39,Female,Ususan Taguig,Metro Manila,Philippines,PH,0:51:04,3:07:46,2:25:54,0:04:49,0:05:56,6:35:29,3064,11266,8754,289,356,23729,174,16,5,240,33,7,202,17,5,174,16,5,Finisher,2310
Amelou,Tapia,Amelou Tapia,416,F35-39,Female,CAA,Las Pinas,Philippines,PH,0:45:17,3:25:45,2:18:09,0:03:20,0:03:13,6:35:43,2717,12345,8289,200,193,23743,175,17,6,179,22,5,233,24,6,175,17,6,Finisher,2306
Romel,Malbas,Romel Malbas,289,M50-54,Male,Singapore,,Singapore,SG,0:44:32,2:54:44,2:42:28,0:07:08,0:06:56,6:35:49,2672,10484,9748,428,416,23749,176,159,16,170,150,16,141,134,15,176,159,16,Finisher,1519
Ervin,Aspera,Ervin Aspera,144,M30-34,Male,Barangay sicsican puerto princesa city,Palawan,Philippines,PH,0:49:48,3:15:38,2:22:55,0:02:59,0:04:31,6:35:51,2988,11738,8575,179,271,23751,177,160,31,226,196,33,218,198,34,177,160,31,Finisher,1210
Jesica,Morillo,Jesica Morillo,403,F25-29,Female,Pili,PH-CAS,Philippines,PH,0:47:41,3:17:21,2:23:57,0:03:24,0:04:23,6:36:47,2861,11841,8637,204,263,23807,178,18,6,205,27,7,219,21,6,178,18,6,Finisher,2413
Luxsanun,Putchakan,Luxsanun Putchakan,427,F40-44,Female,Klongsan,Bangkok,Thailand,TH,0:45:14,3:17:33,2:26:51,0:03:24,0:04:07,6:37:09,2714,11853,8811,204,247,23829,179,19,2,178,21,1,212,18,2,179,19,2,Finisher,2841
Rafael,Caguiat,Rafael Caguiat,102,M18-24,Male,Medicion 2-D / Imus City,PH-CAV,Philippines,PH,0:42:09,2:47:59,2:59:02,0:03:23,0:04:52,6:37:24,2529,10079,10742,203,292,23844,180,161,9,128,115,8,87,84,8,180,161,9,Finisher,1197
Eugene,Mejia,Eugene Mejia,245,M40-44,Male,marikina,,Philippines,PH,0:44:10,3:06:09,2:36:07,0:05:01,0:06:02,6:37:29,2650,11169,9367,301,362,23849,181,162,26,161,143,18,176,162,29,181,162,26,Finisher,1476
Raymond,Chavez,Raymond Chavez,180,M35-39,Male,Quezon City,,Philippines,PH,0:42:25,3:13:43,2:31:48,0:04:42,0:05:05,6:37:44,2545,11623,9108,282,305,23864,182,163,29,133,120,22,195,179,29,182,163,29,Finisher,1078
Helmut,Kurzboeck,Helmut Kurzboeck,444,M60-64,Male,,,Germany,DE,0:42:41,3:04:43,2:34:35,0:08:42,0:07:20,6:38:01,2561,11083,9275,522,440,23881,183,164,4,137,124,5,181,166,4,183,164,4,Finisher,2155
John lester,David,John lester David,146,M30-34,Male,dolores,PH-PAM,Philippines,PH,0:44:15,2:58:55,2:46:09,0:03:19,0:05:46,6:38:24,2655,10735,9969,199,346,23904,184,165,32,165,146,29,142,135,29,184,165,32,Finisher,1164
Benedict Jose,Torres,Benedict Jose Torres,194,M35-39,Male,Angeles City,Pampanga,Philippines,PH,0:53:00,3:08:59,2:27:00,0:03:35,0:06:41,6:39:15,3180,11339,8820,215,401,23955,185,166,30,262,229,36,209,192,33,185,166,30,Finisher,1051
Gilbert,Bonbon,Gilbert Bonbon,198,M40-44,Male,"San pedro, Puerto princesa",Palawan,Philippines,PH,0:43:53,3:03:52,2:43:36,0:02:51,0:05:47,6:39:58,2633,11032,9816,171,347,23998,186,167,27,157,140,17,156,145,24,186,167,27,Finisher,1432
Dan Ryan,Co,Dan Ryan Co,352,M40-44,Male,North Fairview,Metro Mani,Philippines,PH,0:50:25,3:10:11,2:29:33,0:03:39,0:06:11,6:39:58,3025,11411,8973,219,371,23998,187,168,28,228,198,35,204,187,32,187,168,28,Finisher,1432
Mark,Jingco,Mark Jingco,353,M45-49,Male,City of San Fernando,PH-PAM,Philippines,PH,0:53:58,3:01:37,2:31:14,0:05:32,0:07:44,6:40:04,3238,10897,9074,332,464,24004,188,169,27,268,234,40,197,181,29,188,169,27,Finisher,1063
Lê,Hoàng Vũ,Lê Hoàng Vũ,348,M40-44,Male,Ninh Kiều,VN-CT,Vietnam,VN,0:45:33,2:59:27,2:45:29,0:02:52,0:07:14,6:40:35,2733,10767,9929,172,434,24035,189,170,29,183,160,24,146,138,21,189,170,29,Finisher,1421
Alan,Gilmartin,Alan Gilmartin,55,M55-59,Male,HUA HIN,YKS,United Kingdom,GB,0:36:12,3:04:26,2:48:57,0:04:38,0:06:44,6:40:58,2172,11066,10137,278,404,24058,190,171,7,50,46,2,134,128,5,190,171,7,Finisher,2117
Glenlord,Baniago,Glenlord Baniago,200,M40-44,Male,"Bgy San Pedro, Puerto Princesa C",PH-PLW,Philippines,PH,0:47:51,3:03:55,2:39:58,0:04:04,0:05:23,6:41:11,2871,11035,9598,244,323,24071,191,172,30,207,180,30,180,165,30,191,172,30,Finisher,1410
Miaw Choo,Foong,Miaw Choo Foong,430,F45-49,Female,BUKIT MERTAJAM,PENANG,Malaysia,MY,0:44:08,3:07:42,2:36:06,0:03:43,0:10:02,6:41:40,2648,11262,9366,223,602,24100,192,20,2,159,18,3,178,15,2,192,20,2,Finisher,3275
Meil Anthony,Desales,Meil Anthony Desales,139,M30-34,Male,CITY OF TARLAC,Tarlac,Philippines,PH,0:58:53,3:18:41,2:13:17,0:04:42,0:07:09,6:42:42,3533,11921,7997,282,429,24162,193,173,33,284,248,38,255,226,36,193,173,33,Finisher,1087
Tina,Chan,Tina Chan,410,F30-34,Female,Hong Kong ,Hong Kong,Hong Kong,HK,0:44:13,3:26:46,2:15:15,0:08:10,0:08:37,6:43:01,2653,12406,8115,490,517,24181,194,21,4,164,19,5,249,28,5,194,21,4,Finisher,1698
Joannes,Arche,Joannes Arche,229,M40-44,Male,Tisa Cebu City,PH-CEB,Philippines,PH,0:47:02,3:21:40,2:19:15,0:06:54,0:08:19,6:43:10,2822,12100,8355,414,499,24190,195,174,31,199,174,28,237,212,41,195,174,31,Finisher,1374
Earl,Olario,Earl Olario,83,M40-44,Male,Sultan naga dimaporo,Lanao del norte,Philippines,PH,0:56:11,2:53:29,2:44:47,0:04:30,0:04:54,6:43:52,3371,10409,9887,270,294,24232,196,175,32,275,241,47,172,158,26,196,175,32,Finisher,1361
Kiko,Hashikawa,Kiko Hashikawa,336,M70-74,Male,那覇市泉崎,,Japan,JP,0:42:06,3:08:39,2:37:15,0:07:43,0:08:15,6:43:59,2526,11319,9435,463,495,24239,197,176,1,126,113,1,190,175,1,197,176,1,Finisher,3500
Lars,Kuettel,Lars Kuettel,303,M50-54,Male,Malters,,Switzerland,CH,0:36:33,2:45:43,3:13:39,0:03:57,0:05:53,6:45:45,2193,9943,11619,237,353,24345,198,177,17,53,49,5,64,62,4,198,177,17,Finisher,1340
Vincent,Pring,Vincent Pring,196,M40-44,Male,Alabang/Muntinlupa,Metro Manila,Philippines,PH,0:49:24,3:04:02,2:40:07,0:04:31,0:08:27,6:46:32,2964,11042,9607,271,507,24392,199,178,33,223,195,34,188,173,31,199,178,33,Finisher,1313
Enrico,Yamsuan,Enrico Yamsuan,282,M45-49,Male,singapore,CENTRAL SINGAPORE,Philippines,PH,0:44:50,3:06:04,2:42:07,0:06:06,0:07:29,6:46:37,2690,11164,9727,366,449,24397,200,179,28,175,155,24,185,170,28,200,179,28,Finisher,945
Jean-Marc,Bauquin,Jean-Marc Bauquin,349,M50-54,Male,Taguig,PH-00,France,FR,0:41:57,3:16:06,2:38:10,0:05:00,0:05:41,6:46:54,2517,11766,9490,300,341,24414,201,180,18,123,110,12,201,185,21,201,180,18,Finisher,1319
Romic,Magbanua,Romic Magbanua,126,M30-34,Male,"Tiniguiban, Puerto Princesa City",,Philippines,PH,0:43:02,3:02:18,2:53:08,0:03:32,0:05:25,6:47:26,2582,10938,10388,212,325,24446,202,181,34,142,128,28,150,141,31,202,181,34,Finisher,1002
Robert Jonah,Rivera,Robert Jonah Rivera,81,M45-49,Male,Biñan,"Biñan, Laguna",Philippines,PH,0:49:22,2:59:57,2:45:40,0:07:32,0:05:57,6:48:28,2962,10797,9940,452,357,24508,203,182,29,222,194,31,183,168,27,203,182,29,Finisher,911
Andrew,Dagnall,Andrew Dagnall,204,M40-44,Male,Singapore,,United Kingdom,GB,0:45:24,3:39:15,2:06:08,0:08:33,0:10:11,6:49:30,2724,13155,7568,513,611,24570,204,183,34,180,158,23,270,240,48,204,183,34,Finisher,1260
Christina,Tee-Bautista,Christina Tee-Bautista,423,F35-39,Female,Marcelo Green Village,Parañaque,Philippines,PH,1:01:07,3:17:03,2:22:08,0:04:54,0:04:34,6:49:46,3667,11823,8528,294,274,24586,205,22,7,290,37,9,257,30,8,205,22,7,Finisher,2053
Mayu,Kohno,Mayu Kohno,431,F45-49,Female,Hippodromo,CEBU,Japan,JP,0:43:20,3:25:29,2:28:29,0:06:15,0:06:37,6:50:10,2600,12329,8909,375,397,24610,206,23,3,148,16,2,235,25,3,206,23,3,Finisher,3122
Logan,Mallari,Logan Mallari,206,M40-44,Male,Merville paranaque,,Philippines,PH,1:00:30,2:59:34,2:41:18,0:04:48,0:04:24,6:50:34,3630,10774,9678,288,264,24634,207,184,35,288,252,49,207,190,34,207,184,35,Finisher,1241
ALAIN,LEEMANS,ALAIN LEEMANS,312,M55-59,Male,Torremolinos,MALAGA,Belgium,BE,0:40:56,3:08:00,2:52:28,0:03:46,0:05:32,6:50:42,2456,11280,10348,226,332,24642,208,185,8,103,93,4,167,154,6,208,185,8,Finisher,1942
Trevor,Morrish-Hale,Trevor Morrish-Hale,272,M45-49,Male,MUNTINLUPA,NCR,United Kingdom,GB,0:39:48,3:17:06,2:44:18,0:04:22,0:05:18,6:50:51,2388,11826,9858,262,318,24651,209,186,30,92,83,7,198,182,30,209,186,30,Finisher,869
Arnold Roy,Jimenez,Arnold Roy Jimenez,306,M50-54,Male,Paranaque,Metro Manila,Philippines,PH,0:40:32,2:53:57,3:04:14,0:06:22,0:06:47,6:51:52,2432,10437,11054,382,407,24712,210,187,19,100,90,10,116,112,11,210,187,19,Finisher,1230
Noel,Rondario,Noel Rondario,228,M40-44,Male,Paranaque City,METRO MANILA,Philippines,PH,0:54:33,3:04:44,2:38:47,0:06:07,0:08:07,6:52:18,3273,11084,9527,367,487,24738,211,188,36,271,237,45,208,191,35,211,188,36,Finisher,1210
Nelson,Ng,Nelson Ng,319,M55-59,Male,,,Singapore,SG,0:58:17,3:24:18,2:20:15,0:02:36,0:07:00,6:52:26,3497,12258,8415,156,420,24746,212,189,9,280,245,12,263,233,12,212,189,9,Finisher,1910
Rexel May,Dalinog,Rexel May Dalinog,74,F30-34,Female,Dipolog City,Zamboanga del Norte,Philippines,PH,0:43:15,3:25:40,2:37:04,0:03:02,0:03:28,6:52:30,2595,12340,9424,182,208,24750,213,24,5,147,15,4,226,22,4,213,24,5,Finisher,1527
Leonard,Dela Cruz,Leonard Dela Cruz,414,M35-39,Female,puerto princesa city,,Philippines,PH,0:55:20,3:06:38,2:40:13,0:04:45,0:05:48,6:52:44,3320,11198,9613,285,348,24764,214,190,31,273,239,39,214,196,35,214,190,31,Finisher,808
Hiroki,Miura,Hiroki Miura,236,M40-44,Male,豊中市寺内,,Japan,JP,0:46:27,3:35:27,2:15:20,0:07:43,0:07:52,6:52:49,2787,12927,8120,463,472,24769,215,191,37,196,171,27,265,235,45,215,191,37,Finisher,1200
Monroe,Erynko,Monroe Erynko,120,M25-29,Male,"SICSICAN, PUERTO PRINCESA CITY",PH-PLW,Philippines,PH,0:51:16,2:59:54,2:50:52,0:05:08,0:07:47,6:54:56,3076,10794,10252,308,467,24896,216,192,17,241,208,21,182,167,16,216,192,17,Finisher,754
Adhika,Aryaguna,Adhika Aryaguna,342,M40-44,Male,Tangerang Selatan,Banten,Indonesia,ID,0:54:26,3:05:44,2:40:16,0:05:57,0:10:38,6:57:01,3266,11144,9616,357,638,25021,217,193,38,270,236,44,211,194,37,217,193,38,Finisher,1125
Kenichi,Imoto,Kenichi Imoto,337,M75-79,Male,甲賀市甲賀町相模,JP-25,Japan,JP,0:46:48,3:28:23,2:29:56,0:05:34,0:06:51,6:57:31,2808,12503,8996,334,411,25051,218,194,1,198,173,1,253,224,1,218,194,1,Finisher,3500
Yumei,Yan,Yumei Yan,426,F40-44,Female,东莞市,广东省,China,CN,0:47:04,3:22:26,2:33:05,0:04:30,0:10:53,6:57:59,2824,12146,9185,270,653,25079,219,25,3,200,26,3,232,23,3,219,25,3,Finisher,2466
Julito,Tumanday,Julito Tumanday,237,M40-44,Male,iloilo city,iloilo city,Philippines,PH,0:51:18,3:14:46,2:44:39,0:02:57,0:05:01,6:58:41,3078,11686,9879,177,301,25121,220,195,39,242,209,36,220,199,38,220,195,39,Finisher,1095
Shengxiang,Li,Shengxiang Li,212,M40-44,Male,东莞市,广东省,China,CN,0:47:51,3:10:37,2:45:15,0:07:08,0:08:26,6:59:18,2871,11437,9915,428,506,25158,221,196,40,208,181,31,210,193,36,221,196,40,Finisher,1084
Diomedes,Dilla,Diomedes Dilla,313,M55-59,Male,Sampaloc,Manila Metro Manila,Philippines,PH,0:46:25,3:23:16,2:36:37,0:06:31,0:07:03,6:59:51,2785,12196,9397,391,423,25191,222,197,10,194,169,7,239,214,10,222,197,10,Finisher,1777
Denis,Sapegin,Denis Sapegin,52,M40-44,Male,,"Minskaya obl
Minsk",Tajikistan,TJ,0:45:11,3:23:07,2:45:12,0:02:35,0:05:34,7:01:40,2711,12187,9912,155,334,25300,223,198,41,177,157,22,223,202,39,223,198,41,Finisher,1041
Phong,Tran,Phong Tran,188,M35-39,Male,Tay Ninh,Tay Ninh,Vietnam,VN,0:46:20,3:13:52,2:53:13,0:03:43,0:05:21,7:02:28,2780,11632,10393,223,321,25348,224,199,32,192,167,29,203,186,31,224,199,32,Finisher,700
Jimbo,Janog,Jimbo Janog,297,M50-54,Male,Co.Dublin,Dublin,Philippines,PH,0:54:53,3:13:26,2:42:27,0:05:24,0:06:28,7:02:38,3293,11606,9747,324,388,25358,225,200,20,272,238,27,231,209,22,225,200,20,Finisher,1036
Thomas,Gillen,Thomas Gillen,227,M40-44,Male,Makati,Manila,United Kingdom,GB,0:52:33,3:27:25,2:31:04,0:05:04,0:06:57,7:03:03,3153,12445,9064,304,417,25383,226,201,42,258,225,40,262,232,44,226,201,42,Finisher,1016
Red Vladimir,Diomampo,Red Vladimir Diomampo,101,M18-24,Male,"Barangay Daang Bakal, Mandaluyong City",Metro Manila,Philippines,PH,0:31:56,3:22:06,2:58:51,0:04:12,0:07:59,7:05:05,1916,12126,10731,252,479,25505,227,202,10,22,21,4,189,174,10,227,202,10,Finisher,700
Katsumi,Nose,Katsumi Nose,279,M45-49,Male,Nakanoku,Tokyo,Japan,JP,0:48:18,3:21:54,2:44:45,0:04:18,0:06:32,7:05:49,2898,12114,9885,258,392,25549,228,203,31,213,185,29,234,210,33,228,203,31,Finisher,700
Daniel,Kelly,Daniel Kelly,161,M35-39,Male,Margaret River,AU-WA,United Kingdom,GB,0:36:46,3:19:51,2:53:47,0:07:56,0:08:03,7:06:23,2206,11991,10427,476,483,25583,229,204,33,62,58,11,205,188,32,229,204,33,Finisher,700
Remy,Pazzottu,Remy Pazzottu,293,M50-54,Male,L HERBERGEMENT,,France,FR,0:37:20,3:04:49,3:17:48,0:03:39,0:04:01,7:07:38,2240,11089,11868,219,241,25658,230,205,21,68,63,7,136,130,14,230,205,21,Finisher,946
Geraldine,Abuan,Geraldine Abuan,75,F55-59,Female,Los Banos,Laguna,Philippines,PH,0:49:31,3:24:13,2:40:50,0:04:43,0:08:52,7:08:08,2971,12253,9650,283,532,25688,231,26,1,224,29,1,243,27,1,231,26,1,Finisher,3500
Sodais,Dimaporo,Sodais Dimaporo,369,M30-34,Male,Lampsan binidayan,Lanao del sur,Philippines,PH,0:57:02,3:11:50,2:47:50,0:03:43,0:07:46,7:08:10,3422,11510,10070,223,466,25690,232,206,35,278,244,36,227,205,35,232,206,35,Finisher,700
Romy,Naciongayo,Romy Naciongayo,225,M40-44,Male,Pagadian,zamboanga del sur,Philippines,PH,0:43:38,3:24:17,2:48:20,0:05:30,0:06:58,7:08:43,2618,12257,10100,330,418,25723,233,207,43,153,137,16,229,207,40,233,207,43,Finisher,914
Petronilo Jr,Abuan,Petronilo Jr Abuan,339,M50-54,Male,Los banos,PH-LAG,Philippines,PH,0:52:54,3:23:47,2:38:19,0:05:57,0:09:01,7:09:58,3174,12227,9499,357,541,25798,234,208,22,260,227,25,256,227,24,234,208,22,Finisher,904
Jeremy,Cortez,Jeremy Cortez,156,M35-39,Male,tondo,MANILA,Philippines,PH,0:43:02,3:18:53,2:58:04,0:04:46,0:05:54,7:10:40,2582,11933,10684,286,354,25840,235,209,34,143,129,23,213,195,34,235,209,34,Finisher,700
Micah,Barcelona,Micah Barcelona,113,M25-29,Male,Manama,Manama,Philippines,PH,0:52:12,3:14:43,2:54:46,0:03:42,0:06:08,7:11:31,3132,11683,10486,222,368,25891,236,210,18,251,218,22,222,201,18,236,210,18,Finisher,700
Ernesto Jr.,Mendoza,Ernesto Jr. Mendoza,354,M35-39,Male,Makati,METRO MANILA,Philippines,PH,0:47:55,3:28:50,2:44:40,0:04:05,0:07:13,7:12:43,2875,12530,9880,245,433,25963,237,211,35,209,182,32,254,225,37,237,211,35,Finisher,700
Therese Ernestine,Revilla,Therese Ernestine Revilla,406,F25-29,Female,Marigondon,Cebu,Philippines,PH,0:49:41,3:23:51,2:51:03,0:03:29,0:05:30,7:13:34,2981,12231,10263,209,330,26014,238,27,7,225,30,8,241,26,7,238,27,7,Finisher,1751
Karlo Dennys ,Abordo,Karlo Dennys Abordo,201,M40-44,Male,"SICSICAN, PUERTO PRINCESA CITY",PH-PLW,Philippines,PH,0:45:11,3:14:10,2:59:22,0:05:25,0:09:44,7:13:52,2711,11650,10762,325,584,26032,239,212,44,176,156,21,206,189,33,239,212,44,Finisher,821
Gustavo,Salgado,Gustavo Salgado,335,M65-69,Male,BAHÍAS DE HUATULCO,SANTA MARÍA HUATULCO,Mexico,MX,0:56:27,3:29:31,2:32:14,0:04:02,0:11:39,7:13:52,3387,12571,9134,242,699,26032,240,213,2,276,242,3,267,237,2,240,213,2,Finisher,2634
Dennis,Dy,Dennis Dy,278,M45-49,Male,Candulawan,PH-CEB,Philippines,PH,0:52:14,3:27:34,2:42:46,0:05:05,0:06:51,7:14:30,3134,12454,9766,305,411,26070,241,214,32,252,219,39,261,231,37,241,214,32,Finisher,700
Kazimir Kira,Wong,Kazimir Kira Wong,417,F35-39,Female,Apas,Cebu City,Philippines,PH,0:45:42,3:53:17,2:23:48,0:06:22,0:05:36,7:14:45,2742,13997,8628,382,336,26085,242,28,8,185,24,6,283,34,9,242,28,8,Finisher,1603
Heherson,Robleza,Heherson Robleza,169,M35-39,Male,Brgy. 168,Caloocan,Philippines,PH,0:45:25,3:10:01,3:08:38,0:05:27,0:05:26,7:14:57,2725,11401,11318,327,326,26097,243,215,36,181,159,26,196,180,30,243,215,36,Finisher,700
Mark Wei Seng,Mu,Mark Wei Seng Mu,254,M45-49,Male,Singapore,,Singapore,SG,0:45:34,3:28:56,2:52:20,0:03:58,0:05:24,7:16:11,2734,12536,10340,238,324,26171,244,216,33,184,161,25,244,217,35,244,216,33,Finisher,700
Rafael,Lising,Rafael Lising,286,M50-54,Male,Telabastagan,San Fernando Pampanga,Philippines,PH,0:52:03,3:26:35,2:46:24,0:05:28,0:06:20,7:16:50,3123,12395,9984,328,380,26210,245,217,23,249,216,23,259,229,25,245,217,23,Finisher,781
Joemari,Polo,Joemari Polo,255,M45-49,Male,Tagbilaran City,PH-BOH,Philippines,PH,0:50:27,3:27:23,2:40:54,0:07:30,0:10:49,7:17:02,3027,12443,9654,450,649,26222,246,218,34,230,200,32,264,234,38,246,218,34,Finisher,700
Long Hai,Luu,Long Hai Luu,150,M30-34,Male,Tây Ninh,VN-37,Vietnam,VN,0:41:41,3:01:48,3:24:18,0:04:43,0:07:02,7:19:33,2501,10908,12258,283,422,26373,247,219,36,117,105,24,148,139,30,247,219,36,Finisher,700
Robert Jr,Visbal,Robert Jr Visbal,315,M55-59,Male,Brgy Inchican,PH-CAV,Philippines,PH,0:49:16,3:16:45,3:02:09,0:05:47,0:06:32,7:20:30,2956,11805,10929,347,392,26430,248,220,11,221,193,8,225,204,9,248,220,11,Finisher,1405
Dennis Boy,Ferry,Dennis Boy Ferry,234,M40-44,Male,Molino III,Bacoor Cavite,Philippines,PH,0:52:23,3:21:30,2:56:41,0:05:02,0:08:00,7:23:37,3143,12090,10601,302,480,26617,249,221,45,254,221,38,246,219,42,249,221,45,Finisher,700
Jose Emmanuel,Carlos,Jose Emmanuel Carlos,115,M25-29,Male,Sindalan,City of San Fernando,Philippines,PH,0:51:01,3:16:25,3:03:54,0:05:47,0:06:31,7:23:38,3061,11785,11034,347,391,26618,250,222,19,237,206,20,228,206,19,250,222,19,Finisher,700
Bernard,Mercado,Bernard Mercado,232,M40-44,Male,Addition Hills,PH-00,Philippines,PH,0:52:27,3:19:45,2:57:18,0:07:58,0:07:43,7:25:10,3147,11985,10638,478,463,26710,251,223,46,256,223,39,251,222,43,251,223,46,Finisher,700
Shannon,Byrne,Shannon Byrne,435,F50-54,Female,Thonglor,Bangkok,Thailand,TH,0:39:43,3:14:44,3:21:51,0:04:04,0:05:44,7:26:06,2383,11684,12111,244,344,26766,252,29,2,90,9,2,191,16,2,252,29,2,Finisher,2262
Reynaldo,Sabando,Reynaldo Sabando,325,M60-64,Male,"brgy maningning, puerto princesa city",palawan,Philippines,PH,0:51:28,3:09:23,3:11:54,0:05:54,0:08:51,7:27:30,3088,11363,11514,354,531,26850,253,224,5,243,210,7,215,197,5,253,224,5,Finisher,1264
Jessie,Tam-od,Jessie Tam-od,283,M50-54,Male,Puerto princess city,Palawan,Philippines,PH,0:51:04,3:24:24,3:02:22,0:03:39,0:06:03,7:27:32,3064,12264,10942,219,363,26852,254,225,24,239,207,22,248,221,23,254,225,24,Finisher,700
Luis,Padilla,Luis Padilla,118,M25-29,Male,Kapitolyo,METRO MANILA,Philippines,PH,0:41:18,3:32:19,3:01:46,0:04:16,0:08:18,7:27:58,2478,12739,10906,256,498,26878,255,226,20,109,97,11,242,216,21,255,226,20,Finisher,700
Frédéric,MONCOMBLE,Frédéric MONCOMBLE,260,M45-49,Male,Le poire sur vie,VENDEE,France,FR,0:47:30,3:20:21,3:13:24,0:03:45,0:05:27,7:30:27,2850,12021,11604,225,327,27027,256,227,35,202,176,27,224,203,31,256,227,35,Finisher,700
Raymond,Abesamis,Raymond Abesamis,338,M45-49,Male,San Martin De Porres,,Philippines,PH,0:46:13,3:22:12,3:09:47,0:05:05,0:07:14,7:30:31,2773,12132,11387,305,434,27031,257,228,36,190,165,26,230,208,32,257,228,36,Finisher,700
Andrew Joseph,Layson,Andrew Joseph Layson,163,M35-39,Male,Tamuning,Guam,Guam,GU,0:53:42,3:41:41,2:31:10,0:11:56,0:14:12,7:32:41,3222,13301,9070,716,852,27161,258,229,37,267,233,38,286,252,40,258,229,37,Finisher,700
Maria Araceli Xerrah,Sales,Maria Araceli Xerrah Sales,421,F35-39,Female,"Batasan Hills, Quezon City",NCR,Philippines,PH,0:53:40,3:21:03,3:07:58,0:04:58,0:06:23,7:34:02,3220,12063,11278,298,383,27242,259,30,9,266,34,8,250,29,7,259,30,9,Finisher,1256
Lee,Wood,Lee Wood,330,M60-64,Male,Taguig,NCR,United States,US,0:41:37,3:31:49,3:10:24,0:03:19,0:07:12,7:34:21,2497,12709,11424,199,432,27261,260,230,6,115,103,4,240,215,6,260,230,6,Finisher,1141
Mamerto,Gapultos,Mamerto Gapultos,323,M55-59,Male,Henderson,NV,Philippines,PH,0:52:04,3:20:47,3:09:59,0:05:51,0:06:14,7:34:54,3124,12047,11399,351,374,27294,261,231,12,250,217,9,245,218,11,261,231,12,Finisher,1146
John Paul,Palattao,John Paul Palattao,277,M45-49,Male,Loyola Heights,Quezon City,Philippines,PH,0:43:13,3:27:48,3:13:17,0:05:04,0:05:44,7:35:06,2593,12468,11597,304,344,27306,262,232,37,146,132,17,238,213,34,262,232,37,Finisher,700
Melody Jane,Amorin,Melody Jane Amorin,408,F30-34,Female,"Brgy. San Jose, Puerto Princesa",,Philippines,PH,0:51:03,3:39:42,2:51:40,0:04:30,0:08:25,7:35:20,3063,13182,10300,270,505,27320,263,31,6,238,32,6,274,32,6,263,31,6,Finisher,756
Jesi Emmanuel,Buensuceso,Jesi Emmanuel Buensuceso,142,M30-34,Male,Manila,00,Philippines,PH,0:52:26,3:49:37,2:43:43,0:03:58,0:06:31,7:36:14,3146,13777,9823,238,391,27374,264,233,37,255,222,35,285,251,38,264,233,37,Finisher,700
Edjing,San Juan,Edjing San Juan,224,M40-44,Male,Taytay,"TAYTAY, RIZAL",Philippines,PH,0:55:36,3:42:21,2:49:02,0:04:19,0:06:48,7:38:05,3336,13341,10142,259,408,27485,265,234,47,274,240,46,281,248,50,265,234,47,Finisher,700
Raymon Ram,Chua,Raymon Ram Chua,192,M35-39,Male,BRGY SAN ISIDRO,PH-SCO,Philippines,PH,0:53:28,3:22:00,3:11:36,0:05:13,0:05:55,7:38:13,3208,12120,11496,313,355,27493,266,235,38,264,231,37,252,223,36,266,235,38,Finisher,700
Jeffrey,Wong,Jeffrey Wong,271,M45-49,Male,Singapore,,Singapore,SG,0:59:34,3:28:53,2:59:07,0:04:51,0:07:03,7:39:27,3574,12533,10747,291,423,27567,267,236,38,286,250,41,271,241,39,267,236,38,Finisher,700
Maribeth,Reyes,Maribeth Reyes,432,F45-49,Female,Parañaque,Metro manila,Philippines,PH,0:50:50,3:38:15,3:00:03,0:04:41,0:05:55,7:39:43,3050,13095,10803,281,355,27583,268,32,4,235,31,4,273,31,4,268,32,4,Finisher,2230
Ralph,Suarez,Ralph Suarez,107,M25-29,Male,Cupang,,Philippines,PH,0:48:42,3:20:30,3:14:59,0:06:06,0:10:08,7:40:25,2922,12030,11699,366,608,27625,269,237,21,216,188,19,236,211,20,269,237,21,Finisher,700
Wendy,Loo,Wendy Loo,433,F50-54,Female,HENDERSON,NV,United States,US,0:38:24,3:23:22,3:24:19,0:06:23,0:10:52,7:43:21,2304,12202,12259,383,652,27801,270,33,3,77,7,1,217,20,3,270,33,3,Finisher,1952
Elmer,Tagarino,Elmer Tagarino,304,M50-54,Male,Pamplona Dos,NATIONAL CAPITAL REGION,Philippines,PH,0:44:48,3:09:34,3:34:53,0:06:12,0:09:06,7:44:33,2688,11374,12893,372,546,27873,271,238,25,174,154,18,194,178,20,271,238,25,Finisher,700
Jigs,Calimbayan,Jigs Calimbayan,291,M50-54,Male,Vancouver,BC,Philippines,PH,0:52:56,3:37:48,3:01:58,0:06:02,0:07:45,7:46:30,3176,13068,10918,362,465,27990,272,239,26,261,228,26,275,243,26,272,239,26,Finisher,700
Colton,Morgan,Colton Morgan,119,M25-29,Male,Chesterfield,MO,United States,US,0:41:46,3:42:13,3:07:55,0:05:54,0:09:18,7:47:07,2506,13333,11275,354,558,28027,273,240,22,119,107,12,266,236,22,273,240,22,Finisher,700
Jan Michael,Canillas,Jan Michael Canillas,250,M45-49,Male,Paranque,NCR,Philippines,PH,0:51:34,3:46:26,2:57:46,0:07:28,0:05:29,7:48:42,3094,13586,10666,448,329,28122,274,241,39,245,212,36,284,250,41,274,241,39,Finisher,700
Niko Kim Timothy,Regla,Niko Kim Timothy Regla,124,M30-34,Male,Maunlad,"Puerto Princesa City, Palawan",Philippines,PH,0:58:50,3:49:44,2:51:17,0:04:28,0:06:10,7:50:29,3530,13784,10277,268,370,28229,275,242,38,283,247,37,289,255,39,275,242,38,Finisher,700
William Delarama,Veto,William Delarama Veto,326,M60-64,Male,New York,NY,Philippines,PH,0:47:16,3:23:24,3:20:37,0:08:24,0:12:42,7:52:24,2836,12204,12037,504,762,28344,276,243,7,201,175,6,247,220,7,276,243,7,Finisher,816
John Patrick,De Mesa,John Patrick De Mesa,187,M35-39,Male,Bacoor,,Philippines,PH,0:58:55,3:17:19,3:20:37,0:07:36,0:08:30,7:52:57,3535,11839,12037,456,510,28377,277,244,39,285,249,40,258,228,38,277,244,39,Finisher,700
Lawrence,Maliwat,Lawrence Maliwat,176,M35-39,Male,Pulung Maragul Angeles City,PH-PAM,Philippines,PH,0:51:31,3:42:57,3:08:00,0:05:19,0:06:11,7:53:58,3091,13377,11280,319,371,28438,278,245,40,244,211,35,277,245,39,278,245,40,Finisher,700
Patrick Louie,Maglaya,Patrick Louie Maglaya,203,M40-44,Male,San Fernando,PH-PAM,Philippines,PH,1:00:41,3:23:48,3:10:27,0:07:07,0:12:14,7:54:17,3641,12228,11427,427,734,28457,279,246,48,289,253,50,268,238,46,279,246,48,Finisher,700
Edwin Jr.,Vargas ,Edwin Jr. Vargas,344,M50-54,Male,Paranaque,PH-00,Philippines,PH,1:00:04,3:35:55,3:09:02,0:04:37,0:05:22,7:55:01,3604,12955,11342,277,322,28501,280,247,27,287,251,28,279,246,28,280,247,27,Finisher,700
Paul Warren,Saludez,Paul Warren Saludez,247,M45-49,Male,Puerto Princesa City,,Philippines,PH,0:51:59,3:35:34,3:14:10,0:05:58,0:09:19,7:57:01,3119,12934,11650,358,559,28621,281,248,40,248,215,38,272,242,40,281,248,40,Finisher,700
Gian Karlo,Cordova,Gian Karlo Cordova,226,M40-44,Male,"Sto. Domingo, Cainta",Rizal,Philippines,PH,1:02:45,3:22:58,3:20:17,0:06:22,0:07:48,8:00:10,3765,12178,12017,382,468,28810,282,249,49,293,256,51,269,239,47,282,249,49,Finisher,700
Serg,Jayson,Serg Jayson,153,M30-34,Male,Magug po north,Davao del norte,Philippines,PH,1:07:00,3:29:09,3:16:51,0:06:44,0:08:09,8:07:54,4020,12549,11811,404,489,29274,283,250,39,294,257,39,282,249,37,283,250,39,Finisher,700
Mark Lawrence,Cruz,Mark Lawrence Cruz,214,M40-44,Male,Catalunan Pequeño,,Philippines,PH,0:58:18,3:38:44,3:22:34,0:04:09,0:06:08,8:09:52,3498,13124,12154,249,368,29392,284,251,50,281,246,48,280,247,49,284,251,50,Finisher,700
Terukazu,Shibata,Terukazu Shibata,51,M65-69,Male,"Miyoshi-city,",,Japan,JP,0:54:08,3:50:10,3:08:49,0:06:37,0:13:08,8:12:51,3248,13810,11329,397,788,29571,285,252,3,269,235,2,288,254,3,285,252,3,Finisher,1572
Meeren,Aguilar,Meeren Aguilar,402,F25-29,Female,"Poblacion II, Nagcarlan",Laguna,Philippines,PH,0:45:59,3:49:56,3:26:26,0:04:08,0:07:06,8:13:34,2759,13796,12386,248,426,29614,286,34,8,187,25,6,278,33,8,286,34,8,Finisher,700
Bernard,Tan,Bernard Tan,264,M45-49,Male,,,Singapore,SG,0:50:28,4:10:15,3:02:48,0:03:45,0:06:28,8:13:44,3028,15015,10968,225,388,29624,287,253,41,231,201,33,292,256,42,287,253,41,Finisher,700
Charmaine Jan,Centeno,Charmaine Jan Centeno,425,F40-44,Female,"ususan, taguig city",Metro Manila,Philippines,PH,0:57:15,3:51:05,3:13:17,0:05:18,0:06:50,8:13:44,3435,13865,11597,318,410,29624,288,35,4,279,35,4,290,35,4,288,35,4,Finisher,1102
Edgar,Meneses,Edgar Meneses,299,M50-54,Male,Del Carmen City of San Fernando ,PH-PAM,Philippines,PH,0:50:11,3:43:38,3:23:54,0:05:26,0:12:05,8:15:15,3011,13418,12234,326,725,29715,289,254,28,227,197,21,276,244,27,289,254,28,Finisher,700
"Romeo ""Moling""",Benitez,"Romeo ""Moling"" Benitez",248,M45-49,Male,Brentwood,California,Philippines,PH,0:47:40,3:29:19,3:40:15,0:07:29,0:10:47,8:15:30,2860,12559,13215,449,647,29730,290,255,42,204,178,28,260,230,36,290,255,42,Finisher,700
Jesus,"Fresco, Jr.","Jesus Fresco, Jr.",332,M60-64,Male,"Talon 2,",PH-00,Philippines,PH,1:01:11,3:42:30,3:19:55,0:04:53,0:07:11,8:15:40,3671,13350,11995,293,431,29740,291,256,8,291,254,8,287,253,8,291,256,8,Finisher,700
Rowena,GERVO,Rowena GERVO,429,F45-49,Female,INDANG,CAVITE,Philippines,PH,0:58:44,3:54:54,3:09:12,0:05:38,0:08:10,8:16:37,3524,14094,11352,338,490,29797,292,36,5,282,36,5,291,36,5,292,36,5,Finisher,1566
Bryan Jules Dave,Paculan,Bryan Jules Dave Paculan,199,M40-44,Male,Dubai,DXB,Philippines,PH,0:53:32,4:10:45,2:59:11,0:05:38,0:14:36,8:23:43,3212,15045,10751,338,876,30223,293,257,51,265,232,43,293,257,51,293,257,51,Finisher,700
Jo,Cudmore,Jo Cudmore,437,F60-64,Female,Zamboanguita,Negros Oriental,United Kingdom,GB,0:47:59,4:32:29,2:56:19,0:04:15,0:07:45,8:28:46,2879,16349,10579,255,465,30526,294,37,1,211,28,1,294,37,1,294,37,1,Finisher,3500
Haifeng,Ye,Haifeng Ye,276,M45-49,Male,广东省,广东省,China,CN,,,,0:00:00,0:00:00,,0,0,0,0,0,0,99999,99999,99999,99999,99999,99999,99999,99999,99999,99999,99999,99999,DNS,0
Francis Philip,Escalante,Francis Philip Escalante,207,M40-44,Male,Basak,"Lapu Lapu, Cebu",Philippines,PH,,,,0:00:00,0:00:00,,0,0,0,0,0,0,99999,99999,99999,99999,99999,99999,99999,99999,99999,99999,99999,99999,DNS,0
Justin Jay,Ramos,Justin Jay Ramos,109,M25-29,Male,Cupang,Rizal,Philippines,PH,,,,0:00:00,0:00:00,,0,0,0,0,0,0,99999,99999,99999,99999,99999,99999,99999,99999,99999,99999,99999,99999,DNS,0
Jeremias,Balgos,Jeremias Balgos,284,M50-54,Male,Cupertino,CA,United States,US,,,,0:00:00,0:00:00,,0,0,0,0,0,0,99999,99999,99999,99999,99999,99999,99999,99999,99999,99999,99999,99999,DNS,0
Rufino Miguel,Sison,Rufino Miguel Sison,186,M35-39,Male,Baguio City,Benguet,Philippines,PH,0:49:03,4:44:18,,0:03:49,0:00:00,,2943,17058,0,229,0,0,99999,99999,99999,99999,99999,99999,99999,99999,99999,99999,99999,99999,DNF,0
Alvin John,Quimzon,Alvin John Quimzon,127,M30-34,Male,doha,doha,Philippines,PH,,,,0:00:00,0:00:00,,0,0,0,0,0,0,99999,99999,99999,99999,99999,99999,99999,99999,99999,99999,99999,99999,DNS,0
Kento,Niimi,Kento Niimi,64,M25-29,Male,Suita,Osaka,Japan,JP,0:36:55,,,0:57:26,0:00:00,,2215,0,0,3446,0,0,99999,99999,99999,99999,99999,99999,99999,99999,99999,99999,99999,99999,DNF,0
Anirudh,Krishnan,Anirudh Krishnan,138,M30-34,Male,,,India,IN,,,,0:00:00,0:00:00,,0,0,0,0,0,0,99999,99999,99999,99999,99999,99999,99999,99999,99999,99999,99999,99999,DNS,0
Garvin Zper,Palad,Garvin Zper Palad,160,M35-39,Male,Sta rosa,Nueva ecija,Philippines,PH,,,,0:00:00,0:00:00,,0,0,0,0,0,0,99999,99999,99999,99999,99999,99999,99999,99999,99999,99999,99999,99999,DNS,0
Jet,Gambito,Jet Gambito,270,M45-49,Male,"Don Mariano Perez, Bayombong",Nueva Vizcaya,Philippines,PH,,,,0:00:00,0:00:00,,0,0,0,0,0,0,99999,99999,99999,99999,99999,99999,99999,99999,99999,99999,99999,99999,DNS,0
Alex,Thio,Alex Thio,175,M35-39,Male,Singapore,Singapore,Singapore,SG,,,,0:00:00,0:00:00,,0,0,0,0,0,0,99999,99999,99999,99999,99999,99999,99999,99999,99999,99999,99999,99999,DNS,0
Fernando Javier,Hernandez Ortiz,Fernando Javier Hernandez Ortiz,235,M40-44,Male,Houston,TX,Mexico,MX,,,,0:00:00,0:00:00,,0,0,0,0,0,0,99999,99999,99999,99999,99999,99999,99999,99999,99999,99999,99999,99999,DNS,0
力,盛,力 盛,210,M40-44,Male,Chongqing,Chongqing,China,CN,,,,0:00:00,0:00:00,,0,0,0,0,0,0,99999,99999,99999,99999,99999,99999,99999,99999,99999,99999,99999,99999,DNS,0
Govelson,Barcenas,Govelson Barcenas,141,M30-34,Male,Manila,Metro manila,Philippines,PH,,,,0:00:00,0:00:00,,0,0,0,0,0,0,99999,99999,99999,99999,99999,99999,99999,99999,99999,99999,99999,99999,DNS,0
Francesco,Berre,Francesco Berre,244,M40-44,Male,Tawala/Panglao,Bohol,Italy,IT,,,,0:00:00,0:00:00,,0,0,0,0,0,0,99999,99999,99999,99999,99999,99999,99999,99999,99999,99999,99999,99999,DNS,0
Nerza Marie,Del Rosario,Nerza Marie Del Rosario,72,F45-49,Female,Tondo,Manila,Philippines,PH,0:53:42,,,0:04:38,0:00:00,,3222,0,0,278,0,0,99999,99999,99999,99999,99999,99999,99999,99999,99999,99999,99999,99999,DNF,0
Gene Carlo,Esguerra,Gene Carlo Esguerra,233,M40-44,Male,Holy Spirit,Quezon City,Philippines,PH,0:32:51,5:05:06,,0:02:54,0:00:00,,1971,18306,0,174,0,0,99999,99999,99999,99999,99999,99999,99999,99999,99999,99999,99999,99999,DNF,0
Mayo,Valencia,Mayo Valencia,220,M40-44,Male,Bancao Bancao,Palawan,Philippines,PH,,,,0:00:00,0:00:00,,0,0,0,0,0,0,99999,99999,99999,99999,99999,99999,99999,99999,99999,99999,99999,99999,DNS,0
Jose Mario,Follosco,Jose Mario Follosco,222,M40-44,Male,bagong bayan san pablo,laguna,Philippines,PH,,,,0:00:00,0:00:00,,0,0,0,0,0,0,99999,99999,99999,99999,99999,99999,99999,99999,99999,99999,99999,99999,DNS,0
Raymond,Borromeo,Raymond Borromeo,294,M50-54,Male,Singapore,,Philippines,PH,,,,0:00:00,0:00:00,,0,0,0,0,0,0,99999,99999,99999,99999,99999,99999,99999,99999,99999,99999,99999,99999,DNS,0
Cynthia,Lim,Cynthia Lim,440,F45-49,Female,,,Singapore,SG,,,,0:00:00,0:00:00,,0,0,0,0,0,0,99999,99999,99999,99999,99999,99999,99999,99999,99999,99999,99999,99999,DNS,0
John Reynald,Alforte,John Reynald Alforte,123,M30-34,Male,Brgy Navarro,"General Trias City, Cavite",Philippines,PH,,,,0:00:00,0:00:00,,0,0,0,0,0,0,99999,99999,99999,99999,99999,99999,99999,99999,99999,99999,99999,99999,DNF,0
Anthony,Fusingan,Anthony Fusingan,266,M45-49,Male,Las Pinas,NCR,Philippines,PH,,,,0:00:00,0:00:00,,0,0,0,0,0,0,99999,99999,99999,99999,99999,99999,99999,99999,99999,99999,99999,99999,DNF,0
Shanmugam,Karuppusamy,Shanmugam Karuppusamy,273,M45-49,Male,Chennai,Tamil Nadu,India,IN,,,,0:00:00,0:00:00,,0,0,0,0,0,0,99999,99999,99999,99999,99999,99999,99999,99999,99999,99999,99999,99999,DNS,0
Taddeius,Almarvez,Taddeius Almarvez,320,M55-59,Male,Palasan Sta Cruz,Laguna,Philippines,PH,,,,0:00:00,0:00:00,,0,0,0,0,0,0,99999,99999,99999,99999,99999,99999,99999,99999,99999,99999,99999,99999,DNS,0
Roberto,Ong,Roberto Ong,334,M65-69,Male,Brgy. Concepcion,San Pablo City,Philippines,PH,,,,0:00:00,0:00:00,,0,0,0,0,0,0,99999,99999,99999,99999,99999,99999,99999,99999,99999,99999,99999,99999,DNS,0
Ambrose,Wong,Ambrose Wong,131,M30-34,Male,Hong Kong,Hong Kong,Hong Kong,HK,,,,0:00:00,0:00:00,,0,0,0,0,0,0,99999,99999,99999,99999,99999,99999,99999,99999,99999,99999,99999,99999,DNS,0
Jose Vergel,Reyes,Jose Vergel Reyes,211,M40-44,Male,quezon,,Philippines,PH,0:41:42,,,0:00:00,0:00:00,,2502,0,0,0,0,0,99999,99999,99999,99999,99999,99999,99999,99999,99999,99999,99999,99999,DNF,0
Alejandra,Escamilla Gutierrez,Alejandra Escamilla Gutierrez,418,F35-39,Female,Barcelona,,Colombia,CO,0:43:08,3:17:43,1:48:20,0:04:58,0:06:18,6:00:27,2588,11863,6500,298,378,21627,99999,99999,99999,99999,99999,99999,99999,99999,99999,99999,99999,99999,DNF,0
Mary-Anne,Elkington,Mary-Anne Elkington,436,F55-59,Female,Gold Coast,QLD,United Kingdom,GB,0:36:40,2:48:37,,0:03:12,0:03:48,,2200,10117,0,192,228,0,99999,99999,99999,99999,99999,99999,99999,99999,99999,99999,99999,99999,DNF,0
John Shauen,Sanchez,John Shauen Sanchez,409,F30-34,Female,,,Philippines,PH,,,,0:00:00,0:00:00,,0,0,0,0,0,0,99999,99999,99999,99999,99999,99999,99999,99999,99999,99999,99999,99999,DNS,0
Cris,Ipanag,Cris Ipanag,209,M40-44,Male,lumbia,,Philippines,PH,0:54:19,,,0:03:36,0:00:00,,3259,0,0,216,0,0,99999,99999,99999,99999,99999,99999,99999,99999,99999,99999,99999,99999,DNF,0
Manuel,Dela Serna,Manuel Dela Serna,321,M55-59,Male,Makati City,Intl State,Philippines,PH,,,,0:00:00,0:00:00,,0,0,0,0,0,0,99999,99999,99999,99999,99999,99999,99999,99999,99999,99999,99999,99999,DNS,0
Swadeep,Chansrichavala,Swadeep Chansrichavala,162,M35-39,Male,Bangkok,Bangkok,Thailand,TH,,,,0:00:00,0:00:00,,0,0,0,0,0,0,99999,99999,99999,99999,99999,99999,99999,99999,99999,99999,99999,99999,DNS,0
Eiki,Nakatsuka,Eiki Nakatsuka,195,M35-39,Male,渋谷区渋谷,JP-13,Japan,JP,,,,0:00:00,0:00:00,,0,0,0,0,0,0,99999,99999,99999,99999,99999,99999,99999,99999,99999,99999,99999,99999,DNS,0
Jeremy,Banatin,Jeremy Banatin,208,M40-44,Male,"Kapasigan, Pasig",Metro Manila,Philippines,PH,,,,0:00:00,0:00:00,,0,0,0,0,0,0,99999,99999,99999,99999,99999,99999,99999,99999,99999,99999,99999,99999,DNS,0
Jeroen,De Haas,Jeroen De Haas,216,M40-44,Male,davao city,Davao del Sur,Netherlands,NL,,,,0:00:00,0:00:00,,0,0,0,0,0,0,99999,99999,99999,99999,99999,99999,99999,99999,99999,99999,99999,99999,DNS,0
Justin,Baziuk,Justin Baziuk,219,M40-44,Male,Lumpini,KRUNG THEP MAHA NAKHON,New Zealand,NZ,0:35:14,3:46:07,3:51:32,0:07:15,0:10:05,8:30:12,2114,13567,13892,435,605,30612,99999,99999,99999,99999,99999,99999,99999,99999,99999,99999,99999,99999,Unofficial,0
Andrei,Sajulga,Andrei Sajulga,358,M18-24,Male,Malaybalay,PH-BUK,Philippines,PH,0:33:03,2:27:13,,0:01:47,0:03:00,,1983,8833,0,107,180,0,99999,99999,99999,99999,99999,99999,99999,99999,99999,99999,99999,99999,DNF,0
Mingqi,Mou,Mingqi Mou,420,F35-39,Female,重庆,重庆,China,CN,,,,0:00:00,0:00:00,,0,0,0,0,0,0,99999,99999,99999,99999,99999,99999,99999,99999,99999,99999,99999,99999,DNS,0
Kristen,Baldwin,Kristen Baldwin,412,F30-34,Female,Hubert,NC,United States,US,,,,0:00:00,0:00:00,,0,0,0,0,0,0,99999,99999,99999,99999,99999,99999,99999,99999,99999,99999,99999,99999,DNS,0
Sebastian,Maier,Sebastian Maier,152,M30-34,Male,Baden-Württemberg - Bretzfeld,,Germany,DE,,,,0:00:00,0:00:00,,0,0,0,0,0,0,99999,99999,99999,99999,99999,99999,99999,99999,99999,99999,99999,99999,DNS,0
Kazuhiro,Narito,Kazuhiro Narito,314,M55-59,Male,Shibuya,JP-13,Japan,JP,,,,0:00:00,0:00:00,,0,0,0,0,0,0,99999,99999,99999,99999,99999,99999,99999,99999,99999,99999,99999,99999,DNS,0
Jonathan,Pagaura,Jonathan Pagaura,112,M25-29,Male,Maribojoc,Bohol,Philippines,PH,,,,0:00:00,0:00:00,,0,0,0,0,0,0,99999,99999,99999,99999,99999,99999,99999,99999,99999,99999,99999,99999,DNS,0
Yoejan,Prudente,Yoejan Prudente,56,M18-24,Male,Sun Valley Bicutan,PH-00,Philippines,PH,,,,0:00:00,0:00:00,,0,0,0,0,0,0,99999,99999,99999,99999,99999,99999,99999,99999,99999,99999,99999,99999,DNS,0
Valentin,Hay,Valentin Hay,171,M35-39,Male,Phnom Penh,Phnom Penh,Cambodia,KH,,,,0:00:00,0:00:00,,0,0,0,0,0,0,99999,99999,99999,99999,99999,99999,99999,99999,99999,99999,99999,99999,DNS,0
Louis,Haseman,Louis Haseman,182,M35-39,Male,Bangkok,Bangkok,United Kingdom,GB,,,,0:00:00,0:00:00,,0,0,0,0,0,0,99999,99999,99999,99999,99999,99999,99999,99999,99999,99999,99999,99999,DNS,0
Emir Anthony,Fontanilla,Emir Anthony Fontanilla,351,M40-44,Male,Bacood Sta. Mesa,,Philippines,PH,1:14:02,,,0:00:00,0:00:00,,4442,0,0,0,0,0,99999,99999,99999,99999,99999,99999,99999,99999,99999,99999,99999,99999,DNF,0
Jason,Mckinney,Jason Mckinney,130,M30-34,Male,Oakland,CA,United States,US,,,,0:00:00,0:00:00,,0,0,0,0,0,0,99999,99999,99999,99999,99999,99999,99999,99999,99999,99999,99999,99999,DNS,0
Gene Robert,Rebote,Gene Robert Rebote,170,M35-39,Male,Davao City,DAS,Philippines,PH,,,,0:00:00,0:00:00,,0,0,0,0,0,0,99999,99999,99999,99999,99999,99999,99999,99999,99999,99999,99999,99999,DNS,0
Jomel,Lastimosa,Jomel Lastimosa,132,M30-34,Male,Talavera,NUEVA ECIJA,Philippines,PH,,,,0:00:00,0:00:00,,0,0,0,0,0,0,99999,99999,99999,99999,99999,99999,99999,99999,99999,99999,99999,99999,DNS,0
Kim,Franza,Kim Franza,108,M25-29,Male,Brgy. Valenzuela,Metro Manila,Philippines,PH,,,,0:00:00,0:00:00,,0,0,0,0,0,0,99999,99999,99999,99999,99999,99999,99999,99999,99999,99999,99999,99999,DNS,0
Reagan,Rico,Reagan Rico,177,M35-39,Male,Alaminos,Laguna,Philippines,PH,,,,0:00:00,0:00:00,,0,0,0,0,0,0,99999,99999,99999,99999,99999,99999,99999,99999,99999,99999,99999,99999,DNS,0
Jeffrey,Nijstad,Jeffrey Nijstad,135,M30-34,Male,Jakarta,JA,Netherlands,NL,,,,0:00:00,0:00:00,,0,0,0,0,0,0,99999,99999,99999,99999,99999,99999,99999,99999,99999,99999,99999,99999,DNS,0
Andrew,Ng,Andrew Ng,173,M35-39,Male,,,Singapore,SG,,,,0:00:00,0:00:00,,0,0,0,0,0,0,99999,99999,99999,99999,99999,99999,99999,99999,99999,99999,99999,99999,DNS,0
Tang,Pei Hong,Tang Pei Hong,341,M55-59,Male,Johor,malaysia,Malaysia,MY,0:54:26,4:09:46,,0:08:30,0:08:54,,3266,14986,0,510,534,0,99999,99999,99999,99999,99999,99999,99999,99999,99999,99999,99999,99999,DNF,0
Kok,Lee Min,Kok Lee Min,428,F45-49,Female,Mont Kiara,Kuala Lumpur,Malaysia,MY,,,,0:00:00,0:00:00,,0,0,0,0,0,0,99999,99999,99999,99999,99999,99999,99999,99999,99999,99999,99999,99999,DNS,0
Peiyu,Li,Peiyu Li,223,M40-44,Male,重庆,CN-CQ,China,CN,,,,0:00:00,0:00:00,,0,0,0,0,0,0,99999,99999,99999,99999,99999,99999,99999,99999,99999,99999,99999,99999,DNS,0
Felipe Jr,Son,Felipe Jr Son,290,M50-54,Male,"Madasigon, Molave",ZAMBOANGA DEL SUR,Philippines,PH,,,,0:00:00,0:00:00,,0,0,0,0,0,0,99999,99999,99999,99999,99999,99999,99999,99999,99999,99999,99999,99999,DNS,0
Celedonio,Quinto,Celedonio Quinto,310,M55-59,Male,Sta. Monica,,Philippines,PH,,,,0:00:00,0:00:00,,0,0,0,0,0,0,99999,99999,99999,99999,99999,99999,99999,99999,99999,99999,99999,99999,DNS,0
Franzel,Cilliers,Franzel Cilliers,411,F30-34,Female,Swindon,,South Africa,ZA,,,,0:00:00,0:00:00,,0,0,0,0,0,0,99999,99999,99999,99999,99999,99999,99999,99999,99999,99999,99999,99999,DNS,0
Sacha,Cheong,Sacha Cheong,292,M50-54,Male,Hong Kong,Hong Kong,Hong Kong,HK,0:41:19,,,0:03:30,0:00:00,,2479,0,0,210,0,0,99999,99999,99999,99999,99999,99999,99999,99999,99999,99999,99999,99999,DNF,0
Denis,Berdnikov,Denis Berdnikov,385,M50-54,Male,"Moscow, Scherbinka",Moscow,Unknown,,0:50:13,,,0:14:02,0:00:00,,3013,0,0,842,0,0,99999,99999,99999,99999,99999,99999,99999,99999,99999,99999,99999,99999,DNF,0
Sid,Arsalon,Sid Arsalon,288,PC/ID,Male,Pearland,TX,United States,US,0:50:38,3:55:41,3:21:21,0:11:34,0:20:46,8:40:01,3038,14141,12081,694,1246,31201,99999,99999,99999,99999,99999,99999,99999,99999,99999,99999,99999,99999,DNF,0
Josef Ryan,Soriano,Josef Ryan Soriano,262,M45-49,Male,Brgy San Roque Cubao Quezon City,Manila,Philippines,PH,,,,0:00:00,0:00:00,,0,0,0,0,0,0,99999,99999,99999,99999,99999,99999,99999,99999,99999,99999,99999,99999,DNS,0
Jonell,De Leon,Jonell De Leon,155,M35-39,Male,Puerto Princesa,Palawan,Philippines,PH,,,,0:00:00,0:00:00,,0,0,0,0,0,0,99999,99999,99999,99999,99999,99999,99999,99999,99999,99999,99999,99999,DNS,0
Christopher,Gesulga,Christopher Gesulga,189,M35-39,Male,Makati,00,Philippines,PH,1:13:49,,,0:16:54,0:00:00,,4429,0,0,1014,0,0,99999,99999,99999,99999,99999,99999,99999,99999,99999,99999,99999,99999,DNF,0
Jiffy,Chua,Jiffy Chua,308,M50-54,Male,Manila,PH-00,Philippines,PH,0:51:08,4:43:12,,0:03:09,0:00:00,,3068,16992,0,189,0,0,99999,99999,99999,99999,99999,99999,99999,99999,99999,99999,99999,99999,DNF,0
Jesus Joey,Marcelo,Jesus Joey Marcelo,298,M50-54,Male,Pasig,NCR,Philippines,PH,,,,0:00:00,0:00:00,,0,0,0,0,0,0,99999,99999,99999,99999,99999,99999,99999,99999,99999,99999,99999,99999,DNS,0
Lyle  X,Dadulo,Lyle  X Dadulo,261,M45-49,Male,"AGOHO, MAMBAJAO",CAMIGUIN,Philippines,PH,,,,0:00:00,0:00:00,,0,0,0,0,0,0,99999,99999,99999,99999,99999,99999,99999,99999,99999,99999,99999,99999,DNS,0
Magnus,Kaeldso,Magnus Kaeldso,145,M30-34,Male,"
Copenhagen SV",,Denmark,DK,,,,0:00:00,0:00:00,,0,0,0,0,0,0,99999,99999,99999,99999,99999,99999,99999,99999,99999,99999,99999,99999,DNS,0
Roel,Robles,Roel Robles,318,M55-59,Male,Singapore,02,Singapore,SG,,,,0:00:00,0:00:00,,0,0,0,0,0,0,99999,99999,99999,99999,99999,99999,99999,99999,99999,99999,99999,99999,DNS,0
Yohei,Murase,Yohei Murase,327,M60-64,Male,"Shirasagi 3-18-2, Nakano-ku",Tokyo,Japan,JP,,,,0:00:00,0:00:00,,0,0,0,0,0,0,99999,99999,99999,99999,99999,99999,99999,99999,99999,99999,99999,99999,DNS,0
Jeffrey James,Corro,Jeffrey James Corro,134,M30-34,Male,Guadalupe,Cebu,Philippines,PH,,,,0:00:00,0:00:00,,0,0,0,0,0,0,99999,99999,99999,99999,99999,99999,99999,99999,99999,99999,99999,99999,DNS,0
HIDETAKA,HAMAJIMA,HIDETAKA HAMAJIMA,230,M40-44,Male,Minaminaruse  Machida City,TOKYO,Japan,JP,,,,0:00:00,0:00:00,,0,0,0,0,0,0,99999,99999,99999,99999,99999,99999,99999,99999,99999,99999,99999,99999,DNS,0
Ahmed,Khalifa,Ahmed Khalifa,267,M45-49,Male,Doha,Qatar,Egypt,EG,,,,0:00:00,0:00:00,,0,0,0,0,0,0,99999,99999,99999,99999,99999,99999,99999,99999,99999,99999,99999,99999,DNS,0
Sabina,Ossyra,Sabina Ossyra,401,F25-29,Female,Werneck,,Germany,DE,,,,0:00:00,0:00:00,,0,0,0,0,0,0,99999,99999,99999,99999,99999,99999,99999,99999,99999,99999,99999,99999,DNS,0
Ken,Takahashi,Ken Takahashi,215,M40-44,Male,Minato-ku,JP-13,Japan,JP,,,,0:00:00,0:00:00,,0,0,0,0,0,0,99999,99999,99999,99999,99999,99999,99999,99999,99999,99999,99999,99999,DNS,0
Lee,Harkleroad,Lee Harkleroad,382,M65-69,Male,LAKE BLUFF,IL,United States,US,0:43:26,3:34:28,,0:07:48,0:12:42,,2606,12868,0,468,762,0,99999,99999,99999,99999,99999,99999,99999,99999,99999,99999,99999,99999,DNF,0
Greig,Ramsay,Greig Ramsay,174,M35-39,Male,Hong Kong,Hong Kong,United Kingdom,GB,,,,0:00:00,0:00:00,,0,0,0,0,0,0,99999,99999,99999,99999,99999,99999,99999,99999,99999,99999,99999,99999,DNS,0
Andrew,Bennett,Andrew Bennett,301,M50-54,Male,Dasmarinas Village,Metro Manila,United Kingdom,GB,,,,0:00:00,0:00:00,,0,0,0,0,0,0,99999,99999,99999,99999,99999,99999,99999,99999,99999,99999,99999,99999,DNS,0
David,Smith,David Smith,316,M55-59,Male,Toronto,ON,Canada,CA,,,,0:00:00,0:00:00,,0,0,0,0,0,0,99999,99999,99999,99999,99999,99999,99999,99999,99999,99999,99999,99999,DNS,0
Nestor,Ramirez,Nestor Ramirez,305,M50-54,Male,los banos laguna,laguna,Philippines,PH,,,,0:00:00,0:00:00,,0,0,0,0,0,0,99999,99999,99999,99999,99999,99999,99999,99999,99999,99999,99999,99999,DNS,0
Ann Marie,Lim,Ann Marie Lim,424,F35-39,Female,Ungka,Iloilo city,Philippines,PH,,,,0:00:00,0:00:00,,0,0,0,0,0,0,99999,99999,99999,99999,99999,99999,99999,99999,99999,99999,99999,99999,DNS,0
Yune,Une,Yune Une,415,F35-39,Female,Malaysia,Selangor,Malaysia,MY,,,,0:00:00,0:00:00,,0,0,0,0,0,0,99999,99999,99999,99999,99999,99999,99999,99999,99999,99999,99999,99999,DNS,0
Kilhak,Kunimoto,Kilhak Kunimoto,65,M70-74,Male,TAMUNING,GU,Guam,GU,,,,0:00:00,0:00:00,,0,0,0,0,0,0,99999,99999,99999,99999,99999,99999,99999,99999,99999,99999,99999,99999,DNS,0
Damion,Toney,Damion Toney,258,M45-49,Male,MERMAID WATERS,QLD,Australia,AU,,,,0:00:00,0:00:00,,0,0,0,0,0,0,99999,99999,99999,99999,99999,99999,99999,99999,99999,99999,99999,99999,DNS,0
Noritomo,Miyazawa,Noritomo Miyazawa,317,M55-59,Male,"suginami,horinouchi",tokyo,Japan,JP,,,,0:00:00,0:00:00,,0,0,0,0,0,0,99999,99999,99999,99999,99999,99999,99999,99999,99999,99999,99999,99999,DNS,0
Jomick,Lumawig,Jomick Lumawig,256,M45-49,Male,Kapitolyo,"PASIG, METRO MANILA",Philippines,PH,,,,0:00:00,0:00:00,,0,0,0,0,0,0,99999,99999,99999,99999,99999,99999,99999,99999,99999,99999,99999,99999,DNS,0
Gregory Francis,Banzon,Gregory Francis Banzon,322,M55-59,Male,Muntinlupa City,PH-00,Philippines,PH,,,,0:00:00,0:00:00,,0,0,0,0,0,0,99999,99999,99999,99999,99999,99999,99999,99999,99999,99999,99999,99999,DNS,0
Mark,Ibon,Mark Ibon,202,M40-44,Male,San Miguel,Puerto Princesa City Palawan,Philippines,PH,,,,0:00:00,0:00:00,,0,0,0,0,0,0,99999,99999,99999,99999,99999,99999,99999,99999,99999,99999,99999,99999,DNS,0
